适用于 .NET Framework MSBuild 版本 17.12.6+db5f6012c

  1>Checking Build System
  Building Custom Rule D:/10_Source_Repos/21_robot/RobWork/build/acc-wp24-t09-wt/RobWork/RobWork/ext/rwpqp/PQP/CMakeLists.txt
  PQP.cpp
  Build.cpp
  BV.cpp
  TriDist.cpp
  pqp.vcxproj -> D:\10_Source_Repos\21_robot\RobWork\build\acc-wp24-t09-bld\RobWork\libs\Release\pqp.lib
  Automatic MOC for target qtpropertybrowser
  Generating qrc_qtpropertybrowser.cpp
  Building Custom Rule D:/10_Source_Repos/21_robot/RobWork/build/acc-wp24-t09-wt/RobWork/RobWorkStudio/ext/qtpropertybrowser/CMakeLists.txt
  qtpropertybrowser.cpp
  qtpropertymanager.cpp
  qteditorfactory.cpp
  qtvariantproperty.cpp
  qttreepropertybrowser.cpp
  qtbuttonpropertybrowser.cpp
  qtgroupboxpropertybrowser.cpp
  qtpropertybrowserutils.cpp
  qrc_qtpropertybrowser.cpp
  mocs_compilation_Release.cpp
D:\10_Source_Repos\21_robot\RobWork\build\acc-wp24-t09-wt\RobWork\RobWorkStudio\ext\qtpropertybrowser\src\qtvariantproperty.cpp(397,26): warning C4996: 'QVariant::Type': Use QMetaType::Type instead. [D:\10_Source_Repos\21_robot\RobWork\build\acc-wp24-t09-bld\RobWorkStudio\ext\qtpropertybrowser\qtpropertybrowser.vcxproj]
      D:\software\QT\6.11.1\msvc2022_64\include\QtCore\qvariant.h(149,70):
      参见“QVariant::Type”的声明
  
D:\10_Source_Repos\21_robot\RobWork\build\acc-wp24-t09-wt\RobWork\RobWorkStudio\ext\qtpropertybrowser\src\qtvariantproperty.cpp(401,26): warning C4996: 'QVariant::Type': Use QMetaType::Type instead. [D:\10_Source_Repos\21_robot\RobWork\build\acc-wp24-t09-bld\RobWorkStudio\ext\qtpropertybrowser\qtpropertybrowser.vcxproj]
      D:\software\QT\6.11.1\msvc2022_64\include\QtCore\qvariant.h(149,70):
      参见“QVariant::Type”的声明
  
D:\10_Source_Repos\21_robot\RobWork\build\acc-wp24-t09-wt\RobWork\RobWorkStudio\ext\qtpropertybrowser\src\qtvariantproperty.cpp(403,26): warning C4996: 'QVariant::Type': Use QMetaType::Type instead. [D:\10_Source_Repos\21_robot\RobWork\build\acc-wp24-t09-bld\RobWorkStudio\ext\qtpropertybrowser\qtpropertybrowser.vcxproj]
      D:\software\QT\6.11.1\msvc2022_64\include\QtCore\qvariant.h(149,70):
      参见“QVariant::Type”的声明
  
D:\10_Source_Repos\21_robot\RobWork\build\acc-wp24-t09-wt\RobWork\RobWorkStudio\ext\qtpropertybrowser\src\qtvariantproperty.cpp(966,46): warning C4996: 'QVariant::Type': Use QMetaType::Type instead. [D:\10_Source_Repos\21_robot\RobWork\build\acc-wp24-t09-bld\RobWorkStudio\ext\qtpropertybrowser\qtpropertybrowser.vcxproj]
      D:\software\QT\6.11.1\msvc2022_64\include\QtCore\qvariant.h(149,70):
      参见“QVariant::Type”的声明
  
D:\10_Source_Repos\21_robot\RobWork\build\acc-wp24-t09-wt\RobWork\RobWorkStudio\ext\qtpropertybrowser\src\qtvariantproperty.cpp(967,55): warning C4996: 'QVariant::Type': Use QMetaType::Type instead. [D:\10_Source_Repos\21_robot\RobWork\build\acc-wp24-t09-bld\RobWorkStudio\ext\qtpropertybrowser\qtpropertybrowser.vcxproj]
      D:\software\QT\6.11.1\msvc2022_64\include\QtCore\qvariant.h(149,70):
      参见“QVariant::Type”的声明
  
D:\10_Source_Repos\21_robot\RobWork\build\acc-wp24-t09-wt\RobWork\RobWorkStudio\ext\qtpropertybrowser\src\qtvariantproperty.cpp(967,99): warning C4996: 'QVariant::Type': Use QMetaType::Type instead. [D:\10_Source_Repos\21_robot\RobWork\build\acc-wp24-t09-bld\RobWorkStudio\ext\qtpropertybrowser\qtpropertybrowser.vcxproj]
      D:\software\QT\6.11.1\msvc2022_64\include\QtCore\qvariant.h(149,70):
      参见“QVariant::Type”的声明
  
D:\10_Source_Repos\21_robot\RobWork\build\acc-wp24-t09-wt\RobWork\RobWorkStudio\ext\qtpropertybrowser\src\qtvariantproperty.cpp(968,55): warning C4996: 'QVariant::Type': Use QMetaType::Type instead. [D:\10_Source_Repos\21_robot\RobWork\build\acc-wp24-t09-bld\RobWorkStudio\ext\qtpropertybrowser\qtpropertybrowser.vcxproj]
      D:\software\QT\6.11.1\msvc2022_64\include\QtCore\qvariant.h(149,70):
      参见“QVariant::Type”的声明
  
D:\10_Source_Repos\21_robot\RobWork\build\acc-wp24-t09-wt\RobWork\RobWorkStudio\ext\qtpropertybrowser\src\qtvariantproperty.cpp(968,99): warning C4996: 'QVariant::Type': Use QMetaType::Type instead. [D:\10_Source_Repos\21_robot\RobWork\build\acc-wp24-t09-bld\RobWorkStudio\ext\qtpropertybrowser\qtpropertybrowser.vcxproj]
      D:\software\QT\6.11.1\msvc2022_64\include\QtCore\qvariant.h(149,70):
      参见“QVariant::Type”的声明
  
D:\10_Source_Repos\21_robot\RobWork\build\acc-wp24-t09-wt\RobWork\RobWorkStudio\ext\qtpropertybrowser\src\qtvariantproperty.cpp(969,55): warning C4996: 'QVariant::Type': Use QMetaType::Type instead. [D:\10_Source_Repos\21_robot\RobWork\build\acc-wp24-t09-bld\RobWorkStudio\ext\qtpropertybrowser\qtpropertybrowser.vcxproj]
      D:\software\QT\6.11.1\msvc2022_64\include\QtCore\qvariant.h(149,70):
      参见“QVariant::Type”的声明
  
D:\10_Source_Repos\21_robot\RobWork\build\acc-wp24-t09-wt\RobWork\RobWorkStudio\ext\qtpropertybrowser\src\qtvariantproperty.cpp(969,102): warning C4996: 'QVariant::Type': Use QMetaType::Type instead. [D:\10_Source_Repos\21_robot\RobWork\build\acc-wp24-t09-bld\RobWorkStudio\ext\qtpropertybrowser\qtpropertybrowser.vcxproj]
      D:\software\QT\6.11.1\msvc2022_64\include\QtCore\qvariant.h(149,70):
      参见“QVariant::Type”的声明
  
D:\10_Source_Repos\21_robot\RobWork\build\acc-wp24-t09-wt\RobWork\RobWorkStudio\ext\qtpropertybrowser\src\qtvariantproperty.cpp(970,55): warning C4996: 'QVariant::Type': Use QMetaType::Type instead. [D:\10_Source_Repos\21_robot\RobWork\build\acc-wp24-t09-bld\RobWorkStudio\ext\qtpropertybrowser\qtpropertybrowser.vcxproj]
      D:\software\QT\6.11.1\msvc2022_64\include\QtCore\qvariant.h(149,70):
      参见“QVariant::Type”的声明
  
D:\10_Source_Repos\21_robot\RobWork\build\acc-wp24-t09-wt\RobWork\RobWorkStudio\ext\qtpropertybrowser\src\qtvariantproperty.cpp(970,100): warning C4996: 'QVariant::Type': Use QMetaType::Type instead. [D:\10_Source_Repos\21_robot\RobWork\build\acc-wp24-t09-bld\RobWorkStudio\ext\qtpropertybrowser\qtpropertybrowser.vcxproj]
      D:\software\QT\6.11.1\msvc2022_64\include\QtCore\qvariant.h(149,70):
      参见“QVariant::Type”的声明
  
D:\10_Source_Repos\21_robot\RobWork\build\acc-wp24-t09-wt\RobWork\RobWorkStudio\ext\qtpropertybrowser\src\qtvariantproperty.cpp(971,40): warning C4996: 'QVariant::Type': Use QMetaType::Type instead. [D:\10_Source_Repos\21_robot\RobWork\build\acc-wp24-t09-bld\RobWorkStudio\ext\qtpropertybrowser\qtpropertybrowser.vcxproj]
      D:\software\QT\6.11.1\msvc2022_64\include\QtCore\qvariant.h(149,70):
      参见“QVariant::Type”的声明
  
D:\10_Source_Repos\21_robot\RobWork\build\acc-wp24-t09-wt\RobWork\RobWorkStudio\ext\qtpropertybrowser\src\qtvariantproperty.cpp(971,57): warning C4996: 'QVariant::Type': Use QMetaType::Type instead. [D:\10_Source_Repos\21_robot\RobWork\build\acc-wp24-t09-bld\RobWorkStudio\ext\qtpropertybrowser\qtpropertybrowser.vcxproj]
      D:\software\QT\6.11.1\msvc2022_64\include\QtCore\qvariant.h(149,70):
      参见“QVariant::Type”的声明
  
D:\10_Source_Repos\21_robot\RobWork\build\acc-wp24-t09-wt\RobWork\RobWorkStudio\ext\qtpropertybrowser\src\qtvariantproperty.cpp(980,46): warning C4996: 'QVariant::Type': Use QMetaType::Type instead. [D:\10_Source_Repos\21_robot\RobWork\build\acc-wp24-t09-bld\RobWorkStudio\ext\qtpropertybrowser\qtpropertybrowser.vcxproj]
      D:\software\QT\6.11.1\msvc2022_64\include\QtCore\qvariant.h(149,70):
      参见“QVariant::Type”的声明
  
D:\10_Source_Repos\21_robot\RobWork\build\acc-wp24-t09-wt\RobWork\RobWorkStudio\ext\qtpropertybrowser\src\qtvariantproperty.cpp(981,55): warning C4996: 'QVariant::Type': Use QMetaType::Type instead. [D:\10_Source_Repos\21_robot\RobWork\build\acc-wp24-t09-bld\RobWorkStudio\ext\qtpropertybrowser\qtpropertybrowser.vcxproj]
      D:\software\QT\6.11.1\msvc2022_64\include\QtCore\qvariant.h(149,70):
      参见“QVariant::Type”的声明
  
D:\10_Source_Repos\21_robot\RobWork\build\acc-wp24-t09-wt\RobWork\RobWorkStudio\ext\qtpropertybrowser\src\qtvariantproperty.cpp(982,23): warning C4996: 'QVariant::Type': Use QMetaType::Type instead. [D:\10_Source_Repos\21_robot\RobWork\build\acc-wp24-t09-bld\RobWorkStudio\ext\qtpropertybrowser\qtpropertybrowser.vcxproj]
      D:\software\QT\6.11.1\msvc2022_64\include\QtCore\qvariant.h(149,70):
      参见“QVariant::Type”的声明
  
D:\10_Source_Repos\21_robot\RobWork\build\acc-wp24-t09-wt\RobWork\RobWorkStudio\ext\qtpropertybrowser\src\qtvariantproperty.cpp(983,55): warning C4996: 'QVariant::Type': Use QMetaType::Type instead. [D:\10_Source_Repos\21_robot\RobWork\build\acc-wp24-t09-bld\RobWorkStudio\ext\qtpropertybrowser\qtpropertybrowser.vcxproj]
      D:\software\QT\6.11.1\msvc2022_64\include\QtCore\qvariant.h(149,70):
      参见“QVariant::Type”的声明
  
D:\10_Source_Repos\21_robot\RobWork\build\acc-wp24-t09-wt\RobWork\RobWorkStudio\ext\qtpropertybrowser\src\qtvariantproperty.cpp(984,23): warning C4996: 'QVariant::Type': Use QMetaType::Type instead. [D:\10_Source_Repos\21_robot\RobWork\build\acc-wp24-t09-bld\RobWorkStudio\ext\qtpropertybrowser\qtpropertybrowser.vcxproj]
      D:\software\QT\6.11.1\msvc2022_64\include\QtCore\qvariant.h(149,70):
      参见“QVariant::Type”的声明
  
D:\10_Source_Repos\21_robot\RobWork\build\acc-wp24-t09-wt\RobWork\RobWorkStudio\ext\qtpropertybrowser\src\qtvariantproperty.cpp(985,55): warning C4996: 'QVariant::Type': Use QMetaType::Type instead. [D:\10_Source_Repos\21_robot\RobWork\build\acc-wp24-t09-bld\RobWorkStudio\ext\qtpropertybrowser\qtpropertybrowser.vcxproj]
      D:\software\QT\6.11.1\msvc2022_64\include\QtCore\qvariant.h(149,70):
      参见“QVariant::Type”的声明
  
D:\10_Source_Repos\21_robot\RobWork\build\acc-wp24-t09-wt\RobWork\RobWorkStudio\ext\qtpropertybrowser\src\qtvariantproperty.cpp(986,23): warning C4996: 'QVariant::Type': Use QMetaType::Type instead. [D:\10_Source_Repos\21_robot\RobWork\build\acc-wp24-t09-bld\RobWorkStudio\ext\qtpropertybrowser\qtpropertybrowser.vcxproj]
      D:\software\QT\6.11.1\msvc2022_64\include\QtCore\qvariant.h(149,70):
      参见“QVariant::Type”的声明
  
D:\10_Source_Repos\21_robot\RobWork\build\acc-wp24-t09-wt\RobWork\RobWorkStudio\ext\qtpropertybrowser\src\qtvariantproperty.cpp(987,55): warning C4996: 'QVariant::Type': Use QMetaType::Type instead. [D:\10_Source_Repos\21_robot\RobWork\build\acc-wp24-t09-bld\RobWorkStudio\ext\qtpropertybrowser\qtpropertybrowser.vcxproj]
      D:\software\QT\6.11.1\msvc2022_64\include\QtCore\qvariant.h(149,70):
      参见“QVariant::Type”的声明
  
D:\10_Source_Repos\21_robot\RobWork\build\acc-wp24-t09-wt\RobWork\RobWorkStudio\ext\qtpropertybrowser\src\qtvariantproperty.cpp(988,23): warning C4996: 'QVariant::Type': Use QMetaType::Type instead. [D:\10_Source_Repos\21_robot\RobWork\build\acc-wp24-t09-bld\RobWorkStudio\ext\qtpropertybrowser\qtpropertybrowser.vcxproj]
      D:\software\QT\6.11.1\msvc2022_64\include\QtCore\qvariant.h(149,70):
      参见“QVariant::Type”的声明
  
D:\10_Source_Repos\21_robot\RobWork\build\acc-wp24-t09-wt\RobWork\RobWorkStudio\ext\qtpropertybrowser\src\qtvariantproperty.cpp(989,55): warning C4996: 'QVariant::Type': Use QMetaType::Type instead. [D:\10_Source_Repos\21_robot\RobWork\build\acc-wp24-t09-bld\RobWorkStudio\ext\qtpropertybrowser\qtpropertybrowser.vcxproj]
      D:\software\QT\6.11.1\msvc2022_64\include\QtCore\qvariant.h(149,70):
      参见“QVariant::Type”的声明
  
D:\10_Source_Repos\21_robot\RobWork\build\acc-wp24-t09-wt\RobWork\RobWorkStudio\ext\qtpropertybrowser\src\qtvariantproperty.cpp(990,19): warning C4996: 'QVariant::Type': Use QMetaType::Type instead. [D:\10_Source_Repos\21_robot\RobWork\build\acc-wp24-t09-bld\RobWorkStudio\ext\qtpropertybrowser\qtpropertybrowser.vcxproj]
      D:\software\QT\6.11.1\msvc2022_64\include\QtCore\qvariant.h(149,70):
      参见“QVariant::Type”的声明
  
D:\10_Source_Repos\21_robot\RobWork\build\acc-wp24-t09-wt\RobWork\RobWorkStudio\ext\qtpropertybrowser\src\qtvariantproperty.cpp(991,40): warning C4996: 'QVariant::Type': Use QMetaType::Type instead. [D:\10_Source_Repos\21_robot\RobWork\build\acc-wp24-t09-bld\RobWorkStudio\ext\qtpropertybrowser\qtpropertybrowser.vcxproj]
      D:\software\QT\6.11.1\msvc2022_64\include\QtCore\qvariant.h(149,70):
      参见“QVariant::Type”的声明
  
D:\10_Source_Repos\21_robot\RobWork\build\acc-wp24-t09-wt\RobWork\RobWorkStudio\ext\qtpropertybrowser\src\qtvariantproperty.cpp(991,60): warning C4996: 'QVariant::Type': Use QMetaType::Type instead. [D:\10_Source_Repos\21_robot\RobWork\build\acc-wp24-t09-bld\RobWorkStudio\ext\qtpropertybrowser\qtpropertybrowser.vcxproj]
      D:\software\QT\6.11.1\msvc2022_64\include\QtCore\qvariant.h(149,70):
      参见“QVariant::Type”的声明
  
D:\10_Source_Repos\21_robot\RobWork\build\acc-wp24-t09-wt\RobWork\RobWorkStudio\ext\qtpropertybrowser\src\qtvariantproperty.cpp(1002,46): warning C4996: 'QVariant::Type': Use QMetaType::Type instead. [D:\10_Source_Repos\21_robot\RobWork\build\acc-wp24-t09-bld\RobWorkStudio\ext\qtpropertybrowser\qtpropertybrowser.vcxproj]
      D:\software\QT\6.11.1\msvc2022_64\include\QtCore\qvariant.h(149,70):
      参见“QVariant::Type”的声明
  
D:\10_Source_Repos\21_robot\RobWork\build\acc-wp24-t09-wt\RobWork\RobWorkStudio\ext\qtpropertybrowser\src\qtvariantproperty.cpp(1003,55): warning C4996: 'QVariant::Type': Use QMetaType::Type instead. [D:\10_Source_Repos\21_robot\RobWork\build\acc-wp24-t09-bld\RobWorkStudio\ext\qtpropertybrowser\qtpropertybrowser.vcxproj]
      D:\software\QT\6.11.1\msvc2022_64\include\QtCore\qvariant.h(149,70):
      参见“QVariant::Type”的声明
  
D:\10_Source_Repos\21_robot\RobWork\build\acc-wp24-t09-wt\RobWork\RobWorkStudio\ext\qtpropertybrowser\src\qtvariantproperty.cpp(1003,104): warning C4996: 'QVariant::Type': Use QMetaType::Type instead. [D:\10_Source_Repos\21_robot\RobWork\build\acc-wp24-t09-bld\RobWorkStudio\ext\qtpropertybrowser\qtpropertybrowser.vcxproj]
      D:\software\QT\6.11.1\msvc2022_64\include\QtCore\qvariant.h(149,70):
      参见“QVariant::Type”的声明
  
D:\10_Source_Repos\21_robot\RobWork\build\acc-wp24-t09-wt\RobWork\RobWorkStudio\ext\qtpropertybrowser\src\qtvariantproperty.cpp(1004,40): warning C4996: 'QVariant::Type': Use QMetaType::Type instead. [D:\10_Source_Repos\21_robot\RobWork\build\acc-wp24-t09-bld\RobWorkStudio\ext\qtpropertybrowser\qtpropertybrowser.vcxproj]
      D:\software\QT\6.11.1\msvc2022_64\include\QtCore\qvariant.h(149,70):
      参见“QVariant::Type”的声明
  
D:\10_Source_Repos\21_robot\RobWork\build\acc-wp24-t09-wt\RobWork\RobWorkStudio\ext\qtpropertybrowser\src\qtvariantproperty.cpp(1004,58): warning C4996: 'QVariant::Type': Use QMetaType::Type instead. [D:\10_Source_Repos\21_robot\RobWork\build\acc-wp24-t09-bld\RobWorkStudio\ext\qtpropertybrowser\qtpropertybrowser.vcxproj]
      D:\software\QT\6.11.1\msvc2022_64\include\QtCore\qvariant.h(149,70):
      参见“QVariant::Type”的声明
  
D:\10_Source_Repos\21_robot\RobWork\build\acc-wp24-t09-wt\RobWork\RobWorkStudio\ext\qtpropertybrowser\src\qtvariantproperty.cpp(1011,46): warning C4996: 'QVariant::Type': Use QMetaType::Type instead. [D:\10_Source_Repos\21_robot\RobWork\build\acc-wp24-t09-bld\RobWorkStudio\ext\qtpropertybrowser\qtpropertybrowser.vcxproj]
      D:\software\QT\6.11.1\msvc2022_64\include\QtCore\qvariant.h(149,70):
      参见“QVariant::Type”的声明
  
D:\10_Source_Repos\21_robot\RobWork\build\acc-wp24-t09-wt\RobWork\RobWorkStudio\ext\qtpropertybrowser\src\qtvariantproperty.cpp(1012,40): warning C4996: 'QVariant::Type': Use QMetaType::Type instead. [D:\10_Source_Repos\21_robot\RobWork\build\acc-wp24-t09-bld\RobWorkStudio\ext\qtpropertybrowser\qtpropertybrowser.vcxproj]
      D:\software\QT\6.11.1\msvc2022_64\include\QtCore\qvariant.h(149,70):
      参见“QVariant::Type”的声明
  
D:\10_Source_Repos\21_robot\RobWork\build\acc-wp24-t09-wt\RobWork\RobWorkStudio\ext\qtpropertybrowser\src\qtvariantproperty.cpp(1012,60): warning C4996: 'QVariant::Type': Use QMetaType::Type instead. [D:\10_Source_Repos\21_robot\RobWork\build\acc-wp24-t09-bld\RobWorkStudio\ext\qtpropertybrowser\qtpropertybrowser.vcxproj]
      D:\software\QT\6.11.1\msvc2022_64\include\QtCore\qvariant.h(149,70):
      参见“QVariant::Type”的声明
  
D:\10_Source_Repos\21_robot\RobWork\build\acc-wp24-t09-wt\RobWork\RobWorkStudio\ext\qtpropertybrowser\src\qtvariantproperty.cpp(1013,55): warning C4996: 'QVariant::Type': Use QMetaType::Type instead. [D:\10_Source_Repos\21_robot\RobWork\build\acc-wp24-t09-bld\RobWorkStudio\ext\qtpropertybrowser\qtpropertybrowser.vcxproj]
      D:\software\QT\6.11.1\msvc2022_64\include\QtCore\qvariant.h(149,70):
      参见“QVariant::Type”的声明
  
D:\10_Source_Repos\21_robot\RobWork\build\acc-wp24-t09-wt\RobWork\RobWorkStudio\ext\qtpropertybrowser\src\qtvariantproperty.cpp(1014,23): warning C4996: 'QVariant::Type': Use QMetaType::Type instead. [D:\10_Source_Repos\21_robot\RobWork\build\acc-wp24-t09-bld\RobWorkStudio\ext\qtpropertybrowser\qtpropertybrowser.vcxproj]
      D:\software\QT\6.11.1\msvc2022_64\include\QtCore\qvariant.h(149,70):
      参见“QVariant::Type”的声明
  
D:\10_Source_Repos\21_robot\RobWork\build\acc-wp24-t09-wt\RobWork\RobWorkStudio\ext\qtpropertybrowser\src\qtvariantproperty.cpp(1015,55): warning C4996: 'QVariant::Type': Use QMetaType::Type instead. [D:\10_Source_Repos\21_robot\RobWork\build\acc-wp24-t09-bld\RobWorkStudio\ext\qtpropertybrowser\qtpropertybrowser.vcxproj]
      D:\software\QT\6.11.1\msvc2022_64\include\QtCore\qvariant.h(149,70):
      参见“QVariant::Type”的声明
  
D:\10_Source_Repos\21_robot\RobWork\build\acc-wp24-t09-wt\RobWork\RobWorkStudio\ext\qtpropertybrowser\src\qtvariantproperty.cpp(1016,23): warning C4996: 'QVariant::Type': Use QMetaType::Type instead. [D:\10_Source_Repos\21_robot\RobWork\build\acc-wp24-t09-bld\RobWorkStudio\ext\qtpropertybrowser\qtpropertybrowser.vcxproj]
      D:\software\QT\6.11.1\msvc2022_64\include\QtCore\qvariant.h(149,70):
      参见“QVariant::Type”的声明
  
D:\10_Source_Repos\21_robot\RobWork\build\acc-wp24-t09-wt\RobWork\RobWorkStudio\ext\qtpropertybrowser\src\qtvariantproperty.cpp(1017,55): warning C4996: 'QVariant::Type': Use QMetaType::Type instead. [D:\10_Source_Repos\21_robot\RobWork\build\acc-wp24-t09-bld\RobWorkStudio\ext\qtpropertybrowser\qtpropertybrowser.vcxproj]
      D:\software\QT\6.11.1\msvc2022_64\include\QtCore\qvariant.h(149,70):
      参见“QVariant::Type”的声明
  
D:\10_Source_Repos\21_robot\RobWork\build\acc-wp24-t09-wt\RobWork\RobWorkStudio\ext\qtpropertybrowser\src\qtvariantproperty.cpp(1018,19): warning C4996: 'QVariant::Type': Use QMetaType::Type instead. [D:\10_Source_Repos\21_robot\RobWork\build\acc-wp24-t09-bld\RobWorkStudio\ext\qtpropertybrowser\qtpropertybrowser.vcxproj]
      D:\software\QT\6.11.1\msvc2022_64\include\QtCore\qvariant.h(149,70):
      参见“QVariant::Type”的声明
  
D:\10_Source_Repos\21_robot\RobWork\build\acc-wp24-t09-wt\RobWork\RobWorkStudio\ext\qtpropertybrowser\src\qtvariantproperty.cpp(1031,46): warning C4996: 'QVariant::Type': Use QMetaType::Type instead. [D:\10_Source_Repos\21_robot\RobWork\build\acc-wp24-t09-bld\RobWorkStudio\ext\qtpropertybrowser\qtpropertybrowser.vcxproj]
      D:\software\QT\6.11.1\msvc2022_64\include\QtCore\qvariant.h(149,70):
      参见“QVariant::Type”的声明
  
D:\10_Source_Repos\21_robot\RobWork\build\acc-wp24-t09-wt\RobWork\RobWorkStudio\ext\qtpropertybrowser\src\qtvariantproperty.cpp(1032,40): warning C4996: 'QVariant::Type': Use QMetaType::Type instead. [D:\10_Source_Repos\21_robot\RobWork\build\acc-wp24-t09-bld\RobWorkStudio\ext\qtpropertybrowser\qtpropertybrowser.vcxproj]
      D:\software\QT\6.11.1\msvc2022_64\include\QtCore\qvariant.h(149,70):
      参见“QVariant::Type”的声明
  
D:\10_Source_Repos\21_robot\RobWork\build\acc-wp24-t09-wt\RobWork\RobWorkStudio\ext\qtpropertybrowser\src\qtvariantproperty.cpp(1032,58): warning C4996: 'QVariant::Type': Use QMetaType::Type instead. [D:\10_Source_Repos\21_robot\RobWork\build\acc-wp24-t09-bld\RobWorkStudio\ext\qtpropertybrowser\qtpropertybrowser.vcxproj]
      D:\software\QT\6.11.1\msvc2022_64\include\QtCore\qvariant.h(149,70):
      参见“QVariant::Type”的声明
  
D:\10_Source_Repos\21_robot\RobWork\build\acc-wp24-t09-wt\RobWork\RobWorkStudio\ext\qtpropertybrowser\src\qtvariantproperty.cpp(1033,55): warning C4996: 'QVariant::Type': Use QMetaType::Type instead. [D:\10_Source_Repos\21_robot\RobWork\build\acc-wp24-t09-bld\RobWorkStudio\ext\qtpropertybrowser\qtpropertybrowser.vcxproj]
      D:\software\QT\6.11.1\msvc2022_64\include\QtCore\qvariant.h(149,70):
      参见“QVariant::Type”的声明
  
D:\10_Source_Repos\21_robot\RobWork\build\acc-wp24-t09-wt\RobWork\RobWorkStudio\ext\qtpropertybrowser\src\qtvariantproperty.cpp(1034,23): warning C4996: 'QVariant::Type': Use QMetaType::Type instead. [D:\10_Source_Repos\21_robot\RobWork\build\acc-wp24-t09-bld\RobWorkStudio\ext\qtpropertybrowser\qtpropertybrowser.vcxproj]
      D:\software\QT\6.11.1\msvc2022_64\include\QtCore\qvariant.h(149,70):
      参见“QVariant::Type”的声明
  
D:\10_Source_Repos\21_robot\RobWork\build\acc-wp24-t09-wt\RobWork\RobWorkStudio\ext\qtpropertybrowser\src\qtvariantproperty.cpp(1035,55): warning C4996: 'QVariant::Type': Use QMetaType::Type instead. [D:\10_Source_Repos\21_robot\RobWork\build\acc-wp24-t09-bld\RobWorkStudio\ext\qtpropertybrowser\qtpropertybrowser.vcxproj]
      D:\software\QT\6.11.1\msvc2022_64\include\QtCore\qvariant.h(149,70):
      参见“QVariant::Type”的声明
  
D:\10_Source_Repos\21_robot\RobWork\build\acc-wp24-t09-wt\RobWork\RobWorkStudio\ext\qtpropertybrowser\src\qtvariantproperty.cpp(1036,23): warning C4996: 'QVariant::Type': Use QMetaType::Type instead. [D:\10_Source_Repos\21_robot\RobWork\build\acc-wp24-t09-bld\RobWorkStudio\ext\qtpropertybrowser\qtpropertybrowser.vcxproj]
      D:\software\QT\6.11.1\msvc2022_64\include\QtCore\qvariant.h(149,70):
      参见“QVariant::Type”的声明
  
D:\10_Source_Repos\21_robot\RobWork\build\acc-wp24-t09-wt\RobWork\RobWorkStudio\ext\qtpropertybrowser\src\qtvariantproperty.cpp(1043,46): warning C4996: 'QVariant::Type': Use QMetaType::Type instead. [D:\10_Source_Repos\21_robot\RobWork\build\acc-wp24-t09-bld\RobWorkStudio\ext\qtpropertybrowser\qtpropertybrowser.vcxproj]
      D:\software\QT\6.11.1\msvc2022_64\include\QtCore\qvariant.h(149,70):
      参见“QVariant::Type”的声明
  
D:\10_Source_Repos\21_robot\RobWork\build\acc-wp24-t09-wt\RobWork\RobWorkStudio\ext\qtpropertybrowser\src\qtvariantproperty.cpp(1044,40): warning C4996: 'QVariant::Type': Use QMetaType::Type instead. [D:\10_Source_Repos\21_robot\RobWork\build\acc-wp24-t09-bld\RobWorkStudio\ext\qtpropertybrowser\qtpropertybrowser.vcxproj]
      D:\software\QT\6.11.1\msvc2022_64\include\QtCore\qvariant.h(149,70):
      参见“QVariant::Type”的声明
  
D:\10_Source_Repos\21_robot\RobWork\build\acc-wp24-t09-wt\RobWork\RobWorkStudio\ext\qtpropertybrowser\src\qtvariantproperty.cpp(1044,58): warning C4996: 'QVariant::Type': Use QMetaType::Type instead. [D:\10_Source_Repos\21_robot\RobWork\build\acc-wp24-t09-bld\RobWorkStudio\ext\qtpropertybrowser\qtpropertybrowser.vcxproj]
      D:\software\QT\6.11.1\msvc2022_64\include\QtCore\qvariant.h(149,70):
      参见“QVariant::Type”的声明
  
D:\10_Source_Repos\21_robot\RobWork\build\acc-wp24-t09-wt\RobWork\RobWorkStudio\ext\qtpropertybrowser\src\qtvariantproperty.cpp(1049,46): warning C4996: 'QVariant::Type': Use QMetaType::Type instead. [D:\10_Source_Repos\21_robot\RobWork\build\acc-wp24-t09-bld\RobWorkStudio\ext\qtpropertybrowser\qtpropertybrowser.vcxproj]
      D:\software\QT\6.11.1\msvc2022_64\include\QtCore\qvariant.h(149,70):
      参见“QVariant::Type”的声明
  
D:\10_Source_Repos\21_robot\RobWork\build\acc-wp24-t09-wt\RobWork\RobWorkStudio\ext\qtpropertybrowser\src\qtvariantproperty.cpp(1050,40): warning C4996: 'QVariant::Type': Use QMetaType::Type instead. [D:\10_Source_Repos\21_robot\RobWork\build\acc-wp24-t09-bld\RobWorkStudio\ext\qtpropertybrowser\qtpropertybrowser.vcxproj]
      D:\software\QT\6.11.1\msvc2022_64\include\QtCore\qvariant.h(149,70):
      参见“QVariant::Type”的声明
  
D:\10_Source_Repos\21_robot\RobWork\build\acc-wp24-t09-wt\RobWork\RobWorkStudio\ext\qtpropertybrowser\src\qtvariantproperty.cpp(1050,62): warning C4996: 'QVariant::Type': Use QMetaType::Type instead. [D:\10_Source_Repos\21_robot\RobWork\build\acc-wp24-t09-bld\RobWorkStudio\ext\qtpropertybrowser\qtpropertybrowser.vcxproj]
      D:\software\QT\6.11.1\msvc2022_64\include\QtCore\qvariant.h(149,70):
      参见“QVariant::Type”的声明
  
D:\10_Source_Repos\21_robot\RobWork\build\acc-wp24-t09-wt\RobWork\RobWorkStudio\ext\qtpropertybrowser\src\qtvariantproperty.cpp(1055,46): warning C4996: 'QVariant::Type': Use QMetaType::Type instead. [D:\10_Source_Repos\21_robot\RobWork\build\acc-wp24-t09-bld\RobWorkStudio\ext\qtpropertybrowser\qtpropertybrowser.vcxproj]
      D:\software\QT\6.11.1\msvc2022_64\include\QtCore\qvariant.h(149,70):
      参见“QVariant::Type”的声明
  
D:\10_Source_Repos\21_robot\RobWork\build\acc-wp24-t09-wt\RobWork\RobWorkStudio\ext\qtpropertybrowser\src\qtvariantproperty.cpp(1056,40): warning C4996: 'QVariant::Type': Use QMetaType::Type instead. [D:\10_Source_Repos\21_robot\RobWork\build\acc-wp24-t09-bld\RobWorkStudio\ext\qtpropertybrowser\qtpropertybrowser.vcxproj]
      D:\software\QT\6.11.1\msvc2022_64\include\QtCore\qvariant.h(149,70):
      参见“QVariant::Type”的声明
  
D:\10_Source_Repos\21_robot\RobWork\build\acc-wp24-t09-wt\RobWork\RobWorkStudio\ext\qtpropertybrowser\src\qtvariantproperty.cpp(1056,65): warning C4996: 'QVariant::Type': Use QMetaType::Type instead. [D:\10_Source_Repos\21_robot\RobWork\build\acc-wp24-t09-bld\RobWorkStudio\ext\qtpropertybrowser\qtpropertybrowser.vcxproj]
      D:\software\QT\6.11.1\msvc2022_64\include\QtCore\qvariant.h(149,70):
      参见“QVariant::Type”的声明
  
D:\10_Source_Repos\21_robot\RobWork\build\acc-wp24-t09-wt\RobWork\RobWorkStudio\ext\qtpropertybrowser\src\qtvariantproperty.cpp(1061,46): warning C4996: 'QVariant::Type': Use QMetaType::Type instead. [D:\10_Source_Repos\21_robot\RobWork\build\acc-wp24-t09-bld\RobWorkStudio\ext\qtpropertybrowser\qtpropertybrowser.vcxproj]
      D:\software\QT\6.11.1\msvc2022_64\include\QtCore\qvariant.h(149,70):
      参见“QVariant::Type”的声明
  
D:\10_Source_Repos\21_robot\RobWork\build\acc-wp24-t09-wt\RobWork\RobWorkStudio\ext\qtpropertybrowser\src\qtvariantproperty.cpp(1062,40): warning C4996: 'QVariant::Type': Use QMetaType::Type instead. [D:\10_Source_Repos\21_robot\RobWork\build\acc-wp24-t09-bld\RobWorkStudio\ext\qtpropertybrowser\qtpropertybrowser.vcxproj]
      D:\software\QT\6.11.1\msvc2022_64\include\QtCore\qvariant.h(149,70):
      参见“QVariant::Type”的声明
  
D:\10_Source_Repos\21_robot\RobWork\build\acc-wp24-t09-wt\RobWork\RobWorkStudio\ext\qtpropertybrowser\src\qtvariantproperty.cpp(1062,58): warning C4996: 'QVariant::Type': Use QMetaType::Type instead. [D:\10_Source_Repos\21_robot\RobWork\build\acc-wp24-t09-bld\RobWorkStudio\ext\qtpropertybrowser\qtpropertybrowser.vcxproj]
      D:\software\QT\6.11.1\msvc2022_64\include\QtCore\qvariant.h(149,70):
      参见“QVariant::Type”的声明
  
D:\10_Source_Repos\21_robot\RobWork\build\acc-wp24-t09-wt\RobWork\RobWorkStudio\ext\qtpropertybrowser\src\qtvariantproperty.cpp(1067,46): warning C4996: 'QVariant::Type': Use QMetaType::Type instead. [D:\10_Source_Repos\21_robot\RobWork\build\acc-wp24-t09-bld\RobWorkStudio\ext\qtpropertybrowser\qtpropertybrowser.vcxproj]
      D:\software\QT\6.11.1\msvc2022_64\include\QtCore\qvariant.h(149,70):
      参见“QVariant::Type”的声明
  
D:\10_Source_Repos\21_robot\RobWork\build\acc-wp24-t09-wt\RobWork\RobWorkStudio\ext\qtpropertybrowser\src\qtvariantproperty.cpp(1068,40): warning C4996: 'QVariant::Type': Use QMetaType::Type instead. [D:\10_Source_Repos\21_robot\RobWork\build\acc-wp24-t09-bld\RobWorkStudio\ext\qtpropertybrowser\qtpropertybrowser.vcxproj]
      D:\software\QT\6.11.1\msvc2022_64\include\QtCore\qvariant.h(149,70):
      参见“QVariant::Type”的声明
  
D:\10_Source_Repos\21_robot\RobWork\build\acc-wp24-t09-wt\RobWork\RobWorkStudio\ext\qtpropertybrowser\src\qtvariantproperty.cpp(1068,60): warning C4996: 'QVariant::Type': Use QMetaType::Type instead. [D:\10_Source_Repos\21_robot\RobWork\build\acc-wp24-t09-bld\RobWorkStudio\ext\qtpropertybrowser\qtpropertybrowser.vcxproj]
      D:\software\QT\6.11.1\msvc2022_64\include\QtCore\qvariant.h(149,70):
      参见“QVariant::Type”的声明
  
D:\10_Source_Repos\21_robot\RobWork\build\acc-wp24-t09-wt\RobWork\RobWorkStudio\ext\qtpropertybrowser\src\qtvariantproperty.cpp(1079,46): warning C4996: 'QVariant::Type': Use QMetaType::Type instead. [D:\10_Source_Repos\21_robot\RobWork\build\acc-wp24-t09-bld\RobWorkStudio\ext\qtpropertybrowser\qtpropertybrowser.vcxproj]
      D:\software\QT\6.11.1\msvc2022_64\include\QtCore\qvariant.h(149,70):
      参见“QVariant::Type”的声明
  
D:\10_Source_Repos\21_robot\RobWork\build\acc-wp24-t09-wt\RobWork\RobWorkStudio\ext\qtpropertybrowser\src\qtvariantproperty.cpp(1080,40): warning C4996: 'QVariant::Type': Use QMetaType::Type instead. [D:\10_Source_Repos\21_robot\RobWork\build\acc-wp24-t09-bld\RobWorkStudio\ext\qtpropertybrowser\qtpropertybrowser.vcxproj]
      D:\software\QT\6.11.1\msvc2022_64\include\QtCore\qvariant.h(149,70):
      参见“QVariant::Type”的声明
  
D:\10_Source_Repos\21_robot\RobWork\build\acc-wp24-t09-wt\RobWork\RobWorkStudio\ext\qtpropertybrowser\src\qtvariantproperty.cpp(1080,59): warning C4996: 'QVariant::Type': Use QMetaType::Type instead. [D:\10_Source_Repos\21_robot\RobWork\build\acc-wp24-t09-bld\RobWorkStudio\ext\qtpropertybrowser\qtpropertybrowser.vcxproj]
      D:\software\QT\6.11.1\msvc2022_64\include\QtCore\qvariant.h(149,70):
      参见“QVariant::Type”的声明
  
D:\10_Source_Repos\21_robot\RobWork\build\acc-wp24-t09-wt\RobWork\RobWorkStudio\ext\qtpropertybrowser\src\qtvariantproperty.cpp(1091,46): warning C4996: 'QVariant::Type': Use QMetaType::Type instead. [D:\10_Source_Repos\21_robot\RobWork\build\acc-wp24-t09-bld\RobWorkStudio\ext\qtpropertybrowser\qtpropertybrowser.vcxproj]
      D:\software\QT\6.11.1\msvc2022_64\include\QtCore\qvariant.h(149,70):
      参见“QVariant::Type”的声明
  
D:\10_Source_Repos\21_robot\RobWork\build\acc-wp24-t09-wt\RobWork\RobWorkStudio\ext\qtpropertybrowser\src\qtvariantproperty.cpp(1092,40): warning C4996: 'QVariant::Type': Use QMetaType::Type instead. [D:\10_Source_Repos\21_robot\RobWork\build\acc-wp24-t09-bld\RobWorkStudio\ext\qtpropertybrowser\qtpropertybrowser.vcxproj]
      D:\software\QT\6.11.1\msvc2022_64\include\QtCore\qvariant.h(149,70):
      参见“QVariant::Type”的声明
  
D:\10_Source_Repos\21_robot\RobWork\build\acc-wp24-t09-wt\RobWork\RobWorkStudio\ext\qtpropertybrowser\src\qtvariantproperty.cpp(1092,60): warning C4996: 'QVariant::Type': Use QMetaType::Type instead. [D:\10_Source_Repos\21_robot\RobWork\build\acc-wp24-t09-bld\RobWorkStudio\ext\qtpropertybrowser\qtpropertybrowser.vcxproj]
      D:\software\QT\6.11.1\msvc2022_64\include\QtCore\qvariant.h(149,70):
      参见“QVariant::Type”的声明
  
D:\10_Source_Repos\21_robot\RobWork\build\acc-wp24-t09-wt\RobWork\RobWorkStudio\ext\qtpropertybrowser\src\qtvariantproperty.cpp(1093,55): warning C4996: 'QVariant::Type': Use QMetaType::Type instead. [D:\10_Source_Repos\21_robot\RobWork\build\acc-wp24-t09-bld\RobWorkStudio\ext\qtpropertybrowser\qtpropertybrowser.vcxproj]
      D:\software\QT\6.11.1\msvc2022_64\include\QtCore\qvariant.h(149,70):
      参见“QVariant::Type”的声明
  
D:\10_Source_Repos\21_robot\RobWork\build\acc-wp24-t09-wt\RobWork\RobWorkStudio\ext\qtpropertybrowser\src\qtvariantproperty.cpp(1094,23): warning C4996: 'QVariant::Type': Use QMetaType::Type instead. [D:\10_Source_Repos\21_robot\RobWork\build\acc-wp24-t09-bld\RobWorkStudio\ext\qtpropertybrowser\qtpropertybrowser.vcxproj]
      D:\software\QT\6.11.1\msvc2022_64\include\QtCore\qvariant.h(149,70):
      参见“QVariant::Type”的声明
  
D:\10_Source_Repos\21_robot\RobWork\build\acc-wp24-t09-wt\RobWork\RobWorkStudio\ext\qtpropertybrowser\src\qtvariantproperty.cpp(1107,46): warning C4996: 'QVariant::Type': Use QMetaType::Type instead. [D:\10_Source_Repos\21_robot\RobWork\build\acc-wp24-t09-bld\RobWorkStudio\ext\qtpropertybrowser\qtpropertybrowser.vcxproj]
      D:\software\QT\6.11.1\msvc2022_64\include\QtCore\qvariant.h(149,70):
      参见“QVariant::Type”的声明
  
D:\10_Source_Repos\21_robot\RobWork\build\acc-wp24-t09-wt\RobWork\RobWorkStudio\ext\qtpropertybrowser\src\qtvariantproperty.cpp(1108,40): warning C4996: 'QVariant::Type': Use QMetaType::Type instead. [D:\10_Source_Repos\21_robot\RobWork\build\acc-wp24-t09-bld\RobWorkStudio\ext\qtpropertybrowser\qtpropertybrowser.vcxproj]
      D:\software\QT\6.11.1\msvc2022_64\include\QtCore\qvariant.h(149,70):
      参见“QVariant::Type”的声明
  
D:\10_Source_Repos\21_robot\RobWork\build\acc-wp24-t09-wt\RobWork\RobWorkStudio\ext\qtpropertybrowser\src\qtvariantproperty.cpp(1108,58): warning C4996: 'QVariant::Type': Use QMetaType::Type instead. [D:\10_Source_Repos\21_robot\RobWork\build\acc-wp24-t09-bld\RobWorkStudio\ext\qtpropertybrowser\qtpropertybrowser.vcxproj]
      D:\software\QT\6.11.1\msvc2022_64\include\QtCore\qvariant.h(149,70):
      参见“QVariant::Type”的声明
  
D:\10_Source_Repos\21_robot\RobWork\build\acc-wp24-t09-wt\RobWork\RobWorkStudio\ext\qtpropertybrowser\src\qtvariantproperty.cpp(1109,55): warning C4996: 'QVariant::Type': Use QMetaType::Type instead. [D:\10_Source_Repos\21_robot\RobWork\build\acc-wp24-t09-bld\RobWorkStudio\ext\qtpropertybrowser\qtpropertybrowser.vcxproj]
      D:\software\QT\6.11.1\msvc2022_64\include\QtCore\qvariant.h(149,70):
      参见“QVariant::Type”的声明
  
D:\10_Source_Repos\21_robot\RobWork\build\acc-wp24-t09-wt\RobWork\RobWorkStudio\ext\qtpropertybrowser\src\qtvariantproperty.cpp(1110,23): warning C4996: 'QVariant::Type': Use QMetaType::Type instead. [D:\10_Source_Repos\21_robot\RobWork\build\acc-wp24-t09-bld\RobWorkStudio\ext\qtpropertybrowser\qtpropertybrowser.vcxproj]
      D:\software\QT\6.11.1\msvc2022_64\include\QtCore\qvariant.h(149,70):
      参见“QVariant::Type”的声明
  
D:\10_Source_Repos\21_robot\RobWork\build\acc-wp24-t09-wt\RobWork\RobWorkStudio\ext\qtpropertybrowser\src\qtvariantproperty.cpp(1111,55): warning C4996: 'QVariant::Type': Use QMetaType::Type instead. [D:\10_Source_Repos\21_robot\RobWork\build\acc-wp24-t09-bld\RobWorkStudio\ext\qtpropertybrowser\qtpropertybrowser.vcxproj]
      D:\software\QT\6.11.1\msvc2022_64\include\QtCore\qvariant.h(149,70):
      参见“QVariant::Type”的声明
  
D:\10_Source_Repos\21_robot\RobWork\build\acc-wp24-t09-wt\RobWork\RobWorkStudio\ext\qtpropertybrowser\src\qtvariantproperty.cpp(1112,23): warning C4996: 'QVariant::Type': Use QMetaType::Type instead. [D:\10_Source_Repos\21_robot\RobWork\build\acc-wp24-t09-bld\RobWorkStudio\ext\qtpropertybrowser\qtpropertybrowser.vcxproj]
      D:\software\QT\6.11.1\msvc2022_64\include\QtCore\qvariant.h(149,70):
      参见“QVariant::Type”的声明
  
D:\10_Source_Repos\21_robot\RobWork\build\acc-wp24-t09-wt\RobWork\RobWorkStudio\ext\qtpropertybrowser\src\qtvariantproperty.cpp(1127,46): warning C4996: 'QVariant::Type': Use QMetaType::Type instead. [D:\10_Source_Repos\21_robot\RobWork\build\acc-wp24-t09-bld\RobWorkStudio\ext\qtpropertybrowser\qtpropertybrowser.vcxproj]
      D:\software\QT\6.11.1\msvc2022_64\include\QtCore\qvariant.h(149,70):
      参见“QVariant::Type”的声明
  
D:\10_Source_Repos\21_robot\RobWork\build\acc-wp24-t09-wt\RobWork\RobWorkStudio\ext\qtpropertybrowser\src\qtvariantproperty.cpp(1128,40): warning C4996: 'QVariant::Type': Use QMetaType::Type instead. [D:\10_Source_Repos\21_robot\RobWork\build\acc-wp24-t09-bld\RobWorkStudio\ext\qtpropertybrowser\qtpropertybrowser.vcxproj]
      D:\software\QT\6.11.1\msvc2022_64\include\QtCore\qvariant.h(149,70):
      参见“QVariant::Type”的声明
  
D:\10_Source_Repos\21_robot\RobWork\build\acc-wp24-t09-wt\RobWork\RobWorkStudio\ext\qtpropertybrowser\src\qtvariantproperty.cpp(1128,59): warning C4996: 'QVariant::Type': Use QMetaType::Type instead. [D:\10_Source_Repos\21_robot\RobWork\build\acc-wp24-t09-bld\RobWorkStudio\ext\qtpropertybrowser\qtpropertybrowser.vcxproj]
      D:\software\QT\6.11.1\msvc2022_64\include\QtCore\qvariant.h(149,70):
      参见“QVariant::Type”的声明
  
D:\10_Source_Repos\21_robot\RobWork\build\acc-wp24-t09-wt\RobWork\RobWorkStudio\ext\qtpropertybrowser\src\qtvariantproperty.cpp(1129,55): warning C4996: 'QVariant::Type': Use QMetaType::Type instead. [D:\10_Source_Repos\21_robot\RobWork\build\acc-wp24-t09-bld\RobWorkStudio\ext\qtpropertybrowser\qtpropertybrowser.vcxproj]
      D:\software\QT\6.11.1\msvc2022_64\include\QtCore\qvariant.h(149,70):
      参见“QVariant::Type”的声明
  
D:\10_Source_Repos\21_robot\RobWork\build\acc-wp24-t09-wt\RobWork\RobWorkStudio\ext\qtpropertybrowser\src\qtvariantproperty.cpp(1130,23): warning C4996: 'QVariant::Type': Use QMetaType::Type instead. [D:\10_Source_Repos\21_robot\RobWork\build\acc-wp24-t09-bld\RobWorkStudio\ext\qtpropertybrowser\qtpropertybrowser.vcxproj]
      D:\software\QT\6.11.1\msvc2022_64\include\QtCore\qvariant.h(149,70):
      参见“QVariant::Type”的声明
  
D:\10_Source_Repos\21_robot\RobWork\build\acc-wp24-t09-wt\RobWork\RobWorkStudio\ext\qtpropertybrowser\src\qtvariantproperty.cpp(1131,55): warning C4996: 'QVariant::Type': Use QMetaType::Type instead. [D:\10_Source_Repos\21_robot\RobWork\build\acc-wp24-t09-bld\RobWorkStudio\ext\qtpropertybrowser\qtpropertybrowser.vcxproj]
      D:\software\QT\6.11.1\msvc2022_64\include\QtCore\qvariant.h(149,70):
      参见“QVariant::Type”的声明
  
D:\10_Source_Repos\21_robot\RobWork\build\acc-wp24-t09-wt\RobWork\RobWorkStudio\ext\qtpropertybrowser\src\qtvariantproperty.cpp(1132,23): warning C4996: 'QVariant::Type': Use QMetaType::Type instead. [D:\10_Source_Repos\21_robot\RobWork\build\acc-wp24-t09-bld\RobWorkStudio\ext\qtpropertybrowser\qtpropertybrowser.vcxproj]
      D:\software\QT\6.11.1\msvc2022_64\include\QtCore\qvariant.h(149,70):
      参见“QVariant::Type”的声明
  
D:\10_Source_Repos\21_robot\RobWork\build\acc-wp24-t09-wt\RobWork\RobWorkStudio\ext\qtpropertybrowser\src\qtvariantproperty.cpp(1133,55): warning C4996: 'QVariant::Type': Use QMetaType::Type instead. [D:\10_Source_Repos\21_robot\RobWork\build\acc-wp24-t09-bld\RobWorkStudio\ext\qtpropertybrowser\qtpropertybrowser.vcxproj]
      D:\software\QT\6.11.1\msvc2022_64\include\QtCore\qvariant.h(149,70):
      参见“QVariant::Type”的声明
  
D:\10_Source_Repos\21_robot\RobWork\build\acc-wp24-t09-wt\RobWork\RobWorkStudio\ext\qtpropertybrowser\src\qtvariantproperty.cpp(1134,23): warning C4996: 'QVariant::Type': Use QMetaType::Type instead. [D:\10_Source_Repos\21_robot\RobWork\build\acc-wp24-t09-bld\RobWorkStudio\ext\qtpropertybrowser\qtpropertybrowser.vcxproj]
      D:\software\QT\6.11.1\msvc2022_64\include\QtCore\qvariant.h(149,70):
      参见“QVariant::Type”的声明
  
D:\10_Source_Repos\21_robot\RobWork\build\acc-wp24-t09-wt\RobWork\RobWorkStudio\ext\qtpropertybrowser\src\qtvariantproperty.cpp(1151,46): warning C4996: 'QVariant::Type': Use QMetaType::Type instead. [D:\10_Source_Repos\21_robot\RobWork\build\acc-wp24-t09-bld\RobWorkStudio\ext\qtpropertybrowser\qtpropertybrowser.vcxproj]
      D:\software\QT\6.11.1\msvc2022_64\include\QtCore\qvariant.h(149,70):
      参见“QVariant::Type”的声明
  
D:\10_Source_Repos\21_robot\RobWork\build\acc-wp24-t09-wt\RobWork\RobWorkStudio\ext\qtpropertybrowser\src\qtvariantproperty.cpp(1152,40): warning C4996: 'QVariant::Type': Use QMetaType::Type instead. [D:\10_Source_Repos\21_robot\RobWork\build\acc-wp24-t09-bld\RobWorkStudio\ext\qtpropertybrowser\qtpropertybrowser.vcxproj]
      D:\software\QT\6.11.1\msvc2022_64\include\QtCore\qvariant.h(149,70):
      参见“QVariant::Type”的声明
  
D:\10_Source_Repos\21_robot\RobWork\build\acc-wp24-t09-wt\RobWork\RobWorkStudio\ext\qtpropertybrowser\src\qtvariantproperty.cpp(1152,58): warning C4996: 'QVariant::Type': Use QMetaType::Type instead. [D:\10_Source_Repos\21_robot\RobWork\build\acc-wp24-t09-bld\RobWorkStudio\ext\qtpropertybrowser\qtpropertybrowser.vcxproj]
      D:\software\QT\6.11.1\msvc2022_64\include\QtCore\qvariant.h(149,70):
      参见“QVariant::Type”的声明
  
D:\10_Source_Repos\21_robot\RobWork\build\acc-wp24-t09-wt\RobWork\RobWorkStudio\ext\qtpropertybrowser\src\qtvariantproperty.cpp(1153,55): warning C4996: 'QVariant::Type': Use QMetaType::Type instead. [D:\10_Source_Repos\21_robot\RobWork\build\acc-wp24-t09-bld\RobWorkStudio\ext\qtpropertybrowser\qtpropertybrowser.vcxproj]
      D:\software\QT\6.11.1\msvc2022_64\include\QtCore\qvariant.h(149,70):
      参见“QVariant::Type”的声明
  
D:\10_Source_Repos\21_robot\RobWork\build\acc-wp24-t09-wt\RobWork\RobWorkStudio\ext\qtpropertybrowser\src\qtvariantproperty.cpp(1154,23): warning C4996: 'QVariant::Type': Use QMetaType::Type instead. [D:\10_Source_Repos\21_robot\RobWork\build\acc-wp24-t09-bld\RobWorkStudio\ext\qtpropertybrowser\qtpropertybrowser.vcxproj]
      D:\software\QT\6.11.1\msvc2022_64\include\QtCore\qvariant.h(149,70):
      参见“QVariant::Type”的声明
  
D:\10_Source_Repos\21_robot\RobWork\build\acc-wp24-t09-wt\RobWork\RobWorkStudio\ext\qtpropertybrowser\src\qtvariantproperty.cpp(1169,46): warning C4996: 'QVariant::Type': Use QMetaType::Type instead. [D:\10_Source_Repos\21_robot\RobWork\build\acc-wp24-t09-bld\RobWorkStudio\ext\qtpropertybrowser\qtpropertybrowser.vcxproj]
      D:\software\QT\6.11.1\msvc2022_64\include\QtCore\qvariant.h(149,70):
      参见“QVariant::Type”的声明
  
D:\10_Source_Repos\21_robot\RobWork\build\acc-wp24-t09-wt\RobWork\RobWorkStudio\ext\qtpropertybrowser\src\qtvariantproperty.cpp(1170,40): warning C4996: 'QVariant::Type': Use QMetaType::Type instead. [D:\10_Source_Repos\21_robot\RobWork\build\acc-wp24-t09-bld\RobWorkStudio\ext\qtpropertybrowser\qtpropertybrowser.vcxproj]
      D:\software\QT\6.11.1\msvc2022_64\include\QtCore\qvariant.h(149,70):
      参见“QVariant::Type”的声明
  
D:\10_Source_Repos\21_robot\RobWork\build\acc-wp24-t09-wt\RobWork\RobWorkStudio\ext\qtpropertybrowser\src\qtvariantproperty.cpp(1170,59): warning C4996: 'QVariant::Type': Use QMetaType::Type instead. [D:\10_Source_Repos\21_robot\RobWork\build\acc-wp24-t09-bld\RobWorkStudio\ext\qtpropertybrowser\qtpropertybrowser.vcxproj]
      D:\software\QT\6.11.1\msvc2022_64\include\QtCore\qvariant.h(149,70):
      参见“QVariant::Type”的声明
  
D:\10_Source_Repos\21_robot\RobWork\build\acc-wp24-t09-wt\RobWork\RobWorkStudio\ext\qtpropertybrowser\src\qtvariantproperty.cpp(1171,55): warning C4996: 'QVariant::Type': Use QMetaType::Type instead. [D:\10_Source_Repos\21_robot\RobWork\build\acc-wp24-t09-bld\RobWorkStudio\ext\qtpropertybrowser\qtpropertybrowser.vcxproj]
      D:\software\QT\6.11.1\msvc2022_64\include\QtCore\qvariant.h(149,70):
      参见“QVariant::Type”的声明
  
D:\10_Source_Repos\21_robot\RobWork\build\acc-wp24-t09-wt\RobWork\RobWorkStudio\ext\qtpropertybrowser\src\qtvariantproperty.cpp(1172,23): warning C4996: 'QVariant::Type': Use QMetaType::Type instead. [D:\10_Source_Repos\21_robot\RobWork\build\acc-wp24-t09-bld\RobWorkStudio\ext\qtpropertybrowser\qtpropertybrowser.vcxproj]
      D:\software\QT\6.11.1\msvc2022_64\include\QtCore\qvariant.h(149,70):
      参见“QVariant::Type”的声明
  
D:\10_Source_Repos\21_robot\RobWork\build\acc-wp24-t09-wt\RobWork\RobWorkStudio\ext\qtpropertybrowser\src\qtvariantproperty.cpp(1173,55): warning C4996: 'QVariant::Type': Use QMetaType::Type instead. [D:\10_Source_Repos\21_robot\RobWork\build\acc-wp24-t09-bld\RobWorkStudio\ext\qtpropertybrowser\qtpropertybrowser.vcxproj]
      D:\software\QT\6.11.1\msvc2022_64\include\QtCore\qvariant.h(149,70):
      参见“QVariant::Type”的声明
  
D:\10_Source_Repos\21_robot\RobWork\build\acc-wp24-t09-wt\RobWork\RobWorkStudio\ext\qtpropertybrowser\src\qtvariantproperty.cpp(1174,23): warning C4996: 'QVariant::Type': Use QMetaType::Type instead. [D:\10_Source_Repos\21_robot\RobWork\build\acc-wp24-t09-bld\RobWorkStudio\ext\qtpropertybrowser\qtpropertybrowser.vcxproj]
      D:\software\QT\6.11.1\msvc2022_64\include\QtCore\qvariant.h(149,70):
      参见“QVariant::Type”的声明
  
D:\10_Source_Repos\21_robot\RobWork\build\acc-wp24-t09-wt\RobWork\RobWorkStudio\ext\qtpropertybrowser\src\qtvariantproperty.cpp(1191,46): warning C4996: 'QVariant::Type': Use QMetaType::Type instead. [D:\10_Source_Repos\21_robot\RobWork\build\acc-wp24-t09-bld\RobWorkStudio\ext\qtpropertybrowser\qtpropertybrowser.vcxproj]
      D:\software\QT\6.11.1\msvc2022_64\include\QtCore\qvariant.h(149,70):
      参见“QVariant::Type”的声明
  
D:\10_Source_Repos\21_robot\RobWork\build\acc-wp24-t09-wt\RobWork\RobWorkStudio\ext\qtpropertybrowser\src\qtvariantproperty.cpp(1192,40): warning C4996: 'QVariant::Type': Use QMetaType::Type instead. [D:\10_Source_Repos\21_robot\RobWork\build\acc-wp24-t09-bld\RobWorkStudio\ext\qtpropertybrowser\qtpropertybrowser.vcxproj]
      D:\software\QT\6.11.1\msvc2022_64\include\QtCore\qvariant.h(149,70):
      参见“QVariant::Type”的声明
  
D:\10_Source_Repos\21_robot\RobWork\build\acc-wp24-t09-wt\RobWork\RobWorkStudio\ext\qtpropertybrowser\src\qtvariantproperty.cpp(1192,59): warning C4996: 'QVariant::Type': Use QMetaType::Type instead. [D:\10_Source_Repos\21_robot\RobWork\build\acc-wp24-t09-bld\RobWorkStudio\ext\qtpropertybrowser\qtpropertybrowser.vcxproj]
      D:\software\QT\6.11.1\msvc2022_64\include\QtCore\qvariant.h(149,70):
      参见“QVariant::Type”的声明
  
D:\10_Source_Repos\21_robot\RobWork\build\acc-wp24-t09-wt\RobWork\RobWorkStudio\ext\qtpropertybrowser\src\qtvariantproperty.cpp(1205,50): warning C4996: 'QVariant::Type': Use QMetaType::Type instead. [D:\10_Source_Repos\21_robot\RobWork\build\acc-wp24-t09-bld\RobWorkStudio\ext\qtpropertybrowser\qtpropertybrowser.vcxproj]
      D:\software\QT\6.11.1\msvc2022_64\include\QtCore\qvariant.h(149,70):
      参见“QVariant::Type”的声明
  
D:\10_Source_Repos\21_robot\RobWork\build\acc-wp24-t09-wt\RobWork\RobWorkStudio\ext\qtpropertybrowser\src\qtvariantproperty.cpp(1207,23): warning C4996: 'QVariant::Type': Use QMetaType::Type instead. [D:\10_Source_Repos\21_robot\RobWork\build\acc-wp24-t09-bld\RobWorkStudio\ext\qtpropertybrowser\qtpropertybrowser.vcxproj]
      D:\software\QT\6.11.1\msvc2022_64\include\QtCore\qvariant.h(149,70):
      参见“QVariant::Type”的声明
  
D:\10_Source_Repos\21_robot\RobWork\build\acc-wp24-t09-wt\RobWork\RobWorkStudio\ext\qtpropertybrowser\src\qtvariantproperty.cpp(1218,46): warning C4996: 'QVariant::Type': Use QMetaType::Type instead. [D:\10_Source_Repos\21_robot\RobWork\build\acc-wp24-t09-bld\RobWorkStudio\ext\qtpropertybrowser\qtpropertybrowser.vcxproj]
      D:\software\QT\6.11.1\msvc2022_64\include\QtCore\qvariant.h(149,70):
      参见“QVariant::Type”的声明
  
D:\10_Source_Repos\21_robot\RobWork\build\acc-wp24-t09-wt\RobWork\RobWorkStudio\ext\qtpropertybrowser\src\qtvariantproperty.cpp(1219,40): warning C4996: 'QVariant::Type': Use QMetaType::Type instead. [D:\10_Source_Repos\21_robot\RobWork\build\acc-wp24-t09-bld\RobWorkStudio\ext\qtpropertybrowser\qtpropertybrowser.vcxproj]
      D:\software\QT\6.11.1\msvc2022_64\include\QtCore\qvariant.h(149,70):
      参见“QVariant::Type”的声明
  
D:\10_Source_Repos\21_robot\RobWork\build\acc-wp24-t09-wt\RobWork\RobWorkStudio\ext\qtpropertybrowser\src\qtvariantproperty.cpp(1219,64): warning C4996: 'QVariant::Type': Use QMetaType::Type instead. [D:\10_Source_Repos\21_robot\RobWork\build\acc-wp24-t09-bld\RobWorkStudio\ext\qtpropertybrowser\qtpropertybrowser.vcxproj]
      D:\software\QT\6.11.1\msvc2022_64\include\QtCore\qvariant.h(149,70):
      参见“QVariant::Type”的声明
  
D:\10_Source_Repos\21_robot\RobWork\build\acc-wp24-t09-wt\RobWork\RobWorkStudio\ext\qtpropertybrowser\src\qtvariantproperty.cpp(1237,46): warning C4996: 'QVariant::Type': Use QMetaType::Type instead. [D:\10_Source_Repos\21_robot\RobWork\build\acc-wp24-t09-bld\RobWorkStudio\ext\qtpropertybrowser\qtpropertybrowser.vcxproj]
      D:\software\QT\6.11.1\msvc2022_64\include\QtCore\qvariant.h(149,70):
      参见“QVariant::Type”的声明
  
D:\10_Source_Repos\21_robot\RobWork\build\acc-wp24-t09-wt\RobWork\RobWorkStudio\ext\qtpropertybrowser\src\qtvariantproperty.cpp(1238,40): warning C4996: 'QVariant::Type': Use QMetaType::Type instead. [D:\10_Source_Repos\21_robot\RobWork\build\acc-wp24-t09-bld\RobWorkStudio\ext\qtpropertybrowser\qtpropertybrowser.vcxproj]
      D:\software\QT\6.11.1\msvc2022_64\include\QtCore\qvariant.h(149,70):
      参见“QVariant::Type”的声明
  
D:\10_Source_Repos\21_robot\RobWork\build\acc-wp24-t09-wt\RobWork\RobWorkStudio\ext\qtpropertybrowser\src\qtvariantproperty.cpp(1238,58): warning C4996: 'QVariant::Type': Use QMetaType::Type instead. [D:\10_Source_Repos\21_robot\RobWork\build\acc-wp24-t09-bld\RobWorkStudio\ext\qtpropertybrowser\qtpropertybrowser.vcxproj]
      D:\software\QT\6.11.1\msvc2022_64\include\QtCore\qvariant.h(149,70):
      参见“QVariant::Type”的声明
  
D:\10_Source_Repos\21_robot\RobWork\build\acc-wp24-t09-wt\RobWork\RobWorkStudio\ext\qtpropertybrowser\src\qtvariantproperty.cpp(1258,46): warning C4996: 'QVariant::Type': Use QMetaType::Type instead. [D:\10_Source_Repos\21_robot\RobWork\build\acc-wp24-t09-bld\RobWorkStudio\ext\qtpropertybrowser\qtpropertybrowser.vcxproj]
      D:\software\QT\6.11.1\msvc2022_64\include\QtCore\qvariant.h(149,70):
      参见“QVariant::Type”的声明
  
D:\10_Source_Repos\21_robot\RobWork\build\acc-wp24-t09-wt\RobWork\RobWorkStudio\ext\qtpropertybrowser\src\qtvariantproperty.cpp(1259,40): warning C4996: 'QVariant::Type': Use QMetaType::Type instead. [D:\10_Source_Repos\21_robot\RobWork\build\acc-wp24-t09-bld\RobWorkStudio\ext\qtpropertybrowser\qtpropertybrowser.vcxproj]
      D:\software\QT\6.11.1\msvc2022_64\include\QtCore\qvariant.h(149,70):
      参见“QVariant::Type”的声明
  
D:\10_Source_Repos\21_robot\RobWork\build\acc-wp24-t09-wt\RobWork\RobWorkStudio\ext\qtpropertybrowser\src\qtvariantproperty.cpp(1259,60): warning C4996: 'QVariant::Type': Use QMetaType::Type instead. [D:\10_Source_Repos\21_robot\RobWork\build\acc-wp24-t09-bld\RobWorkStudio\ext\qtpropertybrowser\qtpropertybrowser.vcxproj]
      D:\software\QT\6.11.1\msvc2022_64\include\QtCore\qvariant.h(149,70):
      参见“QVariant::Type”的声明
  
D:\10_Source_Repos\21_robot\RobWork\build\acc-wp24-t09-wt\RobWork\RobWorkStudio\ext\qtpropertybrowser\src\qtvariantproperty.cpp(1266,50): warning C4996: 'QVariant::Type': Use QMetaType::Type instead. [D:\10_Source_Repos\21_robot\RobWork\build\acc-wp24-t09-bld\RobWorkStudio\ext\qtpropertybrowser\qtpropertybrowser.vcxproj]
      D:\software\QT\6.11.1\msvc2022_64\include\QtCore\qvariant.h(149,70):
      参见“QVariant::Type”的声明
  
D:\10_Source_Repos\21_robot\RobWork\build\acc-wp24-t09-wt\RobWork\RobWorkStudio\ext\qtpropertybrowser\src\qtvariantproperty.cpp(1268,23): warning C4996: 'QVariant::Type': Use QMetaType::Type instead. [D:\10_Source_Repos\21_robot\RobWork\build\acc-wp24-t09-bld\RobWorkStudio\ext\qtpropertybrowser\qtpropertybrowser.vcxproj]
      D:\software\QT\6.11.1\msvc2022_64\include\QtCore\qvariant.h(149,70):
      参见“QVariant::Type”的声明
  
D:\10_Source_Repos\21_robot\RobWork\build\acc-wp24-t09-wt\RobWork\RobWorkStudio\ext\qtpropertybrowser\src\qtvariantproperty.cpp(1283,51): warning C4996: 'QVariant::Type': Use QMetaType::Type instead. [D:\10_Source_Repos\21_robot\RobWork\build\acc-wp24-t09-bld\RobWorkStudio\ext\qtpropertybrowser\qtpropertybrowser.vcxproj]
      D:\software\QT\6.11.1\msvc2022_64\include\QtCore\qvariant.h(149,70):
      参见“QVariant::Type”的声明
  
D:\10_Source_Repos\21_robot\RobWork\build\acc-wp24-t09-wt\RobWork\RobWorkStudio\ext\qtpropertybrowser\src\qtvariantproperty.cpp(1632,70): warning C4996: 'QVariant::Type': Use QMetaType::Type instead. [D:\10_Source_Repos\21_robot\RobWork\build\acc-wp24-t09-bld\RobWorkStudio\ext\qtpropertybrowser\qtpropertybrowser.vcxproj]
D:\10_Source_Repos\21_robot\RobWork\build\acc-wp24-t09-wt\RobWork\RobWorkStudio\ext\qtpropertybrowser\src\qtvariantproperty.cpp(1632,37): warning C4996: 'QVariant::canConvert': 被声明为已否决 [D:\10_Source_Repos\21_robot\RobWork\build\acc-wp24-t09-bld\RobWorkStudio\ext\qtpropertybrowser\qtpropertybrowser.vcxproj]
D:\10_Source_Repos\21_robot\RobWork\build\acc-wp24-t09-wt\RobWork\RobWorkStudio\ext\qtpropertybrowser\src\qtvariantproperty.cpp(1736,46): warning C4996: 'QVariant::Type': Use QMetaType::Type instead. [D:\10_Source_Repos\21_robot\RobWork\build\acc-wp24-t09-bld\RobWorkStudio\ext\qtpropertybrowser\qtpropertybrowser.vcxproj]
D:\10_Source_Repos\21_robot\RobWork\build\acc-wp24-t09-wt\RobWork\RobWorkStudio\ext\qtpropertybrowser\src\qtvariantproperty.cpp(1736,24): warning C4996: 'QVariant::canConvert': 被声明为已否决 [D:\10_Source_Repos\21_robot\RobWork\build\acc-wp24-t09-bld\RobWorkStudio\ext\qtpropertybrowser\qtpropertybrowser.vcxproj]
D:\10_Source_Repos\21_robot\RobWork\build\acc-wp24-t09-wt\RobWork\RobWorkStudio\ext\qtpropertybrowser\src\qtvariantproperty.cpp(2014,65): warning C4996: 'QVariant::Type': Use QMetaType::Type instead. [D:\10_Source_Repos\21_robot\RobWork\build\acc-wp24-t09-bld\RobWorkStudio\ext\qtpropertybrowser\qtpropertybrowser.vcxproj]
      D:\software\QT\6.11.1\msvc2022_64\include\QtCore\qvariant.h(149,70):
      参见“QVariant::Type”的声明
  
D:\10_Source_Repos\21_robot\RobWork\build\acc-wp24-t09-wt\RobWork\RobWorkStudio\ext\qtpropertybrowser\src\qtvariantproperty.cpp(2015,38): warning C4996: 'QVariant::Type': Use QMetaType::Type instead. [D:\10_Source_Repos\21_robot\RobWork\build\acc-wp24-t09-bld\RobWorkStudio\ext\qtpropertybrowser\qtpropertybrowser.vcxproj]
      D:\software\QT\6.11.1\msvc2022_64\include\QtCore\qvariant.h(149,70):
      参见“QVariant::Type”的声明
  
D:\10_Source_Repos\21_robot\RobWork\build\acc-wp24-t09-wt\RobWork\RobWorkStudio\ext\qtpropertybrowser\src\qtvariantproperty.cpp(2018,71): warning C4996: 'QVariant::Type': Use QMetaType::Type instead. [D:\10_Source_Repos\21_robot\RobWork\build\acc-wp24-t09-bld\RobWorkStudio\ext\qtpropertybrowser\qtpropertybrowser.vcxproj]
      D:\software\QT\6.11.1\msvc2022_64\include\QtCore\qvariant.h(149,70):
      参见“QVariant::Type”的声明
  
D:\10_Source_Repos\21_robot\RobWork\build\acc-wp24-t09-wt\RobWork\RobWorkStudio\ext\qtpropertybrowser\src\qtvariantproperty.cpp(2019,38): warning C4996: 'QVariant::Type': Use QMetaType::Type instead. [D:\10_Source_Repos\21_robot\RobWork\build\acc-wp24-t09-bld\RobWorkStudio\ext\qtpropertybrowser\qtpropertybrowser.vcxproj]
      D:\software\QT\6.11.1\msvc2022_64\include\QtCore\qvariant.h(149,70):
      参见“QVariant::Type”的声明
  
D:\10_Source_Repos\21_robot\RobWork\build\acc-wp24-t09-wt\RobWork\RobWorkStudio\ext\qtpropertybrowser\src\qtvariantproperty.cpp(2022,66): warning C4996: 'QVariant::Type': Use QMetaType::Type instead. [D:\10_Source_Repos\21_robot\RobWork\build\acc-wp24-t09-bld\RobWorkStudio\ext\qtpropertybrowser\qtpropertybrowser.vcxproj]
      D:\software\QT\6.11.1\msvc2022_64\include\QtCore\qvariant.h(149,70):
      参见“QVariant::Type”的声明
  
D:\10_Source_Repos\21_robot\RobWork\build\acc-wp24-t09-wt\RobWork\RobWorkStudio\ext\qtpropertybrowser\src\qtvariantproperty.cpp(2023,38): warning C4996: 'QVariant::Type': Use QMetaType::Type instead. [D:\10_Source_Repos\21_robot\RobWork\build\acc-wp24-t09-bld\RobWorkStudio\ext\qtpropertybrowser\qtpropertybrowser.vcxproj]
      D:\software\QT\6.11.1\msvc2022_64\include\QtCore\qvariant.h(149,70):
      参见“QVariant::Type”的声明
  
D:\10_Source_Repos\21_robot\RobWork\build\acc-wp24-t09-wt\RobWork\RobWorkStudio\ext\qtpropertybrowser\src\qtvariantproperty.cpp(2026,66): warning C4996: 'QVariant::Type': Use QMetaType::Type instead. [D:\10_Source_Repos\21_robot\RobWork\build\acc-wp24-t09-bld\RobWorkStudio\ext\qtpropertybrowser\qtpropertybrowser.vcxproj]
      D:\software\QT\6.11.1\msvc2022_64\include\QtCore\qvariant.h(149,70):
      参见“QVariant::Type”的声明
  
D:\10_Source_Repos\21_robot\RobWork\build\acc-wp24-t09-wt\RobWork\RobWorkStudio\ext\qtpropertybrowser\src\qtvariantproperty.cpp(2027,38): warning C4996: 'QVariant::Type': Use QMetaType::Type instead. [D:\10_Source_Repos\21_robot\RobWork\build\acc-wp24-t09-bld\RobWorkStudio\ext\qtpropertybrowser\qtpropertybrowser.vcxproj]
      D:\software\QT\6.11.1\msvc2022_64\include\QtCore\qvariant.h(149,70):
      参见“QVariant::Type”的声明
  
D:\10_Source_Repos\21_robot\RobWork\build\acc-wp24-t09-wt\RobWork\RobWorkStudio\ext\qtpropertybrowser\src\qtvariantproperty.cpp(2030,66): warning C4996: 'QVariant::Type': Use QMetaType::Type instead. [D:\10_Source_Repos\21_robot\RobWork\build\acc-wp24-t09-bld\RobWorkStudio\ext\qtpropertybrowser\qtpropertybrowser.vcxproj]
      D:\software\QT\6.11.1\msvc2022_64\include\QtCore\qvariant.h(149,70):
      参见“QVariant::Type”的声明
  
D:\10_Source_Repos\21_robot\RobWork\build\acc-wp24-t09-wt\RobWork\RobWorkStudio\ext\qtpropertybrowser\src\qtvariantproperty.cpp(2031,38): warning C4996: 'QVariant::Type': Use QMetaType::Type instead. [D:\10_Source_Repos\21_robot\RobWork\build\acc-wp24-t09-bld\RobWorkStudio\ext\qtpropertybrowser\qtpropertybrowser.vcxproj]
      D:\software\QT\6.11.1\msvc2022_64\include\QtCore\qvariant.h(149,70):
      参见“QVariant::Type”的声明
  
D:\10_Source_Repos\21_robot\RobWork\build\acc-wp24-t09-wt\RobWork\RobWorkStudio\ext\qtpropertybrowser\src\qtvariantproperty.cpp(2034,66): warning C4996: 'QVariant::Type': Use QMetaType::Type instead. [D:\10_Source_Repos\21_robot\RobWork\build\acc-wp24-t09-bld\RobWorkStudio\ext\qtpropertybrowser\qtpropertybrowser.vcxproj]
      D:\software\QT\6.11.1\msvc2022_64\include\QtCore\qvariant.h(149,70):
      参见“QVariant::Type”的声明
  
D:\10_Source_Repos\21_robot\RobWork\build\acc-wp24-t09-wt\RobWork\RobWorkStudio\ext\qtpropertybrowser\src\qtvariantproperty.cpp(2035,38): warning C4996: 'QVariant::Type': Use QMetaType::Type instead. [D:\10_Source_Repos\21_robot\RobWork\build\acc-wp24-t09-bld\RobWorkStudio\ext\qtpropertybrowser\qtpropertybrowser.vcxproj]
      D:\software\QT\6.11.1\msvc2022_64\include\QtCore\qvariant.h(149,70):
      参见“QVariant::Type”的声明
  
D:\10_Source_Repos\21_robot\RobWork\build\acc-wp24-t09-wt\RobWork\RobWorkStudio\ext\qtpropertybrowser\src\qtvariantproperty.cpp(2038,70): warning C4996: 'QVariant::Type': Use QMetaType::Type instead. [D:\10_Source_Repos\21_robot\RobWork\build\acc-wp24-t09-bld\RobWorkStudio\ext\qtpropertybrowser\qtpropertybrowser.vcxproj]
      D:\software\QT\6.11.1\msvc2022_64\include\QtCore\qvariant.h(149,70):
      参见“QVariant::Type”的声明
  
D:\10_Source_Repos\21_robot\RobWork\build\acc-wp24-t09-wt\RobWork\RobWorkStudio\ext\qtpropertybrowser\src\qtvariantproperty.cpp(2039,38): warning C4996: 'QVariant::Type': Use QMetaType::Type instead. [D:\10_Source_Repos\21_robot\RobWork\build\acc-wp24-t09-bld\RobWorkStudio\ext\qtpropertybrowser\qtpropertybrowser.vcxproj]
      D:\software\QT\6.11.1\msvc2022_64\include\QtCore\qvariant.h(149,70):
      参见“QVariant::Type”的声明
  
D:\10_Source_Repos\21_robot\RobWork\build\acc-wp24-t09-wt\RobWork\RobWorkStudio\ext\qtpropertybrowser\src\qtvariantproperty.cpp(2042,75): warning C4996: 'QVariant::Type': Use QMetaType::Type instead. [D:\10_Source_Repos\21_robot\RobWork\build\acc-wp24-t09-bld\RobWorkStudio\ext\qtpropertybrowser\qtpropertybrowser.vcxproj]
      D:\software\QT\6.11.1\msvc2022_64\include\QtCore\qvariant.h(149,70):
      参见“QVariant::Type”的声明
  
D:\10_Source_Repos\21_robot\RobWork\build\acc-wp24-t09-wt\RobWork\RobWorkStudio\ext\qtpropertybrowser\src\qtvariantproperty.cpp(2043,38): warning C4996: 'QVariant::Type': Use QMetaType::Type instead. [D:\10_Source_Repos\21_robot\RobWork\build\acc-wp24-t09-bld\RobWorkStudio\ext\qtpropertybrowser\qtpropertybrowser.vcxproj]
      D:\software\QT\6.11.1\msvc2022_64\include\QtCore\qvariant.h(149,70):
      参见“QVariant::Type”的声明
  
D:\10_Source_Repos\21_robot\RobWork\build\acc-wp24-t09-wt\RobWork\RobWorkStudio\ext\qtpropertybrowser\src\qtvariantproperty.cpp(2046,68): warning C4996: 'QVariant::Type': Use QMetaType::Type instead. [D:\10_Source_Repos\21_robot\RobWork\build\acc-wp24-t09-bld\RobWorkStudio\ext\qtpropertybrowser\qtpropertybrowser.vcxproj]
      D:\software\QT\6.11.1\msvc2022_64\include\QtCore\qvariant.h(149,70):
      参见“QVariant::Type”的声明
  
D:\10_Source_Repos\21_robot\RobWork\build\acc-wp24-t09-wt\RobWork\RobWorkStudio\ext\qtpropertybrowser\src\qtvariantproperty.cpp(2047,38): warning C4996: 'QVariant::Type': Use QMetaType::Type instead. [D:\10_Source_Repos\21_robot\RobWork\build\acc-wp24-t09-bld\RobWorkStudio\ext\qtpropertybrowser\qtpropertybrowser.vcxproj]
      D:\software\QT\6.11.1\msvc2022_64\include\QtCore\qvariant.h(149,70):
      参见“QVariant::Type”的声明
  
D:\10_Source_Repos\21_robot\RobWork\build\acc-wp24-t09-wt\RobWork\RobWorkStudio\ext\qtpropertybrowser\src\qtvariantproperty.cpp(2050,70): warning C4996: 'QVariant::Type': Use QMetaType::Type instead. [D:\10_Source_Repos\21_robot\RobWork\build\acc-wp24-t09-bld\RobWorkStudio\ext\qtpropertybrowser\qtpropertybrowser.vcxproj]
      D:\software\QT\6.11.1\msvc2022_64\include\QtCore\qvariant.h(149,70):
      参见“QVariant::Type”的声明
  
D:\10_Source_Repos\21_robot\RobWork\build\acc-wp24-t09-wt\RobWork\RobWorkStudio\ext\qtpropertybrowser\src\qtvariantproperty.cpp(2051,38): warning C4996: 'QVariant::Type': Use QMetaType::Type instead. [D:\10_Source_Repos\21_robot\RobWork\build\acc-wp24-t09-bld\RobWorkStudio\ext\qtpropertybrowser\qtpropertybrowser.vcxproj]
      D:\software\QT\6.11.1\msvc2022_64\include\QtCore\qvariant.h(149,70):
      参见“QVariant::Type”的声明
  
D:\10_Source_Repos\21_robot\RobWork\build\acc-wp24-t09-wt\RobWork\RobWorkStudio\ext\qtpropertybrowser\src\qtvariantproperty.cpp(2054,69): warning C4996: 'QVariant::Type': Use QMetaType::Type instead. [D:\10_Source_Repos\21_robot\RobWork\build\acc-wp24-t09-bld\RobWorkStudio\ext\qtpropertybrowser\qtpropertybrowser.vcxproj]
      D:\software\QT\6.11.1\msvc2022_64\include\QtCore\qvariant.h(149,70):
      参见“QVariant::Type”的声明
  
D:\10_Source_Repos\21_robot\RobWork\build\acc-wp24-t09-wt\RobWork\RobWorkStudio\ext\qtpropertybrowser\src\qtpropertybrowserutils.cpp(357,12): warning C4996: 'QKeyCombination::operator int': Use QKeyCombination instead of int [D:\10_Source_Repos\21_robot\RobWork\build\acc-wp24-t09-bld\RobWorkStudio\ext\qtpropertybrowser\qtpropertybrowser.vcxproj]
D:\10_Source_Repos\21_robot\RobWork\build\acc-wp24-t09-wt\RobWork\RobWorkStudio\ext\qtpropertybrowser\src\qtpropertybrowserutils.cpp(358,12): warning C4996: 'QKeyCombination::operator int': Use QKeyCombination instead of int [D:\10_Source_Repos\21_robot\RobWork\build\acc-wp24-t09-bld\RobWorkStudio\ext\qtpropertybrowser\qtpropertybrowser.vcxproj]
D:\10_Source_Repos\21_robot\RobWork\build\acc-wp24-t09-wt\RobWork\RobWorkStudio\ext\qtpropertybrowser\src\qtpropertybrowserutils.cpp(359,12): warning C4996: 'QKeyCombination::operator int': Use QKeyCombination instead of int [D:\10_Source_Repos\21_robot\RobWork\build\acc-wp24-t09-bld\RobWorkStudio\ext\qtpropertybrowser\qtpropertybrowser.vcxproj]
D:\10_Source_Repos\21_robot\RobWork\build\acc-wp24-t09-wt\RobWork\RobWorkStudio\ext\qtpropertybrowser\src\qtpropertybrowserutils.cpp(360,12): warning C4996: 'QKeyCombination::operator int': Use QKeyCombination instead of int [D:\10_Source_Repos\21_robot\RobWork\build\acc-wp24-t09-bld\RobWorkStudio\ext\qtpropertybrowser\qtpropertybrowser.vcxproj]
D:\10_Source_Repos\21_robot\RobWork\build\acc-wp24-t09-wt\RobWork\RobWorkStudio\ext\qtpropertybrowser\src\qtvariantproperty.cpp(2055,38): warning C4996: 'QVariant::Type': Use QMetaType::Type instead. [D:\10_Source_Repos\21_robot\RobWork\build\acc-wp24-t09-bld\RobWorkStudio\ext\qtpropertybrowser\qtpropertybrowser.vcxproj]
      D:\software\QT\6.11.1\msvc2022_64\include\QtCore\qvariant.h(149,70):
      参见“QVariant::Type”的声明
  
D:\10_Source_Repos\21_robot\RobWork\build\acc-wp24-t09-wt\RobWork\RobWorkStudio\ext\qtpropertybrowser\src\qtvariantproperty.cpp(2058,68): warning C4996: 'QVariant::Type': Use QMetaType::Type instead. [D:\10_Source_Repos\21_robot\RobWork\build\acc-wp24-t09-bld\RobWorkStudio\ext\qtpropertybrowser\qtpropertybrowser.vcxproj]
      D:\software\QT\6.11.1\msvc2022_64\include\QtCore\qvariant.h(149,70):
      参见“QVariant::Type”的声明
  
D:\10_Source_Repos\21_robot\RobWork\build\acc-wp24-t09-wt\RobWork\RobWorkStudio\ext\qtpropertybrowser\src\qtvariantproperty.cpp(2059,38): warning C4996: 'QVariant::Type': Use QMetaType::Type instead. [D:\10_Source_Repos\21_robot\RobWork\build\acc-wp24-t09-bld\RobWorkStudio\ext\qtpropertybrowser\qtpropertybrowser.vcxproj]
      D:\software\QT\6.11.1\msvc2022_64\include\QtCore\qvariant.h(149,70):
      参见“QVariant::Type”的声明
  
D:\10_Source_Repos\21_robot\RobWork\build\acc-wp24-t09-wt\RobWork\RobWorkStudio\ext\qtpropertybrowser\src\qtpropertymanager.cpp(430,39): warning C4996: 'QLocale::countryToString': Use territoryToString(Territory) instead [D:\10_Source_Repos\21_robot\RobWork\build\acc-wp24-t09-bld\RobWorkStudio\ext\qtpropertybrowser\qtpropertybrowser.vcxproj]
D:\10_Source_Repos\21_robot\RobWork\build\acc-wp24-t09-wt\RobWork\RobWorkStudio\ext\qtpropertybrowser\src\qtpropertymanager.cpp(455,30): warning C4996: 'QLocale::countriesForLanguage': Query territory() on each entry from matchingLocales() instead [D:\10_Source_Repos\21_robot\RobWork\build\acc-wp24-t09-bld\RobWorkStudio\ext\qtpropertybrowser\qtpropertybrowser.vcxproj]
D:\10_Source_Repos\21_robot\RobWork\build\acc-wp24-t09-wt\RobWork\RobWorkStudio\ext\qtpropertybrowser\src\qtpropertymanager.cpp(457,33): warning C4996: 'QLocale::country': Use territory() instead [D:\10_Source_Repos\21_robot\RobWork\build\acc-wp24-t09-bld\RobWorkStudio\ext\qtpropertybrowser\qtpropertybrowser.vcxproj]
D:\10_Source_Repos\21_robot\RobWork\build\acc-wp24-t09-wt\RobWork\RobWorkStudio\ext\qtpropertybrowser\src\qtpropertymanager.cpp(469,42): warning C4996: 'QLocale::countryToString': Use territoryToString(Territory) instead [D:\10_Source_Repos\21_robot\RobWork\build\acc-wp24-t09-bld\RobWorkStudio\ext\qtpropertybrowser\qtpropertybrowser.vcxproj]
D:\10_Source_Repos\21_robot\RobWork\build\acc-wp24-t09-wt\RobWork\RobWorkStudio\ext\qtpropertybrowser\src\qtpropertymanager.cpp(2464,43): warning C4996: 'QLocale::country': Use territory() instead [D:\10_Source_Repos\21_robot\RobWork\build\acc-wp24-t09-bld\RobWorkStudio\ext\qtpropertybrowser\qtpropertybrowser.vcxproj]
D:\10_Source_Repos\21_robot\RobWork\build\acc-wp24-t09-wt\RobWork\RobWorkStudio\ext\qtpropertybrowser\src\qtpropertymanager.cpp(2471,43): warning C4996: 'QLocale::country': Use territory() instead [D:\10_Source_Repos\21_robot\RobWork\build\acc-wp24-t09-bld\RobWorkStudio\ext\qtpropertybrowser\qtpropertybrowser.vcxproj]
D:\10_Source_Repos\21_robot\RobWork\build\acc-wp24-t09-wt\RobWork\RobWorkStudio\ext\qtpropertybrowser\src\qtpropertymanager.cpp(2587,59): warning C4996: 'QLocale::country': Use territory() instead [D:\10_Source_Repos\21_robot\RobWork\build\acc-wp24-t09-bld\RobWorkStudio\ext\qtpropertybrowser\qtpropertybrowser.vcxproj]
D:\10_Source_Repos\21_robot\RobWork\build\acc-wp24-t09-wt\RobWork\RobWorkStudio\ext\qtpropertybrowser\src\qtpropertymanager.cpp(2616,59): warning C4996: 'QLocale::country': Use territory() instead [D:\10_Source_Repos\21_robot\RobWork\build\acc-wp24-t09-bld\RobWorkStudio\ext\qtpropertybrowser\qtpropertybrowser.vcxproj]
D:\10_Source_Repos\21_robot\RobWork\build\acc-wp24-t09-wt\RobWork\RobWorkStudio\ext\qtpropertybrowser\src\qtpropertymanager.cpp(2638,59): warning C4996: 'QLocale::country': Use territory() instead [D:\10_Source_Repos\21_robot\RobWork\build\acc-wp24-t09-bld\RobWorkStudio\ext\qtpropertybrowser\qtpropertybrowser.vcxproj]
D:\10_Source_Repos\21_robot\RobWork\build\acc-wp24-t09-wt\RobWork\RobWorkStudio\ext\qtpropertybrowser\src\qteditorfactory.cpp(1736,14): warning C4996: 'QString::count': Use size() or length() instead. [D:\10_Source_Repos\21_robot\RobWork\build\acc-wp24-t09-bld\RobWorkStudio\ext\qtpropertybrowser\qtpropertybrowser.vcxproj]
  qtpropertybrowser.vcxproj -> D:\10_Source_Repos\21_robot\RobWork\build\acc-wp24-t09-bld\RobWorkStudio\libs\Release\qtpropertybrowser.lib
  Building Custom Rule D:/10_Source_Repos/21_robot/RobWork/build/acc-wp24-t09-wt/RobWork/RobWork/src/rw/core/CMakeLists.txt
  Extension.cpp
  ExtensionPoint.cpp
  ExtensionRegistry.cpp
  Log.cpp
  LogStreamWriter.cpp
  Message.cpp
  RobWork.cpp
  Property.cpp
  PropertyBase.cpp
  PropertyMap.cpp
  PropertyValue.cpp
  PropertyValueBase.cpp
  AnyPtr.cpp
  PropertyType.cpp
  Event.cpp
  Exception.cpp
  LogWriter.cpp
  IOUtil.cpp
  Plugin.cpp
  StringUtil.cpp
  DOMElem.cpp
  DOMParser.cpp
  DOMCorePropertyMapLoader.cpp
  DOMCorePropertyMapSaver.cpp
  DOMCoreBasisTypes.cpp
  DOMPropertyMapFormat.cpp
  BoostXMLParser.cpp
  os.cpp
  Auto build dll exports
    正在创建库 D:/10_Source_Repos/21_robot/RobWork/build/acc-wp24-t09-bld/RobWork/libs/Release/sdurw_core.lib 和对象 D:/10_Source_Repos/21_robot/RobWork/build/acc-wp24-t09-bld/RobWork/libs/Release/sdurw_core.exp
  sdurw_core.vcxproj -> D:\10_Source_Repos\21_robot\RobWork\build\acc-wp24-t09-bld\RobWork\bin\Release\sdurw_core.dll
  D:\10_Source_Repos\21_robot\RobWork\vcpkg\installed\x64-windows\bin\boost_filesystem-vc143-mt-x64-1_92.dll -> D:\10_Source_Repos\21_robot\RobWork\build\acc-wp24-t09-bld\RobWork\bin\Release\boost_filesystem-vc143-mt-x64-1_92.dll done
  D:\10_Source_Repos\21_robot\RobWork\vcpkg\installed\x64-windows\bin\boost_program_options-vc143-mt-x64-1_92.dll -> D:\10_Source_Repos\21_robot\RobWork\build\acc-wp24-t09-bld\RobWork\bin\Release\boost_program_options-vc143-mt-x64-1_92.dll done
  Building Custom Rule D:/10_Source_Repos/21_robot/RobWork/build/acc-wp24-t09-wt/RobWork/RobWork/src/rw/common/CMakeLists.txt
  Archive.cpp
  BINArchive.cpp
  Cache.cpp
  ConcatVectorIterator.cpp
  FileCache.cpp
  INIArchive.cpp
  InputArchive.cpp
  LogBufferedChar.cpp
  LogBufferedMsg.cpp
  LogFileWriter.cpp
  LogMultiWriter.cpp
  OutputArchive.cpp
  PairMap.cpp
  ProgramOptions.cpp
  Serializable.cpp
  ThreadPool.cpp
  ThreadSafeQueue.cpp
  ThreadSafeStack.cpp
  ThreadSafeVariable.cpp
  ThreadTask.cpp
  Timer.cpp
  TimerUtil.cpp
  VectorIterator.cpp
  Auto build dll exports
    正在创建库 D:/10_Source_Repos/21_robot/RobWork/build/acc-wp24-t09-bld/RobWork/libs/Release/sdurw_common.lib 和对象 D:/10_Source_Repos/21_robot/RobWork/build/acc-wp24-t09-bld/RobWork/libs/Release/sdurw_common.exp
  sdurw_common.vcxproj -> D:\10_Source_Repos\21_robot\RobWork\build\acc-wp24-t09-bld\RobWork\bin\Release\sdurw_common.dll
  D:\10_Source_Repos\21_robot\RobWork\vcpkg\installed\x64-windows\bin\boost_thread-vc143-mt-x64-1_92.dll -> D:\10_Source_Repos\21_robot\RobWork\build\acc-wp24-t09-bld\RobWork\bin\Release\boost_thread-vc143-mt-x64-1_92.dll done
  Building Custom Rule D:/10_Source_Repos/21_robot/RobWork/build/acc-wp24-t09-wt/RobWork/RobWork/src/rw/math/CMakeLists.txt
  CameraMatrix.cpp
  EAA.cpp
  EigenDecomposition.cpp
  InertiaMatrix.cpp
  Jacobian.cpp
  Line2D.cpp
  Line2DPolar.cpp
  LinearAlgebra.cpp
  Math.cpp
  Metric.cpp
  MetricFactory.cpp
  MetricUtil.cpp
  PerspectiveTransform2D.cpp
  Polynomial.cpp
  PolynomialND.cpp
  PolynomialSolver.cpp
  Pose2D.cpp
  Pose6D.cpp
  ProjectionMatrix.cpp
  Q.cpp
  Quaternion.cpp
  RPY.cpp
  Random.cpp
  Rotation2D.cpp
  Rotation3D.cpp
  Rotation3DVector.cpp
  Statistics.cpp
  Transform2D.cpp
  Transform3D.cpp
  Transform3DVector.cpp
  Vector.cpp
  Vector2D.cpp
  Vector3D.cpp
  VectorND.cpp
  VelocityScrew6D.cpp
  Wrench6D.cpp
D:\10_Source_Repos\21_robot\RobWork\build\acc-wp24-t09-wt\RobWork\RobWork\src\rw\math\LinearAlgebra.cpp(32,15): warning C4996: 'Eigen::MatrixBase<Derived>::jacobiSvd': Options should be specified using method's template parameter. [D:\10_Source_Repos\21_robot\RobWork\build\acc-wp24-t09-bld\RobWork\src\rw\math\sdurw_math.vcxproj]
D:\10_Source_Repos\21_robot\RobWork\build\acc-wp24-t09-wt\RobWork\RobWork\src\rw\math\LinearAlgebra.cpp(32,15): warning C4996:         with [D:\10_Source_Repos\21_robot\RobWork\build\acc-wp24-t09-bld\RobWork\src\rw\math\sdurw_math.vcxproj]
D:\10_Source_Repos\21_robot\RobWork\build\acc-wp24-t09-wt\RobWork\RobWork\src\rw\math\LinearAlgebra.cpp(32,15): warning C4996:         [ [D:\10_Source_Repos\21_robot\RobWork\build\acc-wp24-t09-bld\RobWork\src\rw\math\sdurw_math.vcxproj]
D:\10_Source_Repos\21_robot\RobWork\build\acc-wp24-t09-wt\RobWork\RobWork\src\rw\math\LinearAlgebra.cpp(32,15): warning C4996:             Derived=Eigen::Matrix<double,-1,-1,0,-1,-1> [D:\10_Source_Repos\21_robot\RobWork\build\acc-wp24-t09-bld\RobWork\src\rw\math\sdurw_math.vcxproj]
D:\10_Source_Repos\21_robot\RobWork\build\acc-wp24-t09-wt\RobWork\RobWork\src\rw\math\LinearAlgebra.cpp(32,15): warning C4996:         ] [D:\10_Source_Repos\21_robot\RobWork\build\acc-wp24-t09-bld\RobWork\src\rw\math\sdurw_math.vcxproj]
D:\10_Source_Repos\21_robot\RobWork\build\acc-wp24-t09-wt\RobWork\RobWork\src\rw\math\LinearAlgebra.cpp(44,16): warning C4996: 'Eigen::MatrixBase<Derived>::jacobiSvd': Options should be specified using method's template parameter. [D:\10_Source_Repos\21_robot\RobWork\build\acc-wp24-t09-bld\RobWork\src\rw\math\sdurw_math.vcxproj]
D:\10_Source_Repos\21_robot\RobWork\build\acc-wp24-t09-wt\RobWork\RobWork\src\rw\math\LinearAlgebra.cpp(44,16): warning C4996:         with [D:\10_Source_Repos\21_robot\RobWork\build\acc-wp24-t09-bld\RobWork\src\rw\math\sdurw_math.vcxproj]
D:\10_Source_Repos\21_robot\RobWork\build\acc-wp24-t09-wt\RobWork\RobWork\src\rw\math\LinearAlgebra.cpp(44,16): warning C4996:         [ [D:\10_Source_Repos\21_robot\RobWork\build\acc-wp24-t09-bld\RobWork\src\rw\math\sdurw_math.vcxproj]
D:\10_Source_Repos\21_robot\RobWork\build\acc-wp24-t09-wt\RobWork\RobWork\src\rw\math\LinearAlgebra.cpp(44,16): warning C4996:             Derived=Eigen::Matrix<double,-1,-1,0,-1,-1> [D:\10_Source_Repos\21_robot\RobWork\build\acc-wp24-t09-bld\RobWork\src\rw\math\sdurw_math.vcxproj]
D:\10_Source_Repos\21_robot\RobWork\build\acc-wp24-t09-wt\RobWork\RobWork\src\rw\math\LinearAlgebra.cpp(44,16): warning C4996:         ] [D:\10_Source_Repos\21_robot\RobWork\build\acc-wp24-t09-bld\RobWork\src\rw\math\sdurw_math.vcxproj]
D:\10_Source_Repos\21_robot\RobWork\build\acc-wp24-t09-wt\RobWork\RobWork\src\rw\math\LinearAlgebra.cpp(59,11): warning C4996: 'Eigen::MatrixBase<Derived>::jacobiSvd': Options should be specified using method's template parameter. [D:\10_Source_Repos\21_robot\RobWork\build\acc-wp24-t09-bld\RobWork\src\rw\math\sdurw_math.vcxproj]
D:\10_Source_Repos\21_robot\RobWork\build\acc-wp24-t09-wt\RobWork\RobWork\src\rw\math\LinearAlgebra.cpp(59,11): warning C4996:         with [D:\10_Source_Repos\21_robot\RobWork\build\acc-wp24-t09-bld\RobWork\src\rw\math\sdurw_math.vcxproj]
D:\10_Source_Repos\21_robot\RobWork\build\acc-wp24-t09-wt\RobWork\RobWork\src\rw\math\LinearAlgebra.cpp(59,11): warning C4996:         [ [D:\10_Source_Repos\21_robot\RobWork\build\acc-wp24-t09-bld\RobWork\src\rw\math\sdurw_math.vcxproj]
D:\10_Source_Repos\21_robot\RobWork\build\acc-wp24-t09-wt\RobWork\RobWork\src\rw\math\LinearAlgebra.cpp(59,11): warning C4996:             Derived=Eigen::Matrix<double,-1,-1,0,-1,-1> [D:\10_Source_Repos\21_robot\RobWork\build\acc-wp24-t09-bld\RobWork\src\rw\math\sdurw_math.vcxproj]
D:\10_Source_Repos\21_robot\RobWork\build\acc-wp24-t09-wt\RobWork\RobWork\src\rw\math\LinearAlgebra.cpp(59,11): warning C4996:         ] [D:\10_Source_Repos\21_robot\RobWork\build\acc-wp24-t09-bld\RobWork\src\rw\math\sdurw_math.vcxproj]
D:\10_Source_Repos\21_robot\RobWork\build\acc-wp24-t09-wt\RobWork\RobWork\src\rw\math\Quaternion.cpp(64,27): warning C4244: “=”: 从“double”转换到“T”，可能丢失数据 [D:\10_Source_Repos\21_robot\RobWork\build\acc-wp24-t09-bld\RobWork\src\rw\math\sdurw_math.vcxproj]
D:\10_Source_Repos\21_robot\RobWork\build\acc-wp24-t09-wt\RobWork\RobWork\src\rw\math\Quaternion.cpp(64,27): warning C4244:         with [D:\10_Source_Repos\21_robot\RobWork\build\acc-wp24-t09-bld\RobWork\src\rw\math\sdurw_math.vcxproj]
D:\10_Source_Repos\21_robot\RobWork\build\acc-wp24-t09-wt\RobWork\RobWork\src\rw\math\Quaternion.cpp(64,27): warning C4244:         [ [D:\10_Source_Repos\21_robot\RobWork\build\acc-wp24-t09-bld\RobWork\src\rw\math\sdurw_math.vcxproj]
D:\10_Source_Repos\21_robot\RobWork\build\acc-wp24-t09-wt\RobWork\RobWork\src\rw\math\Quaternion.cpp(64,27): warning C4244:             T=float [D:\10_Source_Repos\21_robot\RobWork\build\acc-wp24-t09-bld\RobWork\src\rw\math\sdurw_math.vcxproj]
D:\10_Source_Repos\21_robot\RobWork\build\acc-wp24-t09-wt\RobWork\RobWork\src\rw\math\Quaternion.cpp(64,27): warning C4244:         ] [D:\10_Source_Repos\21_robot\RobWork\build\acc-wp24-t09-bld\RobWork\src\rw\math\sdurw_math.vcxproj]
      D:\10_Source_Repos\21_robot\RobWork\build\acc-wp24-t09-wt\RobWork\RobWork\src\rw\math\Quaternion.cpp(64,27):
      模板实例化上下文(最早的实例化上下文)为
          D:\10_Source_Repos\21_robot\RobWork\build\acc-wp24-t09-wt\RobWork\RobWork\src\rw\math\Quaternion.hpp(629,56):
          查看对正在编译的 类 模板 实例化“rw::math::Quaternion<float>”的引用
          D:\10_Source_Repos\21_robot\RobWork\build\acc-wp24-t09-wt\RobWork\RobWork\src\rw\math\Quaternion.cpp(61,1):
          在编译 类 模板 成员函数“rw::math::Quaternion<float> rw::math::Quaternion<float>::pow(double) const”时
  
D:\10_Source_Repos\21_robot\RobWork\build\acc-wp24-t09-wt\RobWork\RobWork\src\rw\math\Quaternion.hpp(276,50): warning C4244: “初始化”: 从“T”转换到“T”，可能丢失数据 [D:\10_Source_Repos\21_robot\RobWork\build\acc-wp24-t09-bld\RobWork\src\rw\math\sdurw_math.vcxproj]
D:\10_Source_Repos\21_robot\RobWork\build\acc-wp24-t09-wt\RobWork\RobWork\src\rw\math\Quaternion.hpp(276,50): warning C4244:         with [D:\10_Source_Repos\21_robot\RobWork\build\acc-wp24-t09-bld\RobWork\src\rw\math\sdurw_math.vcxproj]
D:\10_Source_Repos\21_robot\RobWork\build\acc-wp24-t09-wt\RobWork\RobWork\src\rw\math\Quaternion.hpp(276,50): warning C4244:         [ [D:\10_Source_Repos\21_robot\RobWork\build\acc-wp24-t09-bld\RobWork\src\rw\math\sdurw_math.vcxproj]
D:\10_Source_Repos\21_robot\RobWork\build\acc-wp24-t09-wt\RobWork\RobWork\src\rw\math\Quaternion.hpp(276,50): warning C4244:             T=double [D:\10_Source_Repos\21_robot\RobWork\build\acc-wp24-t09-bld\RobWork\src\rw\math\sdurw_math.vcxproj]
D:\10_Source_Repos\21_robot\RobWork\build\acc-wp24-t09-wt\RobWork\RobWork\src\rw\math\Quaternion.hpp(276,50): warning C4244:         ] [D:\10_Source_Repos\21_robot\RobWork\build\acc-wp24-t09-bld\RobWork\src\rw\math\sdurw_math.vcxproj]
D:\10_Source_Repos\21_robot\RobWork\build\acc-wp24-t09-wt\RobWork\RobWork\src\rw\math\Quaternion.hpp(276,50): warning C4244:         and [D:\10_Source_Repos\21_robot\RobWork\build\acc-wp24-t09-bld\RobWork\src\rw\math\sdurw_math.vcxproj]
D:\10_Source_Repos\21_robot\RobWork\build\acc-wp24-t09-wt\RobWork\RobWork\src\rw\math\Quaternion.hpp(276,50): warning C4244:         [ [D:\10_Source_Repos\21_robot\RobWork\build\acc-wp24-t09-bld\RobWork\src\rw\math\sdurw_math.vcxproj]
D:\10_Source_Repos\21_robot\RobWork\build\acc-wp24-t09-wt\RobWork\RobWork\src\rw\math\Quaternion.hpp(276,50): warning C4244:             T=float [D:\10_Source_Repos\21_robot\RobWork\build\acc-wp24-t09-bld\RobWork\src\rw\math\sdurw_math.vcxproj]
D:\10_Source_Repos\21_robot\RobWork\build\acc-wp24-t09-wt\RobWork\RobWork\src\rw\math\Quaternion.hpp(276,50): warning C4244:         ] [D:\10_Source_Repos\21_robot\RobWork\build\acc-wp24-t09-bld\RobWork\src\rw\math\sdurw_math.vcxproj]
  (编译源文件“../../../../../acc-wp24-t09-wt/RobWork/RobWork/src/rw/math/Quaternion.cpp”)
      D:\10_Source_Repos\21_robot\RobWork\build\acc-wp24-t09-wt\RobWork\RobWork\src\rw\math\Quaternion.hpp(276,50):
      模板实例化上下文(最早的实例化上下文)为
          D:\10_Source_Repos\21_robot\RobWork\build\acc-wp24-t09-wt\RobWork\RobWork\src\rw\math\Quaternion.hpp(540,26):
          在编译 类 模板 成员函数“rw::math::Quaternion<float> &rw::math::Quaternion<float>::operator =(const rw::math::Rotation3D<double> &)”时
          D:\10_Source_Repos\21_robot\RobWork\build\acc-wp24-t09-wt\RobWork\RobWork\src\rw\math\Quaternion.hpp(542,19):
          查看对正在编译的函数 模板 实例化“void rw::math::Quaternion<float>::setRotation<double>(const rw::math::Rotation3D<double> &)”的引用
  
D:\10_Source_Repos\21_robot\RobWork\build\acc-wp24-t09-wt\RobWork\RobWork\src\rw\math\Quaternion.hpp(276,24): warning C4244: “初始化”: 从“T”转换到“const T”，可能丢失数据 [D:\10_Source_Repos\21_robot\RobWork\build\acc-wp24-t09-bld\RobWork\src\rw\math\sdurw_math.vcxproj]
D:\10_Source_Repos\21_robot\RobWork\build\acc-wp24-t09-wt\RobWork\RobWork\src\rw\math\Quaternion.hpp(276,24): warning C4244:         with [D:\10_Source_Repos\21_robot\RobWork\build\acc-wp24-t09-bld\RobWork\src\rw\math\sdurw_math.vcxproj]
D:\10_Source_Repos\21_robot\RobWork\build\acc-wp24-t09-wt\RobWork\RobWork\src\rw\math\Quaternion.hpp(276,24): warning C4244:         [ [D:\10_Source_Repos\21_robot\RobWork\build\acc-wp24-t09-bld\RobWork\src\rw\math\sdurw_math.vcxproj]
D:\10_Source_Repos\21_robot\RobWork\build\acc-wp24-t09-wt\RobWork\RobWork\src\rw\math\Quaternion.hpp(276,24): warning C4244:             T=double [D:\10_Source_Repos\21_robot\RobWork\build\acc-wp24-t09-bld\RobWork\src\rw\math\sdurw_math.vcxproj]
D:\10_Source_Repos\21_robot\RobWork\build\acc-wp24-t09-wt\RobWork\RobWork\src\rw\math\Quaternion.hpp(276,24): warning C4244:         ] [D:\10_Source_Repos\21_robot\RobWork\build\acc-wp24-t09-bld\RobWork\src\rw\math\sdurw_math.vcxproj]
D:\10_Source_Repos\21_robot\RobWork\build\acc-wp24-t09-wt\RobWork\RobWork\src\rw\math\Quaternion.hpp(276,24): warning C4244:         and [D:\10_Source_Repos\21_robot\RobWork\build\acc-wp24-t09-bld\RobWork\src\rw\math\sdurw_math.vcxproj]
D:\10_Source_Repos\21_robot\RobWork\build\acc-wp24-t09-wt\RobWork\RobWork\src\rw\math\Quaternion.hpp(276,24): warning C4244:         [ [D:\10_Source_Repos\21_robot\RobWork\build\acc-wp24-t09-bld\RobWork\src\rw\math\sdurw_math.vcxproj]
D:\10_Source_Repos\21_robot\RobWork\build\acc-wp24-t09-wt\RobWork\RobWork\src\rw\math\Quaternion.hpp(276,24): warning C4244:             T=float [D:\10_Source_Repos\21_robot\RobWork\build\acc-wp24-t09-bld\RobWork\src\rw\math\sdurw_math.vcxproj]
D:\10_Source_Repos\21_robot\RobWork\build\acc-wp24-t09-wt\RobWork\RobWork\src\rw\math\Quaternion.hpp(276,24): warning C4244:         ] [D:\10_Source_Repos\21_robot\RobWork\build\acc-wp24-t09-bld\RobWork\src\rw\math\sdurw_math.vcxproj]
  (编译源文件“../../../../../acc-wp24-t09-wt/RobWork/RobWork/src/rw/math/Quaternion.cpp”)
  
D:\10_Source_Repos\21_robot\RobWork\build\acc-wp24-t09-wt\RobWork\RobWork\src\rw\math\VectorND.hpp(444,21): warning C4244: “参数”: 从“double”转换到“const float”，可能丢失数据 [D:\10_Source_Repos\21_robot\RobWork\build\acc-wp24-t09-bld\RobWork\src\rw\math\sdurw_math.vcxproj]
  (编译源文件“../../../../../acc-wp24-t09-wt/RobWork/RobWork/src/rw/math/VectorND.cpp”)
      D:\10_Source_Repos\21_robot\RobWork\build\acc-wp24-t09-wt\RobWork\RobWork\src\rw\math\VectorND.hpp(444,21):
      模板实例化上下文(最早的实例化上下文)为
          D:\10_Source_Repos\21_robot\RobWork\build\acc-wp24-t09-wt\RobWork\RobWork\src\rw\math\VectorND.hpp(764,57):
          查看对正在编译的 类 模板 实例化“rw::math::VectorND<2,float>”的引用
          D:\10_Source_Repos\21_robot\RobWork\build\acc-wp24-t09-wt\RobWork\RobWork\src\rw\math\VectorND.hpp(442,27):
          在编译 类 模板 成员函数“rw::math::VectorND<2,float> &rw::math::VectorND<2,float>::operator /=(double)”时
  
D:\10_Source_Repos\21_robot\RobWork\build\acc-wp24-t09-wt\RobWork\RobWork\src\rw\math\VectorND.hpp(435,21): warning C4244: “参数”: 从“double”转换到“const float”，可能丢失数据 [D:\10_Source_Repos\21_robot\RobWork\build\acc-wp24-t09-bld\RobWork\src\rw\math\sdurw_math.vcxproj]
  (编译源文件“../../../../../acc-wp24-t09-wt/RobWork/RobWork/src/rw/math/VectorND.cpp”)
      D:\10_Source_Repos\21_robot\RobWork\build\acc-wp24-t09-wt\RobWork\RobWork\src\rw\math\VectorND.hpp(435,21):
      模板实例化上下文(最早的实例化上下文)为
          D:\10_Source_Repos\21_robot\RobWork\build\acc-wp24-t09-wt\RobWork\RobWork\src\rw\math\VectorND.hpp(433,27):
          在编译 类 模板 成员函数“rw::math::VectorND<2,float> &rw::math::VectorND<2,float>::operator *=(double)”时
  
  Auto build dll exports
    正在创建库 D:/10_Source_Repos/21_robot/RobWork/build/acc-wp24-t09-bld/RobWork/libs/Release/sdurw_math.lib 和对象 D:/10_Source_Repos/21_robot/RobWork/build/acc-wp24-t09-bld/RobWork/libs/Release/sdurw_math.exp
  sdurw_math.vcxproj -> D:\10_Source_Repos\21_robot\RobWork\build\acc-wp24-t09-bld\RobWork\bin\Release\sdurw_math.dll
  Building Custom Rule D:/10_Source_Repos/21_robot/RobWork/build/acc-wp24-t09-wt/RobWork/RobWork/src/rw/kinematics/CMakeLists.txt
  FixedFrame.cpp
  FKRange.cpp
  FKTable.cpp
  Frame.cpp
  FrameType.cpp
  FrameMap.cpp
  Kinematics.cpp
  MovableFrame.cpp
  State.cpp
  QState.cpp
  TreeState.cpp
  StateCache.cpp
  StateStructure.cpp
  StateData.cpp
  StateSetup.cpp
  FramePairMap.cpp
  StatelessData.cpp
  Stateless.cpp
  Auto build dll exports
    正在创建库 D:/10_Source_Repos/21_robot/RobWork/build/acc-wp24-t09-bld/RobWork/libs/Release/sdurw_kinematics.lib 和对象 D:/10_Source_Repos/21_robot/RobWork/build/acc-wp24-t09-bld/RobWork/libs/Release/sdurw_kinematics.exp
  sdurw_kinematics.vcxproj -> D:\10_Source_Repos\21_robot\RobWork\build\acc-wp24-t09-bld\RobWork\bin\Release\sdurw_kinematics.dll
  Building Custom Rule D:/10_Source_Repos/21_robot/RobWork/build/acc-wp24-t09-wt/RobWork/RobWork/src/rw/geometry/CMakeLists.txt
  AABB.cpp
  BSphere.cpp
  BV.cpp
  BVCollider.cpp
  BVDistanceCalc.cpp
  Box.cpp
  Cone.cpp
  Contour2D.cpp
  ConvexHull2D.cpp
  ConvexHull3D.cpp
  ConvexHullND.cpp
  Covariance.cpp
  Cylinder.cpp
  Delaunay.cpp
  DistanceUtil.cpp
  Geometry.cpp
  GeometryData.cpp
  GeometryUtil.cpp
  HyperSphere.cpp
  IndexedArray.cpp
  IndexedTriArray.cpp
  IndexedTriMesh.cpp
  IndexedTriangle.cpp
  IntersectUtil.cpp
  Line.cpp
  Model3D.cpp
  OBB.cpp
  OBBCollider.cpp
  OBBFactory.cpp
  OBBToleranceCollider.cpp
  Object3D.cpp
  PlainTriMesh.cpp
  Plane.cpp
  PointCloud.cpp
  PolygonUtil.cpp
  Primitive.cpp
  Pyramid.cpp
  QHull3D.cpp
  QHullND.cpp
  Ray.cpp
  Sphere.cpp
  SphereDistanceCalc.cpp
  TriMesh.cpp
  TriMeshSurfaceSampler.cpp
D:\10_Source_Repos\21_robot\RobWork\build\acc-wp24-t09-wt\RobWork\RobWork\src\rw\geometry\Object3D.hpp(280,22): warning C4244: “参数”: 从“double”转换到“T”，可能丢失数据 [D:\10_Source_Repos\21_robot\RobWork\build\acc-wp24-t09-bld\RobWork\src\rw\geometry\sdurw_geometry.vcxproj]
D:\10_Source_Repos\21_robot\RobWork\build\acc-wp24-t09-wt\RobWork\RobWork\src\rw\geometry\Object3D.hpp(280,22): warning C4244:         with [D:\10_Source_Repos\21_robot\RobWork\build\acc-wp24-t09-bld\RobWork\src\rw\geometry\sdurw_geometry.vcxproj]
D:\10_Source_Repos\21_robot\RobWork\build\acc-wp24-t09-wt\RobWork\RobWork\src\rw\geometry\Object3D.hpp(280,22): warning C4244:         [ [D:\10_Source_Repos\21_robot\RobWork\build\acc-wp24-t09-bld\RobWork\src\rw\geometry\sdurw_geometry.vcxproj]
D:\10_Source_Repos\21_robot\RobWork\build\acc-wp24-t09-wt\RobWork\RobWork\src\rw\geometry\Object3D.hpp(280,22): warning C4244:             T=float [D:\10_Source_Repos\21_robot\RobWork\build\acc-wp24-t09-bld\RobWork\src\rw\geometry\sdurw_geometry.vcxproj]
D:\10_Source_Repos\21_robot\RobWork\build\acc-wp24-t09-wt\RobWork\RobWork\src\rw\geometry\Object3D.hpp(280,22): warning C4244:         ] [D:\10_Source_Repos\21_robot\RobWork\build\acc-wp24-t09-bld\RobWork\src\rw\geometry\sdurw_geometry.vcxproj]
  (编译源文件“../../../../../acc-wp24-t09-wt/RobWork/RobWork/src/rw/geometry/Model3D.cpp”)
      D:\10_Source_Repos\21_robot\RobWork\build\acc-wp24-t09-wt\RobWork\RobWork\src\rw\geometry\Object3D.hpp(280,22):
      模板实例化上下文(最早的实例化上下文)为
          D:\10_Source_Repos\21_robot\RobWork\build\acc-wp24-t09-wt\RobWork\RobWork\src\rw\geometry\Model3D.cpp(202,59):
          查看对正在编译的 类 模板 实例化“rw::geometry::Object3D<uint32_t>”的引用
          D:\10_Source_Repos\21_robot\RobWork\build\acc-wp24-t09-wt\RobWork\RobWork\src\rw\geometry\Object3D.hpp(277,14):
          在编译 类 模板 成员函数“void rw::geometry::Object3D<uint32_t>::scale(double)”时
  
D:\10_Source_Repos\21_robot\RobWork\build\acc-wp24-t09-wt\RobWork\RobWork\src\rw\geometry\Object3D.hpp(284,22): warning C4244: “参数”: 从“double”转换到“T”，可能丢失数据 [D:\10_Source_Repos\21_robot\RobWork\build\acc-wp24-t09-bld\RobWork\src\rw\geometry\sdurw_geometry.vcxproj]
D:\10_Source_Repos\21_robot\RobWork\build\acc-wp24-t09-wt\RobWork\RobWork\src\rw\geometry\Object3D.hpp(284,22): warning C4244:         with [D:\10_Source_Repos\21_robot\RobWork\build\acc-wp24-t09-bld\RobWork\src\rw\geometry\sdurw_geometry.vcxproj]
D:\10_Source_Repos\21_robot\RobWork\build\acc-wp24-t09-wt\RobWork\RobWork\src\rw\geometry\Object3D.hpp(284,22): warning C4244:         [ [D:\10_Source_Repos\21_robot\RobWork\build\acc-wp24-t09-bld\RobWork\src\rw\geometry\sdurw_geometry.vcxproj]
D:\10_Source_Repos\21_robot\RobWork\build\acc-wp24-t09-wt\RobWork\RobWork\src\rw\geometry\Object3D.hpp(284,22): warning C4244:             T=float [D:\10_Source_Repos\21_robot\RobWork\build\acc-wp24-t09-bld\RobWork\src\rw\geometry\sdurw_geometry.vcxproj]
D:\10_Source_Repos\21_robot\RobWork\build\acc-wp24-t09-wt\RobWork\RobWork\src\rw\geometry\Object3D.hpp(284,22): warning C4244:         ] [D:\10_Source_Repos\21_robot\RobWork\build\acc-wp24-t09-bld\RobWork\src\rw\geometry\sdurw_geometry.vcxproj]
  (编译源文件“../../../../../acc-wp24-t09-wt/RobWork/RobWork/src/rw/geometry/Model3D.cpp”)
  
D:\10_Source_Repos\21_robot\RobWork\build\acc-wp24-t09-wt\RobWork\RobWork\src\rw\geometry\Object3D.hpp(286,32): warning C4244: “参数”: 从“double”转换到“T”，可能丢失数据 [D:\10_Source_Repos\21_robot\RobWork\build\acc-wp24-t09-bld\RobWork\src\rw\geometry\sdurw_geometry.vcxproj]
D:\10_Source_Repos\21_robot\RobWork\build\acc-wp24-t09-wt\RobWork\RobWork\src\rw\geometry\Object3D.hpp(286,32): warning C4244:         with [D:\10_Source_Repos\21_robot\RobWork\build\acc-wp24-t09-bld\RobWork\src\rw\geometry\sdurw_geometry.vcxproj]
D:\10_Source_Repos\21_robot\RobWork\build\acc-wp24-t09-wt\RobWork\RobWork\src\rw\geometry\Object3D.hpp(286,32): warning C4244:         [ [D:\10_Source_Repos\21_robot\RobWork\build\acc-wp24-t09-bld\RobWork\src\rw\geometry\sdurw_geometry.vcxproj]
D:\10_Source_Repos\21_robot\RobWork\build\acc-wp24-t09-wt\RobWork\RobWork\src\rw\geometry\Object3D.hpp(286,32): warning C4244:             T=float [D:\10_Source_Repos\21_robot\RobWork\build\acc-wp24-t09-bld\RobWork\src\rw\geometry\sdurw_geometry.vcxproj]
D:\10_Source_Repos\21_robot\RobWork\build\acc-wp24-t09-wt\RobWork\RobWork\src\rw\geometry\Object3D.hpp(286,32): warning C4244:         ] [D:\10_Source_Repos\21_robot\RobWork\build\acc-wp24-t09-bld\RobWork\src\rw\geometry\sdurw_geometry.vcxproj]
  (编译源文件“../../../../../acc-wp24-t09-wt/RobWork/RobWork/src/rw/geometry/Model3D.cpp”)
  
D:\10_Source_Repos\21_robot\RobWork\build\acc-wp24-t09-wt\RobWork\RobWork\src\rw\geometry\Object3D.hpp(287,27): warning C4244: “参数”: 从“double”转换到“T”，可能丢失数据 [D:\10_Source_Repos\21_robot\RobWork\build\acc-wp24-t09-bld\RobWork\src\rw\geometry\sdurw_geometry.vcxproj]
D:\10_Source_Repos\21_robot\RobWork\build\acc-wp24-t09-wt\RobWork\RobWork\src\rw\geometry\Object3D.hpp(287,27): warning C4244:         with [D:\10_Source_Repos\21_robot\RobWork\build\acc-wp24-t09-bld\RobWork\src\rw\geometry\sdurw_geometry.vcxproj]
D:\10_Source_Repos\21_robot\RobWork\build\acc-wp24-t09-wt\RobWork\RobWork\src\rw\geometry\Object3D.hpp(287,27): warning C4244:         [ [D:\10_Source_Repos\21_robot\RobWork\build\acc-wp24-t09-bld\RobWork\src\rw\geometry\sdurw_geometry.vcxproj]
D:\10_Source_Repos\21_robot\RobWork\build\acc-wp24-t09-wt\RobWork\RobWork\src\rw\geometry\Object3D.hpp(287,27): warning C4244:             T=float [D:\10_Source_Repos\21_robot\RobWork\build\acc-wp24-t09-bld\RobWork\src\rw\geometry\sdurw_geometry.vcxproj]
D:\10_Source_Repos\21_robot\RobWork\build\acc-wp24-t09-wt\RobWork\RobWork\src\rw\geometry\Object3D.hpp(287,27): warning C4244:         ] [D:\10_Source_Repos\21_robot\RobWork\build\acc-wp24-t09-bld\RobWork\src\rw\geometry\sdurw_geometry.vcxproj]
  (编译源文件“../../../../../acc-wp24-t09-wt/RobWork/RobWork/src/rw/geometry/Model3D.cpp”)
  
D:\10_Source_Repos\21_robot\RobWork\build\acc-wp24-t09-wt\RobWork\RobWork\src\rw\geometry\Object3D.hpp(288,27): warning C4244: “参数”: 从“double”转换到“T”，可能丢失数据 [D:\10_Source_Repos\21_robot\RobWork\build\acc-wp24-t09-bld\RobWork\src\rw\geometry\sdurw_geometry.vcxproj]
D:\10_Source_Repos\21_robot\RobWork\build\acc-wp24-t09-wt\RobWork\RobWork\src\rw\geometry\Object3D.hpp(288,27): warning C4244:         with [D:\10_Source_Repos\21_robot\RobWork\build\acc-wp24-t09-bld\RobWork\src\rw\geometry\sdurw_geometry.vcxproj]
D:\10_Source_Repos\21_robot\RobWork\build\acc-wp24-t09-wt\RobWork\RobWork\src\rw\geometry\Object3D.hpp(288,27): warning C4244:         [ [D:\10_Source_Repos\21_robot\RobWork\build\acc-wp24-t09-bld\RobWork\src\rw\geometry\sdurw_geometry.vcxproj]
D:\10_Source_Repos\21_robot\RobWork\build\acc-wp24-t09-wt\RobWork\RobWork\src\rw\geometry\Object3D.hpp(288,27): warning C4244:             T=float [D:\10_Source_Repos\21_robot\RobWork\build\acc-wp24-t09-bld\RobWork\src\rw\geometry\sdurw_geometry.vcxproj]
D:\10_Source_Repos\21_robot\RobWork\build\acc-wp24-t09-wt\RobWork\RobWork\src\rw\geometry\Object3D.hpp(288,27): warning C4244:         ] [D:\10_Source_Repos\21_robot\RobWork\build\acc-wp24-t09-bld\RobWork\src\rw\geometry\sdurw_geometry.vcxproj]
  (编译源文件“../../../../../acc-wp24-t09-wt/RobWork/RobWork/src/rw/geometry/Model3D.cpp”)
  
  TriTriIntersectDeviller.cpp
  TriTriIntersectMoller.cpp
  Triangle.cpp
  TriangleUtil.cpp
  Triangulate.cpp
  Tube.cpp
  AnalyticUtil.cpp
  BREP.cpp
  Curve.cpp
  Face.cpp
  GenericFace.cpp
  ImplicitBREP.cpp
  ImplicitFace.cpp
  ImplicitShell.cpp
  ImplicitSurface.cpp
  ImplicitTorus.cpp
  IndexedFaceArray.cpp
  ParametricCurve.cpp
  Shell.cpp
  Surface.cpp
  IndexedQuadraticFaceArray.cpp
  PlainQuadraticShell.cpp
  QuadraticBREP.cpp
  QuadraticCurve.cpp
  QuadraticFace.cpp
  QuadraticShell.cpp
  QuadraticSurface.cpp
  QuadraticUtil.cpp
  TriDistanceCalc.cpp
  TriTriToleranceIntersect.cpp
  Auto build dll exports
    正在创建库 D:/10_Source_Repos/21_robot/RobWork/build/acc-wp24-t09-bld/RobWork/libs/Release/sdurw_geometry.lib 和对象 D:/10_Source_Repos/21_robot/RobWork/build/acc-wp24-t09-bld/RobWork/libs/Release/sdurw_geometry.exp
  sdurw_geometry.vcxproj -> D:\10_Source_Repos\21_robot\RobWork\build\acc-wp24-t09-bld\RobWork\bin\Release\sdurw_geometry.dll
  D:\10_Source_Repos\21_robot\RobWork\vcpkg\installed\x64-windows\bin\qhull_r.dll -> D:\10_Source_Repos\21_robot\RobWork\build\acc-wp24-t09-bld\RobWork\bin\Release\qhull_r.dll done
  Building Custom Rule D:/10_Source_Repos/21_robot/RobWork/build/acc-wp24-t09-wt/RobWork/RobWork/src/rw/sensor/CMakeLists.txt
  Camera.cpp
  CameraFirewire.cpp
  CameraListener.cpp
  CameraModel.cpp
  Contact2D.cpp
  Contact3D.cpp
  FTSensor.cpp
  FTSensorModel.cpp
  Image.cpp
  ImageUtil.cpp
  RGBDCameraModel.cpp
  Scanner.cpp
  Scanner1D.cpp
  Scanner25D.cpp
  Scanner25DModel.cpp
  Scanner2D.cpp
  Scanner2DModel.cpp
  Sensor.cpp
  SensorModel.cpp
  StereoCameraModel.cpp
  TactileArray.cpp
  TactileArrayModel.cpp
  TactileArrayUtil.cpp
  Auto build dll exports
    正在创建库 D:/10_Source_Repos/21_robot/RobWork/build/acc-wp24-t09-bld/RobWork/libs/Release/sdurw_sensor.lib 和对象 D:/10_Source_Repos/21_robot/RobWork/build/acc-wp24-t09-bld/RobWork/libs/Release/sdurw_sensor.exp
  sdurw_sensor.vcxproj -> D:\10_Source_Repos\21_robot\RobWork\build\acc-wp24-t09-bld\RobWork\bin\Release\sdurw_sensor.dll
  Building Custom Rule D:/10_Source_Repos/21_robot/RobWork/build/acc-wp24-t09-wt/RobWork/RobWork/src/rw/models/CMakeLists.txt
  CompositeDevice.cpp
  CompositeJointDevice.cpp
  ControllerModel.cpp
  DeformableObject.cpp
  DependentJoint.cpp
  DependentPrismaticJoint.cpp
  DependentRevoluteJoint.cpp
  Device.cpp
  DeviceJacobianCalculator.cpp
  DHParameterSet.cpp
  JacobianCalculator.cpp
  JacobianUtil.cpp
  Joint.cpp
  JointDevice.cpp
  JointDeviceJacobianCalculator.cpp
  MobileDevice.cpp
  Object.cpp
  ParallelDevice.cpp
  ParallelLeg.cpp
  PrismaticJoint.cpp
  PrismaticSphericalJoint.cpp
  PrismaticUniversalJoint.cpp
  RevoluteJoint.cpp
  RigidBodyInfo.cpp
  RigidObject.cpp
  SE3Device.cpp
  SerialDevice.cpp
  SphericalJoint.cpp
  TreeDevice.cpp
  UniversalJoint.cpp
  VirtualJoint.cpp
  WorkCell.cpp
  Models.cpp
D:\10_Source_Repos\21_robot\RobWork\build\acc-wp24-t09-wt\RobWork\RobWork\src\rw\geometry\Object3D.hpp(280,22): warning C4244: “参数”: 从“double”转换到“T”，可能丢失数据 [D:\10_Source_Repos\21_robot\RobWork\build\acc-wp24-t09-bld\RobWork\src\rw\models\sdurw_models.vcxproj]
D:\10_Source_Repos\21_robot\RobWork\build\acc-wp24-t09-wt\RobWork\RobWork\src\rw\geometry\Object3D.hpp(280,22): warning C4244:         with [D:\10_Source_Repos\21_robot\RobWork\build\acc-wp24-t09-bld\RobWork\src\rw\models\sdurw_models.vcxproj]
D:\10_Source_Repos\21_robot\RobWork\build\acc-wp24-t09-wt\RobWork\RobWork\src\rw\geometry\Object3D.hpp(280,22): warning C4244:         [ [D:\10_Source_Repos\21_robot\RobWork\build\acc-wp24-t09-bld\RobWork\src\rw\models\sdurw_models.vcxproj]
D:\10_Source_Repos\21_robot\RobWork\build\acc-wp24-t09-wt\RobWork\RobWork\src\rw\geometry\Object3D.hpp(280,22): warning C4244:             T=float [D:\10_Source_Repos\21_robot\RobWork\build\acc-wp24-t09-bld\RobWork\src\rw\models\sdurw_models.vcxproj]
D:\10_Source_Repos\21_robot\RobWork\build\acc-wp24-t09-wt\RobWork\RobWork\src\rw\geometry\Object3D.hpp(280,22): warning C4244:         ] [D:\10_Source_Repos\21_robot\RobWork\build\acc-wp24-t09-bld\RobWork\src\rw\models\sdurw_models.vcxproj]
  (编译源文件“../../../../../acc-wp24-t09-wt/RobWork/RobWork/src/rw/models/DeformableObject.cpp”)
      D:\10_Source_Repos\21_robot\RobWork\build\acc-wp24-t09-wt\RobWork\RobWork\src\rw\geometry\Object3D.hpp(280,22):
      模板实例化上下文(最早的实例化上下文)为
          D:\10_Source_Repos\21_robot\RobWork\build\acc-wp24-t09-wt\RobWork\RobWork\src\rw\models\DeformableObject.cpp(23,36):
          查看对正在编译的 类 模板 实例化“rw::geometry::Object3D<uint16_t>”的引用
          D:\10_Source_Repos\21_robot\RobWork\build\acc-wp24-t09-wt\RobWork\RobWork\src\rw\geometry\Object3D.hpp(277,14):
          在编译 类 模板 成员函数“void rw::geometry::Object3D<uint16_t>::scale(double)”时
  
D:\10_Source_Repos\21_robot\RobWork\build\acc-wp24-t09-wt\RobWork\RobWork\src\rw\geometry\Object3D.hpp(284,22): warning C4244: “参数”: 从“double”转换到“T”，可能丢失数据 [D:\10_Source_Repos\21_robot\RobWork\build\acc-wp24-t09-bld\RobWork\src\rw\models\sdurw_models.vcxproj]
D:\10_Source_Repos\21_robot\RobWork\build\acc-wp24-t09-wt\RobWork\RobWork\src\rw\geometry\Object3D.hpp(284,22): warning C4244:         with [D:\10_Source_Repos\21_robot\RobWork\build\acc-wp24-t09-bld\RobWork\src\rw\models\sdurw_models.vcxproj]
D:\10_Source_Repos\21_robot\RobWork\build\acc-wp24-t09-wt\RobWork\RobWork\src\rw\geometry\Object3D.hpp(284,22): warning C4244:         [ [D:\10_Source_Repos\21_robot\RobWork\build\acc-wp24-t09-bld\RobWork\src\rw\models\sdurw_models.vcxproj]
D:\10_Source_Repos\21_robot\RobWork\build\acc-wp24-t09-wt\RobWork\RobWork\src\rw\geometry\Object3D.hpp(284,22): warning C4244:             T=float [D:\10_Source_Repos\21_robot\RobWork\build\acc-wp24-t09-bld\RobWork\src\rw\models\sdurw_models.vcxproj]
D:\10_Source_Repos\21_robot\RobWork\build\acc-wp24-t09-wt\RobWork\RobWork\src\rw\geometry\Object3D.hpp(284,22): warning C4244:         ] [D:\10_Source_Repos\21_robot\RobWork\build\acc-wp24-t09-bld\RobWork\src\rw\models\sdurw_models.vcxproj]
  (编译源文件“../../../../../acc-wp24-t09-wt/RobWork/RobWork/src/rw/models/DeformableObject.cpp”)
  
D:\10_Source_Repos\21_robot\RobWork\build\acc-wp24-t09-wt\RobWork\RobWork\src\rw\geometry\Object3D.hpp(286,32): warning C4244: “参数”: 从“double”转换到“T”，可能丢失数据 [D:\10_Source_Repos\21_robot\RobWork\build\acc-wp24-t09-bld\RobWork\src\rw\models\sdurw_models.vcxproj]
D:\10_Source_Repos\21_robot\RobWork\build\acc-wp24-t09-wt\RobWork\RobWork\src\rw\geometry\Object3D.hpp(286,32): warning C4244:         with [D:\10_Source_Repos\21_robot\RobWork\build\acc-wp24-t09-bld\RobWork\src\rw\models\sdurw_models.vcxproj]
D:\10_Source_Repos\21_robot\RobWork\build\acc-wp24-t09-wt\RobWork\RobWork\src\rw\geometry\Object3D.hpp(286,32): warning C4244:         [ [D:\10_Source_Repos\21_robot\RobWork\build\acc-wp24-t09-bld\RobWork\src\rw\models\sdurw_models.vcxproj]
D:\10_Source_Repos\21_robot\RobWork\build\acc-wp24-t09-wt\RobWork\RobWork\src\rw\geometry\Object3D.hpp(286,32): warning C4244:             T=float [D:\10_Source_Repos\21_robot\RobWork\build\acc-wp24-t09-bld\RobWork\src\rw\models\sdurw_models.vcxproj]
D:\10_Source_Repos\21_robot\RobWork\build\acc-wp24-t09-wt\RobWork\RobWork\src\rw\geometry\Object3D.hpp(286,32): warning C4244:         ] [D:\10_Source_Repos\21_robot\RobWork\build\acc-wp24-t09-bld\RobWork\src\rw\models\sdurw_models.vcxproj]
  (编译源文件“../../../../../acc-wp24-t09-wt/RobWork/RobWork/src/rw/models/DeformableObject.cpp”)
  
D:\10_Source_Repos\21_robot\RobWork\build\acc-wp24-t09-wt\RobWork\RobWork\src\rw\geometry\Object3D.hpp(287,27): warning C4244: “参数”: 从“double”转换到“T”，可能丢失数据 [D:\10_Source_Repos\21_robot\RobWork\build\acc-wp24-t09-bld\RobWork\src\rw\models\sdurw_models.vcxproj]
D:\10_Source_Repos\21_robot\RobWork\build\acc-wp24-t09-wt\RobWork\RobWork\src\rw\geometry\Object3D.hpp(287,27): warning C4244:         with [D:\10_Source_Repos\21_robot\RobWork\build\acc-wp24-t09-bld\RobWork\src\rw\models\sdurw_models.vcxproj]
D:\10_Source_Repos\21_robot\RobWork\build\acc-wp24-t09-wt\RobWork\RobWork\src\rw\geometry\Object3D.hpp(287,27): warning C4244:         [ [D:\10_Source_Repos\21_robot\RobWork\build\acc-wp24-t09-bld\RobWork\src\rw\models\sdurw_models.vcxproj]
D:\10_Source_Repos\21_robot\RobWork\build\acc-wp24-t09-wt\RobWork\RobWork\src\rw\geometry\Object3D.hpp(287,27): warning C4244:             T=float [D:\10_Source_Repos\21_robot\RobWork\build\acc-wp24-t09-bld\RobWork\src\rw\models\sdurw_models.vcxproj]
D:\10_Source_Repos\21_robot\RobWork\build\acc-wp24-t09-wt\RobWork\RobWork\src\rw\geometry\Object3D.hpp(287,27): warning C4244:         ] [D:\10_Source_Repos\21_robot\RobWork\build\acc-wp24-t09-bld\RobWork\src\rw\models\sdurw_models.vcxproj]
  (编译源文件“../../../../../acc-wp24-t09-wt/RobWork/RobWork/src/rw/models/DeformableObject.cpp”)
  
D:\10_Source_Repos\21_robot\RobWork\build\acc-wp24-t09-wt\RobWork\RobWork\src\rw\geometry\Object3D.hpp(288,27): warning C4244: “参数”: 从“double”转换到“T”，可能丢失数据 [D:\10_Source_Repos\21_robot\RobWork\build\acc-wp24-t09-bld\RobWork\src\rw\models\sdurw_models.vcxproj]
D:\10_Source_Repos\21_robot\RobWork\build\acc-wp24-t09-wt\RobWork\RobWork\src\rw\geometry\Object3D.hpp(288,27): warning C4244:         with [D:\10_Source_Repos\21_robot\RobWork\build\acc-wp24-t09-bld\RobWork\src\rw\models\sdurw_models.vcxproj]
D:\10_Source_Repos\21_robot\RobWork\build\acc-wp24-t09-wt\RobWork\RobWork\src\rw\geometry\Object3D.hpp(288,27): warning C4244:         [ [D:\10_Source_Repos\21_robot\RobWork\build\acc-wp24-t09-bld\RobWork\src\rw\models\sdurw_models.vcxproj]
D:\10_Source_Repos\21_robot\RobWork\build\acc-wp24-t09-wt\RobWork\RobWork\src\rw\geometry\Object3D.hpp(288,27): warning C4244:             T=float [D:\10_Source_Repos\21_robot\RobWork\build\acc-wp24-t09-bld\RobWork\src\rw\models\sdurw_models.vcxproj]
D:\10_Source_Repos\21_robot\RobWork\build\acc-wp24-t09-wt\RobWork\RobWork\src\rw\geometry\Object3D.hpp(288,27): warning C4244:         ] [D:\10_Source_Repos\21_robot\RobWork\build\acc-wp24-t09-bld\RobWork\src\rw\models\sdurw_models.vcxproj]
  (编译源文件“../../../../../acc-wp24-t09-wt/RobWork/RobWork/src/rw/models/DeformableObject.cpp”)
  
  Auto build dll exports
    正在创建库 D:/10_Source_Repos/21_robot/RobWork/build/acc-wp24-t09-bld/RobWork/libs/Release/sdurw_models.lib 和对象 D:/10_Source_Repos/21_robot/RobWork/build/acc-wp24-t09-bld/RobWork/libs/Release/sdurw_models.exp
  sdurw_models.vcxproj -> D:\10_Source_Repos\21_robot\RobWork\build\acc-wp24-t09-bld\RobWork\bin\Release\sdurw_models.dll
  Building Custom Rule D:/10_Source_Repos/21_robot/RobWork/build/acc-wp24-t09-wt/RobWork/RobWork/src/rwlibs/control/CMakeLists.txt
  Controller.cpp
  JointController.cpp
  SyncVelocityRamp.cpp
  Auto build dll exports
    正在创建库 D:/10_Source_Repos/21_robot/RobWork/build/acc-wp24-t09-bld/RobWork/libs/Release/sdurw_control.lib 和对象 D:/10_Source_Repos/21_robot/RobWork/build/acc-wp24-t09-bld/RobWork/libs/Release/sdurw_control.exp
  sdurw_control.vcxproj -> D:\10_Source_Repos\21_robot\RobWork\build\acc-wp24-t09-bld\RobWork\bin\Release\sdurw_control.dll
  Building Custom Rule D:/10_Source_Repos/21_robot/RobWork/build/acc-wp24-t09-wt/RobWork/RobWork/src/rw/graphics/CMakeLists.txt
  DrawableGeometryNode.cpp
  SceneGraph.cpp
  SceneNode.cpp
  DrawableNode.cpp
  DrawableNodeClone.cpp
  GroupNode.cpp
  SceneCamera.cpp
  WorkCellScene.cpp
  SceneViewer.cpp
  Render.cpp
  SceneDescriptor.cpp
  TextureData.cpp
  Auto build dll exports
    正在创建库 D:/10_Source_Repos/21_robot/RobWork/build/acc-wp24-t09-bld/RobWork/libs/Release/sdurw_graphics.lib 和对象 D:/10_Source_Repos/21_robot/RobWork/build/acc-wp24-t09-bld/RobWork/libs/Release/sdurw_graphics.exp
  sdurw_graphics.vcxproj -> D:\10_Source_Repos\21_robot\RobWork\build\acc-wp24-t09-bld\RobWork\bin\Release\sdurw_graphics.dll
  Building Custom Rule D:/10_Source_Repos/21_robot/RobWork/build/acc-wp24-t09-wt/RobWork/RobWork/src/rw/proximity/CMakeLists.txt
  BasicFilterStrategy.cpp
  CollisionDetector.cpp
  CollisionSetup.cpp
  CollisionStrategy.cpp
  CollisionToleranceStrategy.cpp
  DistanceCalculator.cpp
  DistanceMultiStrategy.cpp
  DistanceStrategy.cpp
  ProximityCache.cpp
  ProximityCalculator.cpp
  ProximityData.cpp
  ProximityFilter.cpp
  ProximityFilterStrategy.cpp
  ProximityModel.cpp
  ProximitySetup.cpp
  ProximitySetupRule.cpp
  ProximityStrategy.cpp
  ProximityStrategyData.cpp
  Raycaster.cpp
  BVTree.cpp
  BVTreeCollider.cpp
  BVTreeColliderFactory.cpp
  BVTreeFactory.cpp
  BVTreeToleranceCollider.cpp
  BinaryBVTree.cpp
  BinaryIdxBVTree.cpp
  OBVTreeDFSCollider.cpp
  ProximityStrategyRW.cpp
  TreeDistanceCalc.cpp
D:\10_Source_Repos\21_robot\RobWork\build\acc-wp24-t09-wt\RobWork\RobWork\src\rw\proximity\DistanceCalculator.cpp(229,9): warning C4101: “i”: 未引用的局部变量 [D:\10_Source_Repos\21_robot\RobWork\build\acc-wp24-t09-bld\RobWork\src\rw\proximity\sdurw_proximity.vcxproj]
  Auto build dll exports
    正在创建库 D:/10_Source_Repos/21_robot/RobWork/build/acc-wp24-t09-bld/RobWork/libs/Release/sdurw_proximity.lib 和对象 D:/10_Source_Repos/21_robot/RobWork/build/acc-wp24-t09-bld/RobWork/libs/Release/sdurw_proximity.exp
  sdurw_proximity.vcxproj -> D:\10_Source_Repos\21_robot\RobWork\build\acc-wp24-t09-bld\RobWork\bin\Release\sdurw_proximity.dll
  Building Custom Rule D:/10_Source_Repos/21_robot/RobWork/build/acc-wp24-t09-wt/RobWork/RobWork/src/rw/trajectory/CMakeLists.txt
  Blend.cpp
  CircularInterpolator.cpp
  CubicSplineFactory.cpp
  CubicSplineInterpolator.cpp
  Interpolator.cpp
  InterpolatorUtil.cpp
  LinearInterpolator.cpp
  LloydHaywardBlend.cpp
  ParabolicBlend.cpp
  Path.cpp
  Timed.cpp
  TimedUtil.cpp
  Trajectory.cpp
  TrajectoryFactory.cpp
  TrajectoryIterator.cpp
  InterpolatorTrajectory.cpp
  BlendedTrajectory.cpp
  TimeMetricUtil.cpp
  RampInterpolator.cpp
D:\10_Source_Repos\21_robot\RobWork\build\acc-wp24-t09-wt\RobWork\RobWork\src\rw\trajectory\CubicSplineInterpolator.cpp(81,55): warning C4244: “参数”: 从“double”转换到“T”，可能丢失数据 [D:\10_Source_Repos\21_robot\RobWork\build\acc-wp24-t09-bld\RobWork\src\rw\trajectory\sdurw_trajectory.vcxproj]
D:\10_Source_Repos\21_robot\RobWork\build\acc-wp24-t09-wt\RobWork\RobWork\src\rw\trajectory\CubicSplineInterpolator.cpp(81,55): warning C4244:         with [D:\10_Source_Repos\21_robot\RobWork\build\acc-wp24-t09-bld\RobWork\src\rw\trajectory\sdurw_trajectory.vcxproj]
D:\10_Source_Repos\21_robot\RobWork\build\acc-wp24-t09-wt\RobWork\RobWork\src\rw\trajectory\CubicSplineInterpolator.cpp(81,55): warning C4244:         [ [D:\10_Source_Repos\21_robot\RobWork\build\acc-wp24-t09-bld\RobWork\src\rw\trajectory\sdurw_trajectory.vcxproj]
D:\10_Source_Repos\21_robot\RobWork\build\acc-wp24-t09-wt\RobWork\RobWork\src\rw\trajectory\CubicSplineInterpolator.cpp(81,55): warning C4244:             T=float [D:\10_Source_Repos\21_robot\RobWork\build\acc-wp24-t09-bld\RobWork\src\rw\trajectory\sdurw_trajectory.vcxproj]
D:\10_Source_Repos\21_robot\RobWork\build\acc-wp24-t09-wt\RobWork\RobWork\src\rw\trajectory\CubicSplineInterpolator.cpp(81,55): warning C4244:         ] [D:\10_Source_Repos\21_robot\RobWork\build\acc-wp24-t09-bld\RobWork\src\rw\trajectory\sdurw_trajectory.vcxproj]
D:\10_Source_Repos\21_robot\RobWork\build\acc-wp24-t09-wt\RobWork\RobWork\src\rw\trajectory\CubicSplineInterpolator.cpp(81,64): warning C4244: “参数”: 从“double”转换到“T”，可能丢失数据 [D:\10_Source_Repos\21_robot\RobWork\build\acc-wp24-t09-bld\RobWork\src\rw\trajectory\sdurw_trajectory.vcxproj]
D:\10_Source_Repos\21_robot\RobWork\build\acc-wp24-t09-wt\RobWork\RobWork\src\rw\trajectory\CubicSplineInterpolator.cpp(81,64): warning C4244:         with [D:\10_Source_Repos\21_robot\RobWork\build\acc-wp24-t09-bld\RobWork\src\rw\trajectory\sdurw_trajectory.vcxproj]
D:\10_Source_Repos\21_robot\RobWork\build\acc-wp24-t09-wt\RobWork\RobWork\src\rw\trajectory\CubicSplineInterpolator.cpp(81,64): warning C4244:         [ [D:\10_Source_Repos\21_robot\RobWork\build\acc-wp24-t09-bld\RobWork\src\rw\trajectory\sdurw_trajectory.vcxproj]
D:\10_Source_Repos\21_robot\RobWork\build\acc-wp24-t09-wt\RobWork\RobWork\src\rw\trajectory\CubicSplineInterpolator.cpp(81,64): warning C4244:             T=float [D:\10_Source_Repos\21_robot\RobWork\build\acc-wp24-t09-bld\RobWork\src\rw\trajectory\sdurw_trajectory.vcxproj]
D:\10_Source_Repos\21_robot\RobWork\build\acc-wp24-t09-wt\RobWork\RobWork\src\rw\trajectory\CubicSplineInterpolator.cpp(81,64): warning C4244:         ] [D:\10_Source_Repos\21_robot\RobWork\build\acc-wp24-t09-bld\RobWork\src\rw\trajectory\sdurw_trajectory.vcxproj]
D:\10_Source_Repos\21_robot\RobWork\build\acc-wp24-t09-wt\RobWork\RobWork\src\rw\trajectory\CubicSplineInterpolator.cpp(81,77): warning C4244: “参数”: 从“double”转换到“T”，可能丢失数据 [D:\10_Source_Repos\21_robot\RobWork\build\acc-wp24-t09-bld\RobWork\src\rw\trajectory\sdurw_trajectory.vcxproj]
D:\10_Source_Repos\21_robot\RobWork\build\acc-wp24-t09-wt\RobWork\RobWork\src\rw\trajectory\CubicSplineInterpolator.cpp(81,77): warning C4244:         with [D:\10_Source_Repos\21_robot\RobWork\build\acc-wp24-t09-bld\RobWork\src\rw\trajectory\sdurw_trajectory.vcxproj]
D:\10_Source_Repos\21_robot\RobWork\build\acc-wp24-t09-wt\RobWork\RobWork\src\rw\trajectory\CubicSplineInterpolator.cpp(81,77): warning C4244:         [ [D:\10_Source_Repos\21_robot\RobWork\build\acc-wp24-t09-bld\RobWork\src\rw\trajectory\sdurw_trajectory.vcxproj]
D:\10_Source_Repos\21_robot\RobWork\build\acc-wp24-t09-wt\RobWork\RobWork\src\rw\trajectory\CubicSplineInterpolator.cpp(81,77): warning C4244:             T=float [D:\10_Source_Repos\21_robot\RobWork\build\acc-wp24-t09-bld\RobWork\src\rw\trajectory\sdurw_trajectory.vcxproj]
D:\10_Source_Repos\21_robot\RobWork\build\acc-wp24-t09-wt\RobWork\RobWork\src\rw\trajectory\CubicSplineInterpolator.cpp(81,77): warning C4244:         ] [D:\10_Source_Repos\21_robot\RobWork\build\acc-wp24-t09-bld\RobWork\src\rw\trajectory\sdurw_trajectory.vcxproj]
  Auto build dll exports
    正在创建库 D:/10_Source_Repos/21_robot/RobWork/build/acc-wp24-t09-bld/RobWork/libs/Release/sdurw_trajectory.lib 和对象 D:/10_Source_Repos/21_robot/RobWork/build/acc-wp24-t09-bld/RobWork/libs/Release/sdurw_trajectory.exp
  sdurw_trajectory.vcxproj -> D:\10_Source_Repos\21_robot\RobWork\build\acc-wp24-t09-bld\RobWork\bin\Release\sdurw_trajectory.dll
  Building Custom Rule D:/10_Source_Repos/21_robot/RobWork/build/acc-wp24-t09-wt/RobWork/RobWork/src/rw/loaders/CMakeLists.txt
  WorkCellLoader.cpp
  WorkCellFactory.cpp
  LoaderAC3D.cpp
  Loader3DS.cpp
  Model3DS.cpp
  LoaderOBJ.cpp
  LoaderTRI.cpp
  STLFile.cpp
  Model3DFactory.cpp
  Model3DLoader.cpp
  GeometryFactory.cpp
  PathLoader.cpp
  PathLoaderCSV.cpp
  DependencyGraph.cpp
  MultipleFileIterator.cpp
  XMLParserUtil.cpp
  XMLRWPreParser.cpp
  XMLRWParser.cpp
  XMLRWLoader.cpp
  XMLErrorHandler.cpp
  XMLParser.cpp
  XML.cpp
  DOMBasisTypes.cpp
  DOMPropertyMapFormat.cpp
  DOMPropertyMapLoader.cpp
  DOMPropertyMapSaver.cpp
  DOMPathLoader.cpp
  DOMPathSaver.cpp
  DOMTrajectoryLoader.cpp
  DOMTrajectorySaver.cpp
  DOMProximitySetupLoader.cpp
  DOMProximitySetupSaver.cpp
  DOMWorkCellSaver.cpp
  CollisionSetupLoader.cpp
  PGMLoader.cpp
D:\10_Source_Repos\21_robot\RobWork\build\acc-wp24-t09-wt\RobWork\RobWork\src\rw\geometry\Object3D.hpp(280,22): warning C4244: “参数”: 从“double”转换到“T”，可能丢失数据 [D:\10_Source_Repos\21_robot\RobWork\build\acc-wp24-t09-bld\RobWork\src\rw\loaders\sdurw_loaders.vcxproj]
D:\10_Source_Repos\21_robot\RobWork\build\acc-wp24-t09-wt\RobWork\RobWork\src\rw\geometry\Object3D.hpp(280,22): warning C4244:         with [D:\10_Source_Repos\21_robot\RobWork\build\acc-wp24-t09-bld\RobWork\src\rw\loaders\sdurw_loaders.vcxproj]
D:\10_Source_Repos\21_robot\RobWork\build\acc-wp24-t09-wt\RobWork\RobWork\src\rw\geometry\Object3D.hpp(280,22): warning C4244:         [ [D:\10_Source_Repos\21_robot\RobWork\build\acc-wp24-t09-bld\RobWork\src\rw\loaders\sdurw_loaders.vcxproj]
D:\10_Source_Repos\21_robot\RobWork\build\acc-wp24-t09-wt\RobWork\RobWork\src\rw\geometry\Object3D.hpp(280,22): warning C4244:             T=float [D:\10_Source_Repos\21_robot\RobWork\build\acc-wp24-t09-bld\RobWork\src\rw\loaders\sdurw_loaders.vcxproj]
D:\10_Source_Repos\21_robot\RobWork\build\acc-wp24-t09-wt\RobWork\RobWork\src\rw\geometry\Object3D.hpp(280,22): warning C4244:         ] [D:\10_Source_Repos\21_robot\RobWork\build\acc-wp24-t09-bld\RobWork\src\rw\loaders\sdurw_loaders.vcxproj]
  (编译源文件“../../../../../acc-wp24-t09-wt/RobWork/RobWork/src/rw/loaders/model3d/LoaderTRI.cpp”)
      D:\10_Source_Repos\21_robot\RobWork\build\acc-wp24-t09-wt\RobWork\RobWork\src\rw\geometry\Object3D.hpp(280,22):
      模板实例化上下文(最早的实例化上下文)为
          D:\10_Source_Repos\21_robot\RobWork\build\acc-wp24-t09-wt\RobWork\RobWork\src\rw\loaders\model3d\LoaderTRI.cpp(43,36):
          查看对正在编译的 类 模板 实例化“rw::geometry::Object3D<uint16_t>”的引用
          D:\10_Source_Repos\21_robot\RobWork\build\acc-wp24-t09-wt\RobWork\RobWork\src\rw\geometry\Object3D.hpp(277,14):
          在编译 类 模板 成员函数“void rw::geometry::Object3D<uint16_t>::scale(double)”时
  
D:\10_Source_Repos\21_robot\RobWork\build\acc-wp24-t09-wt\RobWork\RobWork\src\rw\geometry\Object3D.hpp(284,22): warning C4244: “参数”: 从“double”转换到“T”，可能丢失数据 [D:\10_Source_Repos\21_robot\RobWork\build\acc-wp24-t09-bld\RobWork\src\rw\loaders\sdurw_loaders.vcxproj]
D:\10_Source_Repos\21_robot\RobWork\build\acc-wp24-t09-wt\RobWork\RobWork\src\rw\geometry\Object3D.hpp(284,22): warning C4244:         with [D:\10_Source_Repos\21_robot\RobWork\build\acc-wp24-t09-bld\RobWork\src\rw\loaders\sdurw_loaders.vcxproj]
D:\10_Source_Repos\21_robot\RobWork\build\acc-wp24-t09-wt\RobWork\RobWork\src\rw\geometry\Object3D.hpp(284,22): warning C4244:         [ [D:\10_Source_Repos\21_robot\RobWork\build\acc-wp24-t09-bld\RobWork\src\rw\loaders\sdurw_loaders.vcxproj]
D:\10_Source_Repos\21_robot\RobWork\build\acc-wp24-t09-wt\RobWork\RobWork\src\rw\geometry\Object3D.hpp(284,22): warning C4244:             T=float [D:\10_Source_Repos\21_robot\RobWork\build\acc-wp24-t09-bld\RobWork\src\rw\loaders\sdurw_loaders.vcxproj]
D:\10_Source_Repos\21_robot\RobWork\build\acc-wp24-t09-wt\RobWork\RobWork\src\rw\geometry\Object3D.hpp(284,22): warning C4244:         ] [D:\10_Source_Repos\21_robot\RobWork\build\acc-wp24-t09-bld\RobWork\src\rw\loaders\sdurw_loaders.vcxproj]
  (编译源文件“../../../../../acc-wp24-t09-wt/RobWork/RobWork/src/rw/loaders/model3d/LoaderTRI.cpp”)
  
D:\10_Source_Repos\21_robot\RobWork\build\acc-wp24-t09-wt\RobWork\RobWork\src\rw\geometry\Object3D.hpp(286,32): warning C4244: “参数”: 从“double”转换到“T”，可能丢失数据 [D:\10_Source_Repos\21_robot\RobWork\build\acc-wp24-t09-bld\RobWork\src\rw\loaders\sdurw_loaders.vcxproj]
D:\10_Source_Repos\21_robot\RobWork\build\acc-wp24-t09-wt\RobWork\RobWork\src\rw\geometry\Object3D.hpp(286,32): warning C4244:         with [D:\10_Source_Repos\21_robot\RobWork\build\acc-wp24-t09-bld\RobWork\src\rw\loaders\sdurw_loaders.vcxproj]
D:\10_Source_Repos\21_robot\RobWork\build\acc-wp24-t09-wt\RobWork\RobWork\src\rw\geometry\Object3D.hpp(286,32): warning C4244:         [ [D:\10_Source_Repos\21_robot\RobWork\build\acc-wp24-t09-bld\RobWork\src\rw\loaders\sdurw_loaders.vcxproj]
D:\10_Source_Repos\21_robot\RobWork\build\acc-wp24-t09-wt\RobWork\RobWork\src\rw\geometry\Object3D.hpp(286,32): warning C4244:             T=float [D:\10_Source_Repos\21_robot\RobWork\build\acc-wp24-t09-bld\RobWork\src\rw\loaders\sdurw_loaders.vcxproj]
D:\10_Source_Repos\21_robot\RobWork\build\acc-wp24-t09-wt\RobWork\RobWork\src\rw\geometry\Object3D.hpp(286,32): warning C4244:         ] [D:\10_Source_Repos\21_robot\RobWork\build\acc-wp24-t09-bld\RobWork\src\rw\loaders\sdurw_loaders.vcxproj]
  (编译源文件“../../../../../acc-wp24-t09-wt/RobWork/RobWork/src/rw/loaders/model3d/LoaderTRI.cpp”)
  
D:\10_Source_Repos\21_robot\RobWork\build\acc-wp24-t09-wt\RobWork\RobWork\src\rw\geometry\Object3D.hpp(287,27): warning C4244: “参数”: 从“double”转换到“T”，可能丢失数据 [D:\10_Source_Repos\21_robot\RobWork\build\acc-wp24-t09-bld\RobWork\src\rw\loaders\sdurw_loaders.vcxproj]
D:\10_Source_Repos\21_robot\RobWork\build\acc-wp24-t09-wt\RobWork\RobWork\src\rw\geometry\Object3D.hpp(287,27): warning C4244:         with [D:\10_Source_Repos\21_robot\RobWork\build\acc-wp24-t09-bld\RobWork\src\rw\loaders\sdurw_loaders.vcxproj]
D:\10_Source_Repos\21_robot\RobWork\build\acc-wp24-t09-wt\RobWork\RobWork\src\rw\geometry\Object3D.hpp(287,27): warning C4244:         [ [D:\10_Source_Repos\21_robot\RobWork\build\acc-wp24-t09-bld\RobWork\src\rw\loaders\sdurw_loaders.vcxproj]
D:\10_Source_Repos\21_robot\RobWork\build\acc-wp24-t09-wt\RobWork\RobWork\src\rw\geometry\Object3D.hpp(287,27): warning C4244:             T=float [D:\10_Source_Repos\21_robot\RobWork\build\acc-wp24-t09-bld\RobWork\src\rw\loaders\sdurw_loaders.vcxproj]
D:\10_Source_Repos\21_robot\RobWork\build\acc-wp24-t09-wt\RobWork\RobWork\src\rw\geometry\Object3D.hpp(287,27): warning C4244:         ] [D:\10_Source_Repos\21_robot\RobWork\build\acc-wp24-t09-bld\RobWork\src\rw\loaders\sdurw_loaders.vcxproj]
  (编译源文件“../../../../../acc-wp24-t09-wt/RobWork/RobWork/src/rw/loaders/model3d/LoaderTRI.cpp”)
  
D:\10_Source_Repos\21_robot\RobWork\build\acc-wp24-t09-wt\RobWork\RobWork\src\rw\geometry\Object3D.hpp(288,27): warning C4244: “参数”: 从“double”转换到“T”，可能丢失数据 [D:\10_Source_Repos\21_robot\RobWork\build\acc-wp24-t09-bld\RobWork\src\rw\loaders\sdurw_loaders.vcxproj]
D:\10_Source_Repos\21_robot\RobWork\build\acc-wp24-t09-wt\RobWork\RobWork\src\rw\geometry\Object3D.hpp(288,27): warning C4244:         with [D:\10_Source_Repos\21_robot\RobWork\build\acc-wp24-t09-bld\RobWork\src\rw\loaders\sdurw_loaders.vcxproj]
D:\10_Source_Repos\21_robot\RobWork\build\acc-wp24-t09-wt\RobWork\RobWork\src\rw\geometry\Object3D.hpp(288,27): warning C4244:         [ [D:\10_Source_Repos\21_robot\RobWork\build\acc-wp24-t09-bld\RobWork\src\rw\loaders\sdurw_loaders.vcxproj]
D:\10_Source_Repos\21_robot\RobWork\build\acc-wp24-t09-wt\RobWork\RobWork\src\rw\geometry\Object3D.hpp(288,27): warning C4244:             T=float [D:\10_Source_Repos\21_robot\RobWork\build\acc-wp24-t09-bld\RobWork\src\rw\loaders\sdurw_loaders.vcxproj]
D:\10_Source_Repos\21_robot\RobWork\build\acc-wp24-t09-wt\RobWork\RobWork\src\rw\geometry\Object3D.hpp(288,27): warning C4244:         ] [D:\10_Source_Repos\21_robot\RobWork\build\acc-wp24-t09-bld\RobWork\src\rw\loaders\sdurw_loaders.vcxproj]
  (编译源文件“../../../../../acc-wp24-t09-wt/RobWork/RobWork/src/rw/loaders/model3d/LoaderTRI.cpp”)
  
D:\10_Source_Repos\21_robot\RobWork\build\acc-wp24-t09-wt\RobWork\RobWork\src\rw\geometry\Object3D.hpp(280,22): warning C4244: “参数”: 从“double”转换到“T”，可能丢失数据 [D:\10_Source_Repos\21_robot\RobWork\build\acc-wp24-t09-bld\RobWork\src\rw\loaders\sdurw_loaders.vcxproj]
D:\10_Source_Repos\21_robot\RobWork\build\acc-wp24-t09-wt\RobWork\RobWork\src\rw\geometry\Object3D.hpp(280,22): warning C4244:         with [D:\10_Source_Repos\21_robot\RobWork\build\acc-wp24-t09-bld\RobWork\src\rw\loaders\sdurw_loaders.vcxproj]
D:\10_Source_Repos\21_robot\RobWork\build\acc-wp24-t09-wt\RobWork\RobWork\src\rw\geometry\Object3D.hpp(280,22): warning C4244:         [ [D:\10_Source_Repos\21_robot\RobWork\build\acc-wp24-t09-bld\RobWork\src\rw\loaders\sdurw_loaders.vcxproj]
D:\10_Source_Repos\21_robot\RobWork\build\acc-wp24-t09-wt\RobWork\RobWork\src\rw\geometry\Object3D.hpp(280,22): warning C4244:             T=float [D:\10_Source_Repos\21_robot\RobWork\build\acc-wp24-t09-bld\RobWork\src\rw\loaders\sdurw_loaders.vcxproj]
D:\10_Source_Repos\21_robot\RobWork\build\acc-wp24-t09-wt\RobWork\RobWork\src\rw\geometry\Object3D.hpp(280,22): warning C4244:         ] [D:\10_Source_Repos\21_robot\RobWork\build\acc-wp24-t09-bld\RobWork\src\rw\loaders\sdurw_loaders.vcxproj]
  (编译源文件“../../../../../acc-wp24-t09-wt/RobWork/RobWork/src/rw/loaders/model3d/Loader3DS.cpp”)
      D:\10_Source_Repos\21_robot\RobWork\build\acc-wp24-t09-wt\RobWork\RobWork\src\rw\geometry\Object3D.hpp(280,22):
      模板实例化上下文(最早的实例化上下文)为
          D:\10_Source_Repos\21_robot\RobWork\build\acc-wp24-t09-wt\RobWork\RobWork\src\rw\loaders\model3d\Loader3DS.cpp(94,46):
          查看对正在编译的 类 模板 实例化“rw::geometry::Object3D<uint16_t>”的引用
          D:\10_Source_Repos\21_robot\RobWork\build\acc-wp24-t09-wt\RobWork\RobWork\src\rw\geometry\Object3D.hpp(277,14):
          在编译 类 模板 成员函数“void rw::geometry::Object3D<uint16_t>::scale(double)”时
  
D:\10_Source_Repos\21_robot\RobWork\build\acc-wp24-t09-wt\RobWork\RobWork\src\rw\geometry\Object3D.hpp(284,22): warning C4244: “参数”: 从“double”转换到“T”，可能丢失数据 [D:\10_Source_Repos\21_robot\RobWork\build\acc-wp24-t09-bld\RobWork\src\rw\loaders\sdurw_loaders.vcxproj]
D:\10_Source_Repos\21_robot\RobWork\build\acc-wp24-t09-wt\RobWork\RobWork\src\rw\geometry\Object3D.hpp(284,22): warning C4244:         with [D:\10_Source_Repos\21_robot\RobWork\build\acc-wp24-t09-bld\RobWork\src\rw\loaders\sdurw_loaders.vcxproj]
D:\10_Source_Repos\21_robot\RobWork\build\acc-wp24-t09-wt\RobWork\RobWork\src\rw\geometry\Object3D.hpp(284,22): warning C4244:         [ [D:\10_Source_Repos\21_robot\RobWork\build\acc-wp24-t09-bld\RobWork\src\rw\loaders\sdurw_loaders.vcxproj]
D:\10_Source_Repos\21_robot\RobWork\build\acc-wp24-t09-wt\RobWork\RobWork\src\rw\geometry\Object3D.hpp(284,22): warning C4244:             T=float [D:\10_Source_Repos\21_robot\RobWork\build\acc-wp24-t09-bld\RobWork\src\rw\loaders\sdurw_loaders.vcxproj]
D:\10_Source_Repos\21_robot\RobWork\build\acc-wp24-t09-wt\RobWork\RobWork\src\rw\geometry\Object3D.hpp(284,22): warning C4244:         ] [D:\10_Source_Repos\21_robot\RobWork\build\acc-wp24-t09-bld\RobWork\src\rw\loaders\sdurw_loaders.vcxproj]
  (编译源文件“../../../../../acc-wp24-t09-wt/RobWork/RobWork/src/rw/loaders/model3d/Loader3DS.cpp”)
  
D:\10_Source_Repos\21_robot\RobWork\build\acc-wp24-t09-wt\RobWork\RobWork\src\rw\geometry\Object3D.hpp(286,32): warning C4244: “参数”: 从“double”转换到“T”，可能丢失数据 [D:\10_Source_Repos\21_robot\RobWork\build\acc-wp24-t09-bld\RobWork\src\rw\loaders\sdurw_loaders.vcxproj]
D:\10_Source_Repos\21_robot\RobWork\build\acc-wp24-t09-wt\RobWork\RobWork\src\rw\geometry\Object3D.hpp(286,32): warning C4244:         with [D:\10_Source_Repos\21_robot\RobWork\build\acc-wp24-t09-bld\RobWork\src\rw\loaders\sdurw_loaders.vcxproj]
D:\10_Source_Repos\21_robot\RobWork\build\acc-wp24-t09-wt\RobWork\RobWork\src\rw\geometry\Object3D.hpp(286,32): warning C4244:         [ [D:\10_Source_Repos\21_robot\RobWork\build\acc-wp24-t09-bld\RobWork\src\rw\loaders\sdurw_loaders.vcxproj]
D:\10_Source_Repos\21_robot\RobWork\build\acc-wp24-t09-wt\RobWork\RobWork\src\rw\geometry\Object3D.hpp(286,32): warning C4244:             T=float [D:\10_Source_Repos\21_robot\RobWork\build\acc-wp24-t09-bld\RobWork\src\rw\loaders\sdurw_loaders.vcxproj]
D:\10_Source_Repos\21_robot\RobWork\build\acc-wp24-t09-wt\RobWork\RobWork\src\rw\geometry\Object3D.hpp(286,32): warning C4244:         ] [D:\10_Source_Repos\21_robot\RobWork\build\acc-wp24-t09-bld\RobWork\src\rw\loaders\sdurw_loaders.vcxproj]
  (编译源文件“../../../../../acc-wp24-t09-wt/RobWork/RobWork/src/rw/loaders/model3d/Loader3DS.cpp”)
  
D:\10_Source_Repos\21_robot\RobWork\build\acc-wp24-t09-wt\RobWork\RobWork\src\rw\geometry\Object3D.hpp(287,27): warning C4244: “参数”: 从“double”转换到“T”，可能丢失数据 [D:\10_Source_Repos\21_robot\RobWork\build\acc-wp24-t09-bld\RobWork\src\rw\loaders\sdurw_loaders.vcxproj]
D:\10_Source_Repos\21_robot\RobWork\build\acc-wp24-t09-wt\RobWork\RobWork\src\rw\geometry\Object3D.hpp(287,27): warning C4244:         with [D:\10_Source_Repos\21_robot\RobWork\build\acc-wp24-t09-bld\RobWork\src\rw\loaders\sdurw_loaders.vcxproj]
D:\10_Source_Repos\21_robot\RobWork\build\acc-wp24-t09-wt\RobWork\RobWork\src\rw\geometry\Object3D.hpp(287,27): warning C4244:         [ [D:\10_Source_Repos\21_robot\RobWork\build\acc-wp24-t09-bld\RobWork\src\rw\loaders\sdurw_loaders.vcxproj]
D:\10_Source_Repos\21_robot\RobWork\build\acc-wp24-t09-wt\RobWork\RobWork\src\rw\geometry\Object3D.hpp(287,27): warning C4244:             T=float [D:\10_Source_Repos\21_robot\RobWork\build\acc-wp24-t09-bld\RobWork\src\rw\loaders\sdurw_loaders.vcxproj]
D:\10_Source_Repos\21_robot\RobWork\build\acc-wp24-t09-wt\RobWork\RobWork\src\rw\geometry\Object3D.hpp(287,27): warning C4244:         ] [D:\10_Source_Repos\21_robot\RobWork\build\acc-wp24-t09-bld\RobWork\src\rw\loaders\sdurw_loaders.vcxproj]
  (编译源文件“../../../../../acc-wp24-t09-wt/RobWork/RobWork/src/rw/loaders/model3d/Loader3DS.cpp”)
  
D:\10_Source_Repos\21_robot\RobWork\build\acc-wp24-t09-wt\RobWork\RobWork\src\rw\geometry\Object3D.hpp(288,27): warning C4244: “参数”: 从“double”转换到“T”，可能丢失数据 [D:\10_Source_Repos\21_robot\RobWork\build\acc-wp24-t09-bld\RobWork\src\rw\loaders\sdurw_loaders.vcxproj]
D:\10_Source_Repos\21_robot\RobWork\build\acc-wp24-t09-wt\RobWork\RobWork\src\rw\geometry\Object3D.hpp(288,27): warning C4244:         with [D:\10_Source_Repos\21_robot\RobWork\build\acc-wp24-t09-bld\RobWork\src\rw\loaders\sdurw_loaders.vcxproj]
D:\10_Source_Repos\21_robot\RobWork\build\acc-wp24-t09-wt\RobWork\RobWork\src\rw\geometry\Object3D.hpp(288,27): warning C4244:         [ [D:\10_Source_Repos\21_robot\RobWork\build\acc-wp24-t09-bld\RobWork\src\rw\loaders\sdurw_loaders.vcxproj]
D:\10_Source_Repos\21_robot\RobWork\build\acc-wp24-t09-wt\RobWork\RobWork\src\rw\geometry\Object3D.hpp(288,27): warning C4244:             T=float [D:\10_Source_Repos\21_robot\RobWork\build\acc-wp24-t09-bld\RobWork\src\rw\loaders\sdurw_loaders.vcxproj]
D:\10_Source_Repos\21_robot\RobWork\build\acc-wp24-t09-wt\RobWork\RobWork\src\rw\geometry\Object3D.hpp(288,27): warning C4244:         ] [D:\10_Source_Repos\21_robot\RobWork\build\acc-wp24-t09-bld\RobWork\src\rw\loaders\sdurw_loaders.vcxproj]
  (编译源文件“../../../../../acc-wp24-t09-wt/RobWork/RobWork/src/rw/loaders/model3d/Loader3DS.cpp”)
  
  PPMLoader.cpp
  RGBLoader.cpp
D:\10_Source_Repos\21_robot\RobWork\build\acc-wp24-t09-wt\RobWork\RobWork\src\rw\geometry\Object3D.hpp(280,22): warning C4244: “参数”: 从“double”转换到“T”，可能丢失数据 [D:\10_Source_Repos\21_robot\RobWork\build\acc-wp24-t09-bld\RobWork\src\rw\loaders\sdurw_loaders.vcxproj]
D:\10_Source_Repos\21_robot\RobWork\build\acc-wp24-t09-wt\RobWork\RobWork\src\rw\geometry\Object3D.hpp(280,22): warning C4244:         with [D:\10_Source_Repos\21_robot\RobWork\build\acc-wp24-t09-bld\RobWork\src\rw\loaders\sdurw_loaders.vcxproj]
D:\10_Source_Repos\21_robot\RobWork\build\acc-wp24-t09-wt\RobWork\RobWork\src\rw\geometry\Object3D.hpp(280,22): warning C4244:         [ [D:\10_Source_Repos\21_robot\RobWork\build\acc-wp24-t09-bld\RobWork\src\rw\loaders\sdurw_loaders.vcxproj]
D:\10_Source_Repos\21_robot\RobWork\build\acc-wp24-t09-wt\RobWork\RobWork\src\rw\geometry\Object3D.hpp(280,22): warning C4244:             T=float [D:\10_Source_Repos\21_robot\RobWork\build\acc-wp24-t09-bld\RobWork\src\rw\loaders\sdurw_loaders.vcxproj]
D:\10_Source_Repos\21_robot\RobWork\build\acc-wp24-t09-wt\RobWork\RobWork\src\rw\geometry\Object3D.hpp(280,22): warning C4244:         ] [D:\10_Source_Repos\21_robot\RobWork\build\acc-wp24-t09-bld\RobWork\src\rw\loaders\sdurw_loaders.vcxproj]
  (编译源文件“../../../../../acc-wp24-t09-wt/RobWork/RobWork/src/rw/loaders/model3d/LoaderOBJ.cpp”)
      D:\10_Source_Repos\21_robot\RobWork\build\acc-wp24-t09-wt\RobWork\RobWork\src\rw\geometry\Object3D.hpp(280,22):
      模板实例化上下文(最早的实例化上下文)为
          D:\10_Source_Repos\21_robot\RobWork\build\acc-wp24-t09-wt\RobWork\RobWork\src\rw\loaders\model3d\LoaderOBJ.cpp(759,36):
          查看对正在编译的 类 模板 实例化“rw::geometry::Object3D<uint32_t>”的引用
          D:\10_Source_Repos\21_robot\RobWork\build\acc-wp24-t09-wt\RobWork\RobWork\src\rw\geometry\Object3D.hpp(277,14):
          在编译 类 模板 成员函数“void rw::geometry::Object3D<uint32_t>::scale(double)”时
  
D:\10_Source_Repos\21_robot\RobWork\build\acc-wp24-t09-wt\RobWork\RobWork\src\rw\geometry\Object3D.hpp(284,22): warning C4244: “参数”: 从“double”转换到“T”，可能丢失数据 [D:\10_Source_Repos\21_robot\RobWork\build\acc-wp24-t09-bld\RobWork\src\rw\loaders\sdurw_loaders.vcxproj]
D:\10_Source_Repos\21_robot\RobWork\build\acc-wp24-t09-wt\RobWork\RobWork\src\rw\geometry\Object3D.hpp(284,22): warning C4244:         with [D:\10_Source_Repos\21_robot\RobWork\build\acc-wp24-t09-bld\RobWork\src\rw\loaders\sdurw_loaders.vcxproj]
D:\10_Source_Repos\21_robot\RobWork\build\acc-wp24-t09-wt\RobWork\RobWork\src\rw\geometry\Object3D.hpp(284,22): warning C4244:         [ [D:\10_Source_Repos\21_robot\RobWork\build\acc-wp24-t09-bld\RobWork\src\rw\loaders\sdurw_loaders.vcxproj]
D:\10_Source_Repos\21_robot\RobWork\build\acc-wp24-t09-wt\RobWork\RobWork\src\rw\geometry\Object3D.hpp(284,22): warning C4244:             T=float [D:\10_Source_Repos\21_robot\RobWork\build\acc-wp24-t09-bld\RobWork\src\rw\loaders\sdurw_loaders.vcxproj]
D:\10_Source_Repos\21_robot\RobWork\build\acc-wp24-t09-wt\RobWork\RobWork\src\rw\geometry\Object3D.hpp(284,22): warning C4244:         ] [D:\10_Source_Repos\21_robot\RobWork\build\acc-wp24-t09-bld\RobWork\src\rw\loaders\sdurw_loaders.vcxproj]
  (编译源文件“../../../../../acc-wp24-t09-wt/RobWork/RobWork/src/rw/loaders/model3d/LoaderOBJ.cpp”)
  
D:\10_Source_Repos\21_robot\RobWork\build\acc-wp24-t09-wt\RobWork\RobWork\src\rw\geometry\Object3D.hpp(286,32): warning C4244: “参数”: 从“double”转换到“T”，可能丢失数据 [D:\10_Source_Repos\21_robot\RobWork\build\acc-wp24-t09-bld\RobWork\src\rw\loaders\sdurw_loaders.vcxproj]
D:\10_Source_Repos\21_robot\RobWork\build\acc-wp24-t09-wt\RobWork\RobWork\src\rw\geometry\Object3D.hpp(286,32): warning C4244:         with [D:\10_Source_Repos\21_robot\RobWork\build\acc-wp24-t09-bld\RobWork\src\rw\loaders\sdurw_loaders.vcxproj]
D:\10_Source_Repos\21_robot\RobWork\build\acc-wp24-t09-wt\RobWork\RobWork\src\rw\geometry\Object3D.hpp(286,32): warning C4244:         [ [D:\10_Source_Repos\21_robot\RobWork\build\acc-wp24-t09-bld\RobWork\src\rw\loaders\sdurw_loaders.vcxproj]
D:\10_Source_Repos\21_robot\RobWork\build\acc-wp24-t09-wt\RobWork\RobWork\src\rw\geometry\Object3D.hpp(286,32): warning C4244:             T=float [D:\10_Source_Repos\21_robot\RobWork\build\acc-wp24-t09-bld\RobWork\src\rw\loaders\sdurw_loaders.vcxproj]
D:\10_Source_Repos\21_robot\RobWork\build\acc-wp24-t09-wt\RobWork\RobWork\src\rw\geometry\Object3D.hpp(286,32): warning C4244:         ] [D:\10_Source_Repos\21_robot\RobWork\build\acc-wp24-t09-bld\RobWork\src\rw\loaders\sdurw_loaders.vcxproj]
  (编译源文件“../../../../../acc-wp24-t09-wt/RobWork/RobWork/src/rw/loaders/model3d/LoaderOBJ.cpp”)
  
D:\10_Source_Repos\21_robot\RobWork\build\acc-wp24-t09-wt\RobWork\RobWork\src\rw\geometry\Object3D.hpp(287,27): warning C4244: “参数”: 从“double”转换到“T”，可能丢失数据 [D:\10_Source_Repos\21_robot\RobWork\build\acc-wp24-t09-bld\RobWork\src\rw\loaders\sdurw_loaders.vcxproj]
D:\10_Source_Repos\21_robot\RobWork\build\acc-wp24-t09-wt\RobWork\RobWork\src\rw\geometry\Object3D.hpp(287,27): warning C4244:         with [D:\10_Source_Repos\21_robot\RobWork\build\acc-wp24-t09-bld\RobWork\src\rw\loaders\sdurw_loaders.vcxproj]
D:\10_Source_Repos\21_robot\RobWork\build\acc-wp24-t09-wt\RobWork\RobWork\src\rw\geometry\Object3D.hpp(287,27): warning C4244:         [ [D:\10_Source_Repos\21_robot\RobWork\build\acc-wp24-t09-bld\RobWork\src\rw\loaders\sdurw_loaders.vcxproj]
D:\10_Source_Repos\21_robot\RobWork\build\acc-wp24-t09-wt\RobWork\RobWork\src\rw\geometry\Object3D.hpp(287,27): warning C4244:             T=float [D:\10_Source_Repos\21_robot\RobWork\build\acc-wp24-t09-bld\RobWork\src\rw\loaders\sdurw_loaders.vcxproj]
D:\10_Source_Repos\21_robot\RobWork\build\acc-wp24-t09-wt\RobWork\RobWork\src\rw\geometry\Object3D.hpp(287,27): warning C4244:         ] [D:\10_Source_Repos\21_robot\RobWork\build\acc-wp24-t09-bld\RobWork\src\rw\loaders\sdurw_loaders.vcxproj]
  (编译源文件“../../../../../acc-wp24-t09-wt/RobWork/RobWork/src/rw/loaders/model3d/LoaderOBJ.cpp”)
  
D:\10_Source_Repos\21_robot\RobWork\build\acc-wp24-t09-wt\RobWork\RobWork\src\rw\geometry\Object3D.hpp(288,27): warning C4244: “参数”: 从“double”转换到“T”，可能丢失数据 [D:\10_Source_Repos\21_robot\RobWork\build\acc-wp24-t09-bld\RobWork\src\rw\loaders\sdurw_loaders.vcxproj]
D:\10_Source_Repos\21_robot\RobWork\build\acc-wp24-t09-wt\RobWork\RobWork\src\rw\geometry\Object3D.hpp(288,27): warning C4244:         with [D:\10_Source_Repos\21_robot\RobWork\build\acc-wp24-t09-bld\RobWork\src\rw\loaders\sdurw_loaders.vcxproj]
D:\10_Source_Repos\21_robot\RobWork\build\acc-wp24-t09-wt\RobWork\RobWork\src\rw\geometry\Object3D.hpp(288,27): warning C4244:         [ [D:\10_Source_Repos\21_robot\RobWork\build\acc-wp24-t09-bld\RobWork\src\rw\loaders\sdurw_loaders.vcxproj]
D:\10_Source_Repos\21_robot\RobWork\build\acc-wp24-t09-wt\RobWork\RobWork\src\rw\geometry\Object3D.hpp(288,27): warning C4244:             T=float [D:\10_Source_Repos\21_robot\RobWork\build\acc-wp24-t09-bld\RobWork\src\rw\loaders\sdurw_loaders.vcxproj]
D:\10_Source_Repos\21_robot\RobWork\build\acc-wp24-t09-wt\RobWork\RobWork\src\rw\geometry\Object3D.hpp(288,27): warning C4244:         ] [D:\10_Source_Repos\21_robot\RobWork\build\acc-wp24-t09-bld\RobWork\src\rw\loaders\sdurw_loaders.vcxproj]
  (编译源文件“../../../../../acc-wp24-t09-wt/RobWork/RobWork/src/rw/loaders/model3d/LoaderOBJ.cpp”)
  
  ImageLoader.cpp
D:\10_Source_Repos\21_robot\RobWork\build\acc-wp24-t09-wt\RobWork\RobWork\src\rw\geometry\Object3D.hpp(280,22): warning C4244: “参数”: 从“double”转换到“T”，可能丢失数据 [D:\10_Source_Repos\21_robot\RobWork\build\acc-wp24-t09-bld\RobWork\src\rw\loaders\sdurw_loaders.vcxproj]
D:\10_Source_Repos\21_robot\RobWork\build\acc-wp24-t09-wt\RobWork\RobWork\src\rw\geometry\Object3D.hpp(280,22): warning C4244:         with [D:\10_Source_Repos\21_robot\RobWork\build\acc-wp24-t09-bld\RobWork\src\rw\loaders\sdurw_loaders.vcxproj]
D:\10_Source_Repos\21_robot\RobWork\build\acc-wp24-t09-wt\RobWork\RobWork\src\rw\geometry\Object3D.hpp(280,22): warning C4244:         [ [D:\10_Source_Repos\21_robot\RobWork\build\acc-wp24-t09-bld\RobWork\src\rw\loaders\sdurw_loaders.vcxproj]
D:\10_Source_Repos\21_robot\RobWork\build\acc-wp24-t09-wt\RobWork\RobWork\src\rw\geometry\Object3D.hpp(280,22): warning C4244:             T=float [D:\10_Source_Repos\21_robot\RobWork\build\acc-wp24-t09-bld\RobWork\src\rw\loaders\sdurw_loaders.vcxproj]
D:\10_Source_Repos\21_robot\RobWork\build\acc-wp24-t09-wt\RobWork\RobWork\src\rw\geometry\Object3D.hpp(280,22): warning C4244:         ] [D:\10_Source_Repos\21_robot\RobWork\build\acc-wp24-t09-bld\RobWork\src\rw\loaders\sdurw_loaders.vcxproj]
  (编译源文件“../../../../../acc-wp24-t09-wt/RobWork/RobWork/src/rw/loaders/model3d/LoaderAC3D.cpp”)
      D:\10_Source_Repos\21_robot\RobWork\build\acc-wp24-t09-wt\RobWork\RobWork\src\rw\geometry\Object3D.hpp(280,22):
      模板实例化上下文(最早的实例化上下文)为
          D:\10_Source_Repos\21_robot\RobWork\build\acc-wp24-t09-wt\RobWork\RobWork\src\rw\loaders\model3d\LoaderAC3D.cpp(123,65):
          查看对正在编译的 类 模板 实例化“rw::geometry::Object3D<uint16_t>”的引用
          D:\10_Source_Repos\21_robot\RobWork\build\acc-wp24-t09-wt\RobWork\RobWork\src\rw\geometry\Object3D.hpp(277,14):
          在编译 类 模板 成员函数“void rw::geometry::Object3D<uint16_t>::scale(double)”时
  
D:\10_Source_Repos\21_robot\RobWork\build\acc-wp24-t09-wt\RobWork\RobWork\src\rw\geometry\Object3D.hpp(284,22): warning C4244: “参数”: 从“double”转换到“T”，可能丢失数据 [D:\10_Source_Repos\21_robot\RobWork\build\acc-wp24-t09-bld\RobWork\src\rw\loaders\sdurw_loaders.vcxproj]
D:\10_Source_Repos\21_robot\RobWork\build\acc-wp24-t09-wt\RobWork\RobWork\src\rw\geometry\Object3D.hpp(284,22): warning C4244:         with [D:\10_Source_Repos\21_robot\RobWork\build\acc-wp24-t09-bld\RobWork\src\rw\loaders\sdurw_loaders.vcxproj]
D:\10_Source_Repos\21_robot\RobWork\build\acc-wp24-t09-wt\RobWork\RobWork\src\rw\geometry\Object3D.hpp(284,22): warning C4244:         [ [D:\10_Source_Repos\21_robot\RobWork\build\acc-wp24-t09-bld\RobWork\src\rw\loaders\sdurw_loaders.vcxproj]
D:\10_Source_Repos\21_robot\RobWork\build\acc-wp24-t09-wt\RobWork\RobWork\src\rw\geometry\Object3D.hpp(284,22): warning C4244:             T=float [D:\10_Source_Repos\21_robot\RobWork\build\acc-wp24-t09-bld\RobWork\src\rw\loaders\sdurw_loaders.vcxproj]
D:\10_Source_Repos\21_robot\RobWork\build\acc-wp24-t09-wt\RobWork\RobWork\src\rw\geometry\Object3D.hpp(284,22): warning C4244:         ] [D:\10_Source_Repos\21_robot\RobWork\build\acc-wp24-t09-bld\RobWork\src\rw\loaders\sdurw_loaders.vcxproj]
  (编译源文件“../../../../../acc-wp24-t09-wt/RobWork/RobWork/src/rw/loaders/model3d/LoaderAC3D.cpp”)
  
D:\10_Source_Repos\21_robot\RobWork\build\acc-wp24-t09-wt\RobWork\RobWork\src\rw\geometry\Object3D.hpp(286,32): warning C4244: “参数”: 从“double”转换到“T”，可能丢失数据 [D:\10_Source_Repos\21_robot\RobWork\build\acc-wp24-t09-bld\RobWork\src\rw\loaders\sdurw_loaders.vcxproj]
D:\10_Source_Repos\21_robot\RobWork\build\acc-wp24-t09-wt\RobWork\RobWork\src\rw\geometry\Object3D.hpp(286,32): warning C4244:         with [D:\10_Source_Repos\21_robot\RobWork\build\acc-wp24-t09-bld\RobWork\src\rw\loaders\sdurw_loaders.vcxproj]
D:\10_Source_Repos\21_robot\RobWork\build\acc-wp24-t09-wt\RobWork\RobWork\src\rw\geometry\Object3D.hpp(286,32): warning C4244:         [ [D:\10_Source_Repos\21_robot\RobWork\build\acc-wp24-t09-bld\RobWork\src\rw\loaders\sdurw_loaders.vcxproj]
D:\10_Source_Repos\21_robot\RobWork\build\acc-wp24-t09-wt\RobWork\RobWork\src\rw\geometry\Object3D.hpp(286,32): warning C4244:             T=float [D:\10_Source_Repos\21_robot\RobWork\build\acc-wp24-t09-bld\RobWork\src\rw\loaders\sdurw_loaders.vcxproj]
D:\10_Source_Repos\21_robot\RobWork\build\acc-wp24-t09-wt\RobWork\RobWork\src\rw\geometry\Object3D.hpp(286,32): warning C4244:         ] [D:\10_Source_Repos\21_robot\RobWork\build\acc-wp24-t09-bld\RobWork\src\rw\loaders\sdurw_loaders.vcxproj]
  (编译源文件“../../../../../acc-wp24-t09-wt/RobWork/RobWork/src/rw/loaders/model3d/LoaderAC3D.cpp”)
  
D:\10_Source_Repos\21_robot\RobWork\build\acc-wp24-t09-wt\RobWork\RobWork\src\rw\geometry\Object3D.hpp(287,27): warning C4244: “参数”: 从“double”转换到“T”，可能丢失数据 [D:\10_Source_Repos\21_robot\RobWork\build\acc-wp24-t09-bld\RobWork\src\rw\loaders\sdurw_loaders.vcxproj]
D:\10_Source_Repos\21_robot\RobWork\build\acc-wp24-t09-wt\RobWork\RobWork\src\rw\geometry\Object3D.hpp(287,27): warning C4244:         with [D:\10_Source_Repos\21_robot\RobWork\build\acc-wp24-t09-bld\RobWork\src\rw\loaders\sdurw_loaders.vcxproj]
D:\10_Source_Repos\21_robot\RobWork\build\acc-wp24-t09-wt\RobWork\RobWork\src\rw\geometry\Object3D.hpp(287,27): warning C4244:         [ [D:\10_Source_Repos\21_robot\RobWork\build\acc-wp24-t09-bld\RobWork\src\rw\loaders\sdurw_loaders.vcxproj]
D:\10_Source_Repos\21_robot\RobWork\build\acc-wp24-t09-wt\RobWork\RobWork\src\rw\geometry\Object3D.hpp(287,27): warning C4244:             T=float [D:\10_Source_Repos\21_robot\RobWork\build\acc-wp24-t09-bld\RobWork\src\rw\loaders\sdurw_loaders.vcxproj]
D:\10_Source_Repos\21_robot\RobWork\build\acc-wp24-t09-wt\RobWork\RobWork\src\rw\geometry\Object3D.hpp(287,27): warning C4244:         ] [D:\10_Source_Repos\21_robot\RobWork\build\acc-wp24-t09-bld\RobWork\src\rw\loaders\sdurw_loaders.vcxproj]
  (编译源文件“../../../../../acc-wp24-t09-wt/RobWork/RobWork/src/rw/loaders/model3d/LoaderAC3D.cpp”)
  
D:\10_Source_Repos\21_robot\RobWork\build\acc-wp24-t09-wt\RobWork\RobWork\src\rw\geometry\Object3D.hpp(288,27): warning C4244: “参数”: 从“double”转换到“T”，可能丢失数据 [D:\10_Source_Repos\21_robot\RobWork\build\acc-wp24-t09-bld\RobWork\src\rw\loaders\sdurw_loaders.vcxproj]
D:\10_Source_Repos\21_robot\RobWork\build\acc-wp24-t09-wt\RobWork\RobWork\src\rw\geometry\Object3D.hpp(288,27): warning C4244:         with [D:\10_Source_Repos\21_robot\RobWork\build\acc-wp24-t09-bld\RobWork\src\rw\loaders\sdurw_loaders.vcxproj]
D:\10_Source_Repos\21_robot\RobWork\build\acc-wp24-t09-wt\RobWork\RobWork\src\rw\geometry\Object3D.hpp(288,27): warning C4244:         [ [D:\10_Source_Repos\21_robot\RobWork\build\acc-wp24-t09-bld\RobWork\src\rw\loaders\sdurw_loaders.vcxproj]
D:\10_Source_Repos\21_robot\RobWork\build\acc-wp24-t09-wt\RobWork\RobWork\src\rw\geometry\Object3D.hpp(288,27): warning C4244:             T=float [D:\10_Source_Repos\21_robot\RobWork\build\acc-wp24-t09-bld\RobWork\src\rw\loaders\sdurw_loaders.vcxproj]
D:\10_Source_Repos\21_robot\RobWork\build\acc-wp24-t09-wt\RobWork\RobWork\src\rw\geometry\Object3D.hpp(288,27): warning C4244:         ] [D:\10_Source_Repos\21_robot\RobWork\build\acc-wp24-t09-bld\RobWork\src\rw\loaders\sdurw_loaders.vcxproj]
  (编译源文件“../../../../../acc-wp24-t09-wt/RobWork/RobWork/src/rw/loaders/model3d/LoaderAC3D.cpp”)
  
  XercesErrorHandler.cpp
  XercesUtils.cpp
  XMLBasisTypes.cpp
  XMLPathFormat.cpp
  XMLPathLoader.cpp
  XMLPathSaver.cpp
  XMLTrajectoryFormat.cpp
  XMLTrajectoryLoader.cpp
  XMLTrajectorySaver.cpp
  XMLPropertyFormat.cpp
  XMLPropertyLoader.cpp
  XMLPropertySaver.cpp
  XMLProximitySetupLoader.cpp
  Auto build dll exports
    正在创建库 D:/10_Source_Repos/21_robot/RobWork/build/acc-wp24-t09-bld/RobWork/libs/Release/sdurw_loaders.lib 和对象 D:/10_Source_Repos/21_robot/RobWork/build/acc-wp24-t09-bld/RobWork/libs/Release/sdurw_loaders.exp
  sdurw_loaders.vcxproj -> D:\10_Source_Repos\21_robot\RobWork\build\acc-wp24-t09-bld\RobWork\bin\Release\sdurw_loaders.dll
  D:\10_Source_Repos\21_robot\RobWork\vcpkg\installed\x64-windows\bin\xerces-c_3_3.dll -> D:\10_Source_Repos\21_robot\RobWork\build\acc-wp24-t09-bld\RobWork\bin\Release\xerces-c_3_3.dll done
  Building Custom Rule D:/10_Source_Repos/21_robot/RobWork/build/acc-wp24-t09-wt/RobWork/RobWork/src/rwlibs/opengl/CMakeLists.txt
  Drawable.cpp
  RenderArrow.cpp
  RWGLFrameBuffer.cpp
  DrawableFactory.cpp
  DrawableUtil.cpp
  RenderFrame.cpp
  RenderGeometry.cpp
  RenderLines.cpp
  RenderMatrix.cpp
  SceneOpenGL.cpp
  TactileArrayRender.cpp
  RWGLTexture.cpp
  RenderImage.cpp
  RenderModel3D.cpp
  RenderUtil.cpp
  RenderScan.cpp
  RenderPointCloud.cpp
  RenderCameraFrustum.cpp
  DrawableGeometry.cpp
  RenderSmoothSkin.cpp
  RenderForceTorque.cpp
  RenderVelocity.cpp
  RenderText.cpp
  #include <rwlibs/os/glext_win32.hpp> is deprecated, use #include <rwlibs/opengl/glext_win32.hpp> instead
D:\10_Source_Repos\21_robot\RobWork\build\acc-wp24-t09-wt\RobWork\RobWork\src\rwlibs\opengl\RenderModel3D.cpp(56,12): warning C4099: “rwlibs::opengl::TPFace”: 类型名称以前使用“class”现在使用的是“struct” [D:\10_Source_Repos\21_robot\RobWork\build\acc-wp24-t09-bld\RobWork\src\rwlibs\opengl\sdurw_opengl.vcxproj]
      D:\10_Source_Repos\21_robot\RobWork\build\acc-wp24-t09-wt\RobWork\RobWork\src\rwlibs\opengl\RenderModel3D.cpp(56,12):
      参见“rwlibs::opengl::TPFace”的声明
  
D:\10_Source_Repos\21_robot\RobWork\build\acc-wp24-t09-wt\RobWork\RobWork\src\rw\geometry\Object3D.hpp(280,22): warning C4244: “参数”: 从“double”转换到“T”，可能丢失数据 [D:\10_Source_Repos\21_robot\RobWork\build\acc-wp24-t09-bld\RobWork\src\rwlibs\opengl\sdurw_opengl.vcxproj]
D:\10_Source_Repos\21_robot\RobWork\build\acc-wp24-t09-wt\RobWork\RobWork\src\rw\geometry\Object3D.hpp(280,22): warning C4244:         with [D:\10_Source_Repos\21_robot\RobWork\build\acc-wp24-t09-bld\RobWork\src\rwlibs\opengl\sdurw_opengl.vcxproj]
D:\10_Source_Repos\21_robot\RobWork\build\acc-wp24-t09-wt\RobWork\RobWork\src\rw\geometry\Object3D.hpp(280,22): warning C4244:         [ [D:\10_Source_Repos\21_robot\RobWork\build\acc-wp24-t09-bld\RobWork\src\rwlibs\opengl\sdurw_opengl.vcxproj]
D:\10_Source_Repos\21_robot\RobWork\build\acc-wp24-t09-wt\RobWork\RobWork\src\rw\geometry\Object3D.hpp(280,22): warning C4244:             T=float [D:\10_Source_Repos\21_robot\RobWork\build\acc-wp24-t09-bld\RobWork\src\rwlibs\opengl\sdurw_opengl.vcxproj]
D:\10_Source_Repos\21_robot\RobWork\build\acc-wp24-t09-wt\RobWork\RobWork\src\rw\geometry\Object3D.hpp(280,22): warning C4244:         ] [D:\10_Source_Repos\21_robot\RobWork\build\acc-wp24-t09-bld\RobWork\src\rwlibs\opengl\sdurw_opengl.vcxproj]
  (编译源文件“../../../../../acc-wp24-t09-wt/RobWork/RobWork/src/rwlibs/opengl/RenderModel3D.cpp”)
      D:\10_Source_Repos\21_robot\RobWork\build\acc-wp24-t09-wt\RobWork\RobWork\src\rw\geometry\Object3D.hpp(280,22):
      模板实例化上下文(最早的实例化上下文)为
          D:\10_Source_Repos\21_robot\RobWork\build\acc-wp24-t09-wt\RobWork\RobWork\src\rwlibs\opengl\RenderModel3D.cpp(246,59):
          查看对正在编译的 类 模板 实例化“rw::geometry::Object3D<uint32_t>”的引用
          D:\10_Source_Repos\21_robot\RobWork\build\acc-wp24-t09-wt\RobWork\RobWork\src\rw\geometry\Object3D.hpp(277,14):
          在编译 类 模板 成员函数“void rw::geometry::Object3D<uint32_t>::scale(double)”时
  
D:\10_Source_Repos\21_robot\RobWork\build\acc-wp24-t09-wt\RobWork\RobWork\src\rw\geometry\Object3D.hpp(284,22): warning C4244: “参数”: 从“double”转换到“T”，可能丢失数据 [D:\10_Source_Repos\21_robot\RobWork\build\acc-wp24-t09-bld\RobWork\src\rwlibs\opengl\sdurw_opengl.vcxproj]
D:\10_Source_Repos\21_robot\RobWork\build\acc-wp24-t09-wt\RobWork\RobWork\src\rw\geometry\Object3D.hpp(284,22): warning C4244:         with [D:\10_Source_Repos\21_robot\RobWork\build\acc-wp24-t09-bld\RobWork\src\rwlibs\opengl\sdurw_opengl.vcxproj]
D:\10_Source_Repos\21_robot\RobWork\build\acc-wp24-t09-wt\RobWork\RobWork\src\rw\geometry\Object3D.hpp(284,22): warning C4244:         [ [D:\10_Source_Repos\21_robot\RobWork\build\acc-wp24-t09-bld\RobWork\src\rwlibs\opengl\sdurw_opengl.vcxproj]
D:\10_Source_Repos\21_robot\RobWork\build\acc-wp24-t09-wt\RobWork\RobWork\src\rw\geometry\Object3D.hpp(284,22): warning C4244:             T=float [D:\10_Source_Repos\21_robot\RobWork\build\acc-wp24-t09-bld\RobWork\src\rwlibs\opengl\sdurw_opengl.vcxproj]
D:\10_Source_Repos\21_robot\RobWork\build\acc-wp24-t09-wt\RobWork\RobWork\src\rw\geometry\Object3D.hpp(284,22): warning C4244:         ] [D:\10_Source_Repos\21_robot\RobWork\build\acc-wp24-t09-bld\RobWork\src\rwlibs\opengl\sdurw_opengl.vcxproj]
  (编译源文件“../../../../../acc-wp24-t09-wt/RobWork/RobWork/src/rwlibs/opengl/RenderModel3D.cpp”)
  
D:\10_Source_Repos\21_robot\RobWork\build\acc-wp24-t09-wt\RobWork\RobWork\src\rw\geometry\Object3D.hpp(286,32): warning C4244: “参数”: 从“double”转换到“T”，可能丢失数据 [D:\10_Source_Repos\21_robot\RobWork\build\acc-wp24-t09-bld\RobWork\src\rwlibs\opengl\sdurw_opengl.vcxproj]
D:\10_Source_Repos\21_robot\RobWork\build\acc-wp24-t09-wt\RobWork\RobWork\src\rw\geometry\Object3D.hpp(286,32): warning C4244:         with [D:\10_Source_Repos\21_robot\RobWork\build\acc-wp24-t09-bld\RobWork\src\rwlibs\opengl\sdurw_opengl.vcxproj]
D:\10_Source_Repos\21_robot\RobWork\build\acc-wp24-t09-wt\RobWork\RobWork\src\rw\geometry\Object3D.hpp(286,32): warning C4244:         [ [D:\10_Source_Repos\21_robot\RobWork\build\acc-wp24-t09-bld\RobWork\src\rwlibs\opengl\sdurw_opengl.vcxproj]
D:\10_Source_Repos\21_robot\RobWork\build\acc-wp24-t09-wt\RobWork\RobWork\src\rw\geometry\Object3D.hpp(286,32): warning C4244:             T=float [D:\10_Source_Repos\21_robot\RobWork\build\acc-wp24-t09-bld\RobWork\src\rwlibs\opengl\sdurw_opengl.vcxproj]
D:\10_Source_Repos\21_robot\RobWork\build\acc-wp24-t09-wt\RobWork\RobWork\src\rw\geometry\Object3D.hpp(286,32): warning C4244:         ] [D:\10_Source_Repos\21_robot\RobWork\build\acc-wp24-t09-bld\RobWork\src\rwlibs\opengl\sdurw_opengl.vcxproj]
  (编译源文件“../../../../../acc-wp24-t09-wt/RobWork/RobWork/src/rwlibs/opengl/RenderModel3D.cpp”)
  
D:\10_Source_Repos\21_robot\RobWork\build\acc-wp24-t09-wt\RobWork\RobWork\src\rw\geometry\Object3D.hpp(287,27): warning C4244: “参数”: 从“double”转换到“T”，可能丢失数据 [D:\10_Source_Repos\21_robot\RobWork\build\acc-wp24-t09-bld\RobWork\src\rwlibs\opengl\sdurw_opengl.vcxproj]
D:\10_Source_Repos\21_robot\RobWork\build\acc-wp24-t09-wt\RobWork\RobWork\src\rw\geometry\Object3D.hpp(287,27): warning C4244:         with [D:\10_Source_Repos\21_robot\RobWork\build\acc-wp24-t09-bld\RobWork\src\rwlibs\opengl\sdurw_opengl.vcxproj]
D:\10_Source_Repos\21_robot\RobWork\build\acc-wp24-t09-wt\RobWork\RobWork\src\rw\geometry\Object3D.hpp(287,27): warning C4244:         [ [D:\10_Source_Repos\21_robot\RobWork\build\acc-wp24-t09-bld\RobWork\src\rwlibs\opengl\sdurw_opengl.vcxproj]
D:\10_Source_Repos\21_robot\RobWork\build\acc-wp24-t09-wt\RobWork\RobWork\src\rw\geometry\Object3D.hpp(287,27): warning C4244:             T=float [D:\10_Source_Repos\21_robot\RobWork\build\acc-wp24-t09-bld\RobWork\src\rwlibs\opengl\sdurw_opengl.vcxproj]
D:\10_Source_Repos\21_robot\RobWork\build\acc-wp24-t09-wt\RobWork\RobWork\src\rw\geometry\Object3D.hpp(287,27): warning C4244:         ] [D:\10_Source_Repos\21_robot\RobWork\build\acc-wp24-t09-bld\RobWork\src\rwlibs\opengl\sdurw_opengl.vcxproj]
  (编译源文件“../../../../../acc-wp24-t09-wt/RobWork/RobWork/src/rwlibs/opengl/RenderModel3D.cpp”)
  
D:\10_Source_Repos\21_robot\RobWork\build\acc-wp24-t09-wt\RobWork\RobWork\src\rw\geometry\Object3D.hpp(288,27): warning C4244: “参数”: 从“double”转换到“T”，可能丢失数据 [D:\10_Source_Repos\21_robot\RobWork\build\acc-wp24-t09-bld\RobWork\src\rwlibs\opengl\sdurw_opengl.vcxproj]
D:\10_Source_Repos\21_robot\RobWork\build\acc-wp24-t09-wt\RobWork\RobWork\src\rw\geometry\Object3D.hpp(288,27): warning C4244:         with [D:\10_Source_Repos\21_robot\RobWork\build\acc-wp24-t09-bld\RobWork\src\rwlibs\opengl\sdurw_opengl.vcxproj]
D:\10_Source_Repos\21_robot\RobWork\build\acc-wp24-t09-wt\RobWork\RobWork\src\rw\geometry\Object3D.hpp(288,27): warning C4244:         [ [D:\10_Source_Repos\21_robot\RobWork\build\acc-wp24-t09-bld\RobWork\src\rwlibs\opengl\sdurw_opengl.vcxproj]
D:\10_Source_Repos\21_robot\RobWork\build\acc-wp24-t09-wt\RobWork\RobWork\src\rw\geometry\Object3D.hpp(288,27): warning C4244:             T=float [D:\10_Source_Repos\21_robot\RobWork\build\acc-wp24-t09-bld\RobWork\src\rwlibs\opengl\sdurw_opengl.vcxproj]
D:\10_Source_Repos\21_robot\RobWork\build\acc-wp24-t09-wt\RobWork\RobWork\src\rw\geometry\Object3D.hpp(288,27): warning C4244:         ] [D:\10_Source_Repos\21_robot\RobWork\build\acc-wp24-t09-bld\RobWork\src\rwlibs\opengl\sdurw_opengl.vcxproj]
  (编译源文件“../../../../../acc-wp24-t09-wt/RobWork/RobWork/src/rwlibs/opengl/RenderModel3D.cpp”)
  
D:\10_Source_Repos\21_robot\RobWork\build\acc-wp24-t09-wt\RobWork\RobWork\src\rwlibs\opengl\RenderText.cpp(163,41): warning C4244: “参数”: 从“T”转换到“GLfloat”，可能丢失数据 [D:\10_Source_Repos\21_robot\RobWork\build\acc-wp24-t09-bld\RobWork\src\rwlibs\opengl\sdurw_opengl.vcxproj]
D:\10_Source_Repos\21_robot\RobWork\build\acc-wp24-t09-wt\RobWork\RobWork\src\rwlibs\opengl\RenderText.cpp(163,41): warning C4244:         with [D:\10_Source_Repos\21_robot\RobWork\build\acc-wp24-t09-bld\RobWork\src\rwlibs\opengl\sdurw_opengl.vcxproj]
D:\10_Source_Repos\21_robot\RobWork\build\acc-wp24-t09-wt\RobWork\RobWork\src\rwlibs\opengl\RenderText.cpp(163,41): warning C4244:         [ [D:\10_Source_Repos\21_robot\RobWork\build\acc-wp24-t09-bld\RobWork\src\rwlibs\opengl\sdurw_opengl.vcxproj]
D:\10_Source_Repos\21_robot\RobWork\build\acc-wp24-t09-wt\RobWork\RobWork\src\rwlibs\opengl\RenderText.cpp(163,41): warning C4244:             T=double [D:\10_Source_Repos\21_robot\RobWork\build\acc-wp24-t09-bld\RobWork\src\rwlibs\opengl\sdurw_opengl.vcxproj]
D:\10_Source_Repos\21_robot\RobWork\build\acc-wp24-t09-wt\RobWork\RobWork\src\rwlibs\opengl\RenderText.cpp(163,41): warning C4244:         ] [D:\10_Source_Repos\21_robot\RobWork\build\acc-wp24-t09-bld\RobWork\src\rwlibs\opengl\sdurw_opengl.vcxproj]
D:\10_Source_Repos\21_robot\RobWork\build\acc-wp24-t09-wt\RobWork\RobWork\src\rwlibs\opengl\RenderText.cpp(163,33): warning C4244: “参数”: 从“T”转换到“GLfloat”，可能丢失数据 [D:\10_Source_Repos\21_robot\RobWork\build\acc-wp24-t09-bld\RobWork\src\rwlibs\opengl\sdurw_opengl.vcxproj]
D:\10_Source_Repos\21_robot\RobWork\build\acc-wp24-t09-wt\RobWork\RobWork\src\rwlibs\opengl\RenderText.cpp(163,33): warning C4244:         with [D:\10_Source_Repos\21_robot\RobWork\build\acc-wp24-t09-bld\RobWork\src\rwlibs\opengl\sdurw_opengl.vcxproj]
D:\10_Source_Repos\21_robot\RobWork\build\acc-wp24-t09-wt\RobWork\RobWork\src\rwlibs\opengl\RenderText.cpp(163,33): warning C4244:         [ [D:\10_Source_Repos\21_robot\RobWork\build\acc-wp24-t09-bld\RobWork\src\rwlibs\opengl\sdurw_opengl.vcxproj]
D:\10_Source_Repos\21_robot\RobWork\build\acc-wp24-t09-wt\RobWork\RobWork\src\rwlibs\opengl\RenderText.cpp(163,33): warning C4244:             T=double [D:\10_Source_Repos\21_robot\RobWork\build\acc-wp24-t09-bld\RobWork\src\rwlibs\opengl\sdurw_opengl.vcxproj]
D:\10_Source_Repos\21_robot\RobWork\build\acc-wp24-t09-wt\RobWork\RobWork\src\rwlibs\opengl\RenderText.cpp(163,33): warning C4244:         ] [D:\10_Source_Repos\21_robot\RobWork\build\acc-wp24-t09-bld\RobWork\src\rwlibs\opengl\sdurw_opengl.vcxproj]
D:\10_Source_Repos\21_robot\RobWork\build\acc-wp24-t09-wt\RobWork\RobWork\src\rwlibs\opengl\RenderText.cpp(163,25): warning C4244: “参数”: 从“T”转换到“GLfloat”，可能丢失数据 [D:\10_Source_Repos\21_robot\RobWork\build\acc-wp24-t09-bld\RobWork\src\rwlibs\opengl\sdurw_opengl.vcxproj]
D:\10_Source_Repos\21_robot\RobWork\build\acc-wp24-t09-wt\RobWork\RobWork\src\rwlibs\opengl\RenderText.cpp(163,25): warning C4244:         with [D:\10_Source_Repos\21_robot\RobWork\build\acc-wp24-t09-bld\RobWork\src\rwlibs\opengl\sdurw_opengl.vcxproj]
D:\10_Source_Repos\21_robot\RobWork\build\acc-wp24-t09-wt\RobWork\RobWork\src\rwlibs\opengl\RenderText.cpp(163,25): warning C4244:         [ [D:\10_Source_Repos\21_robot\RobWork\build\acc-wp24-t09-bld\RobWork\src\rwlibs\opengl\sdurw_opengl.vcxproj]
D:\10_Source_Repos\21_robot\RobWork\build\acc-wp24-t09-wt\RobWork\RobWork\src\rwlibs\opengl\RenderText.cpp(163,25): warning C4244:             T=double [D:\10_Source_Repos\21_robot\RobWork\build\acc-wp24-t09-bld\RobWork\src\rwlibs\opengl\sdurw_opengl.vcxproj]
D:\10_Source_Repos\21_robot\RobWork\build\acc-wp24-t09-wt\RobWork\RobWork\src\rwlibs\opengl\RenderText.cpp(163,25): warning C4244:         ] [D:\10_Source_Repos\21_robot\RobWork\build\acc-wp24-t09-bld\RobWork\src\rwlibs\opengl\sdurw_opengl.vcxproj]
  #include <rwlibs/os/glext_win32.hpp> is deprecated, use #include <rwlibs/opengl/glext_win32.hpp> instead
  Auto build dll exports
    正在创建库 D:/10_Source_Repos/21_robot/RobWork/build/acc-wp24-t09-bld/RobWork/libs/Release/sdurw_opengl.lib 和对象 D:/10_Source_Repos/21_robot/RobWork/build/acc-wp24-t09-bld/RobWork/libs/Release/sdurw_opengl.exp
  sdurw_opengl.vcxproj -> D:\10_Source_Repos\21_robot\RobWork\build\acc-wp24-t09-bld\RobWork\bin\Release\sdurw_opengl.dll
  D:\10_Source_Repos\21_robot\RobWork\vcpkg\installed\x64-windows\bin\freeglut.dll -> D:\10_Source_Repos\21_robot\RobWork\build\acc-wp24-t09-bld\RobWork\bin\Release\freeglut.dll done
  Building Custom Rule D:/10_Source_Repos/21_robot/RobWork/build/acc-wp24-t09-wt/RobWork/RobWork/ext/rwyaobi/CMakeLists.txt
  yaobi_mesh_interface.cpp
  yaobi_moments.cpp
  yaobi_obb_node.cpp
  yaobi_tree_builder.cpp
  yaobi_tri_overlap.cpp
  yaobi.cpp
  yaobi.vcxproj -> D:\10_Source_Repos\21_robot\RobWork\build\acc-wp24-t09-bld\RobWork\libs\Release\yaobi.lib
  Building Custom Rule D:/10_Source_Repos/21_robot/RobWork/build/acc-wp24-t09-wt/RobWork/RobWork/src/rwlibs/proximitystrategies/CMakeLists.txt
  ProximityStrategyPQP.cpp
  ProximityStrategyYaobi.cpp
  ProximityStrategyFactory.cpp
  Auto build dll exports
    正在创建库 D:/10_Source_Repos/21_robot/RobWork/build/acc-wp24-t09-bld/RobWork/libs/Release/sdurw_proximitystrategies.lib 和对象 D:/10_Source_Repos/21_robot/RobWork/build/acc-wp24-t09-bld/RobWork/libs/Release/sdurw_proximitystrategies.exp
  sdurw_proximitystrategies.vcxproj -> D:\10_Source_Repos\21_robot\RobWork\build\acc-wp24-t09-bld\RobWork\bin\Release\sdurw_proximitystrategies.dll
  Building Custom Rule D:/10_Source_Repos/21_robot/RobWork/build/acc-wp24-t09-wt/RobWork/RobWork/src/rwlibs/simulation/CMakeLists.txt
  FrameGrabber.cpp
  FrameGrabber25D.cpp
  GLFrameGrabber.cpp
  SimulatedCamera.cpp
  SimulatedKinect.cpp
  GLFrameGrabber25D.cpp
  KinematicSimulator.cpp
  SimulatedController.cpp
  SimulatedSensor.cpp
  Simulator.cpp
  SimulatedScanner25D.cpp
  SimulatedScanner2D.cpp
  Auto build dll exports
    正在创建库 D:/10_Source_Repos/21_robot/RobWork/build/acc-wp24-t09-bld/RobWork/libs/Release/sdurw_simulation.lib 和对象 D:/10_Source_Repos/21_robot/RobWork/build/acc-wp24-t09-bld/RobWork/libs/Release/sdurw_simulation.exp
  sdurw_simulation.vcxproj -> D:\10_Source_Repos\21_robot\RobWork\build\acc-wp24-t09-bld\RobWork\bin\Release\sdurw_simulation.dll
  Building Custom Rule D:/10_Source_Repos/21_robot/RobWork/build/acc-wp24-t09-wt/RobWork/RobWork/src/rwlibs/task/CMakeLists.txt
  Action.cpp
  Entity.cpp
  Motion.cpp
  Target.cpp
  Task.cpp
  TaskUtils.cpp
  TypeRepository.cpp
  GraspTask.cpp
  GraspTarget.cpp
  GraspResult.cpp
  GraspSubTask.cpp
  DOMTaskFormat.cpp
  DOMTaskLoader.cpp
  DOMTaskSaver.cpp
  TaskLoader.cpp
  TaskSaver.cpp
  XMLTaskFormat.cpp
  XMLTaskLoader.cpp
  XMLTaskSaver.cpp
  Auto build dll exports
    正在创建库 D:/10_Source_Repos/21_robot/RobWork/build/acc-wp24-t09-bld/RobWork/libs/Release/sdurw_task.lib 和对象 D:/10_Source_Repos/21_robot/RobWork/build/acc-wp24-t09-bld/RobWork/libs/Release/sdurw_task.exp
  sdurw_task.vcxproj -> D:\10_Source_Repos\21_robot\RobWork\build\acc-wp24-t09-bld\RobWork\bin\Release\sdurw_task.dll
  Automatic MOC for target sdurws
  Generating ui_AboutBox.h
  Generating ui_PropertyViewEditor.h
  Generating ui_PropertyViewDialog.h
  Generating qrc_rwstudio_resources.cpp
  Building Custom Rule D:/10_Source_Repos/21_robot/RobWork/build/acc-wp24-t09-wt/RobWork/RobWorkStudio/src/rws/CMakeLists.txt
  ArcBallController.cpp
  RWSImageLoaderPlugin.cpp
  ImageUtil.cpp
  RobWorkStudio.cpp
  RWStudioView3D.cpp
  SceneOpenGLViewer.cpp
  RobWorkStudioPlugin.cpp
  AboutBox.cpp
  HelpAssistant.cpp
  RWSSpinBox.cpp
  ImageView.cpp
  PropertyViewEditor.cpp
  PropertyViewDialog.cpp
  PyPlugin.cpp
  PythonRunner.cpp
  qrc_rwstudio_resources.cpp
  mocs_compilation_Release.cpp
D:\10_Source_Repos\21_robot\RobWork\build\acc-wp24-t09-wt\RobWork\RobWorkStudio\src\rws\pythonpluginloader\PythonRunner.cpp(105,9): warning C4996: 'Py_SetProgramName': deprecated in 3.11 [D:\10_Source_Repos\21_robot\RobWork\build\acc-wp24-t09-bld\RobWorkStudio\src\rws\sdurws.vcxproj]
D:\10_Source_Repos\21_robot\RobWork\build\acc-wp24-t09-wt\RobWork\RobWorkStudio\src\rws\RWSSpinBox.cpp(22,31): warning C4996: 'QString::count': Use size() or length() instead. [D:\10_Source_Repos\21_robot\RobWork\build\acc-wp24-t09-bld\RobWorkStudio\src\rws\sdurws.vcxproj]
D:\10_Source_Repos\21_robot\RobWork\build\acc-wp24-t09-wt\RobWork\RobWorkStudio\src\rws\propertyview\PropertyViewEditor.cpp(133,77): warning C4996: 'QVariant::Type': Use QMetaType::Type instead. [D:\10_Source_Repos\21_robot\RobWork\build\acc-wp24-t09-bld\RobWorkStudio\src\rws\sdurws.vcxproj]
      D:\software\QT\6.11.1\msvc2022_64\include\QtCore\qvariant.h(149,70):
      参见“QVariant::Type”的声明
  
D:\10_Source_Repos\21_robot\RobWork\build\acc-wp24-t09-wt\RobWork\RobWorkStudio\src\rws\propertyview\PropertyViewEditor.cpp(141,71): warning C4996: 'QVariant::Type': Use QMetaType::Type instead. [D:\10_Source_Repos\21_robot\RobWork\build\acc-wp24-t09-bld\RobWorkStudio\src\rws\sdurws.vcxproj]
      D:\software\QT\6.11.1\msvc2022_64\include\QtCore\qvariant.h(149,70):
      参见“QVariant::Type”的声明
  
D:\10_Source_Repos\21_robot\RobWork\build\acc-wp24-t09-wt\RobWork\RobWorkStudio\src\rws\propertyview\PropertyViewEditor.cpp(152,72): warning C4996: 'QVariant::Type': Use QMetaType::Type instead. [D:\10_Source_Repos\21_robot\RobWork\build\acc-wp24-t09-bld\RobWorkStudio\src\rws\sdurws.vcxproj]
      D:\software\QT\6.11.1\msvc2022_64\include\QtCore\qvariant.h(149,70):
      参见“QVariant::Type”的声明
  
D:\10_Source_Repos\21_robot\RobWork\build\acc-wp24-t09-wt\RobWork\RobWorkStudio\src\rws\propertyview\PropertyViewEditor.cpp(162,69): warning C4996: 'QVariant::Type': Use QMetaType::Type instead. [D:\10_Source_Repos\21_robot\RobWork\build\acc-wp24-t09-bld\RobWorkStudio\src\rws\sdurws.vcxproj]
      D:\software\QT\6.11.1\msvc2022_64\include\QtCore\qvariant.h(149,70):
      参见“QVariant::Type”的声明
  
D:\10_Source_Repos\21_robot\RobWork\build\acc-wp24-t09-wt\RobWork\RobWorkStudio\src\rws\propertyview\PropertyViewEditor.cpp(173,70): warning C4996: 'QVariant::Type': Use QMetaType::Type instead. [D:\10_Source_Repos\21_robot\RobWork\build\acc-wp24-t09-bld\RobWorkStudio\src\rws\sdurws.vcxproj]
      D:\software\QT\6.11.1\msvc2022_64\include\QtCore\qvariant.h(149,70):
      参见“QVariant::Type”的声明
  
D:\10_Source_Repos\21_robot\RobWork\build\acc-wp24-t09-wt\RobWork\RobWorkStudio\src\rws\RobWorkStudio.cpp(484,22): warning C4267: “=”: 从“size_t”转换到“int”，可能丢失数据 [D:\10_Source_Repos\21_robot\RobWork\build\acc-wp24-t09-bld\RobWorkStudio\src\rws\sdurws.vcxproj]
  sdurws.vcxproj -> D:\10_Source_Repos\21_robot\RobWork\build\acc-wp24-t09-bld\RobWorkStudio\libs\Release\sdurws.lib
  Building Custom Rule D:/10_Source_Repos/21_robot/RobWork/build/acc-wp24-t09-wt/RobWork/RobWork/src/rw/invkin/CMakeLists.txt
  AmbiguityResolver.cpp
  ClosedFormIK.cpp
  IterativeIK.cpp
  IterativeMultiIK.cpp
  CCDSolver.cpp
  ParallelIKSolver.cpp
  PieperSolver.cpp
  IKMetaSolver.cpp
  JacobianIKSolver.cpp
  JacobianIKSolverM.cpp
  ClosedFormIKSolverUR.cpp
  ClosedFormIKSolverKukaIIWA.cpp
  QConstraint.cpp
  QNormalizer.cpp
  StateConstraint.cpp
  Auto build dll exports
    正在创建库 D:/10_Source_Repos/21_robot/RobWork/build/acc-wp24-t09-bld/RobWork/libs/Release/sdurw_invkin.lib 和对象 D:/10_Source_Repos/21_robot/RobWork/build/acc-wp24-t09-bld/RobWork/libs/Release/sdurw_invkin.exp
  sdurw_invkin.vcxproj -> D:\10_Source_Repos\21_robot\RobWork\build\acc-wp24-t09-bld\RobWork\bin\Release\sdurw_invkin.dll
  Building Custom Rule D:/10_Source_Repos/21_robot/RobWork/build/acc-wp24-t09-wt/RobWork/RobWork/src/rwlibs/algorithms/CMakeLists.txt
  KDTree.cpp
  KDTreeQ.cpp
  IKQPSolver.cpp
  QPController.cpp
  QPSolver.cpp
  XQPController.cpp
  NullSpaceProjection.cpp
  BasicGPM.cpp
  BFGS.cpp
  MovingAverage.cpp
  RANSACModel.cpp
  PointModel.cpp
  LineModel.cpp
  StructuredLineModel.cpp
  PlaneModel.cpp
  StablePose1DModel.cpp
  StablePose0DModel.cpp
  PointPairsRegistration.cpp
  Auto build dll exports
    正在创建库 D:/10_Source_Repos/21_robot/RobWork/build/acc-wp24-t09-bld/RobWork/libs/Release/sdurw_algorithms.lib 和对象 D:/10_Source_Repos/21_robot/RobWork/build/acc-wp24-t09-bld/RobWork/libs/Release/sdurw_algorithms.exp
  sdurw_algorithms.vcxproj -> D:\10_Source_Repos\21_robot\RobWork\build\acc-wp24-t09-bld\RobWork\bin\Release\sdurw_algorithms.dll
  Building Custom Rule D:/10_Source_Repos/21_robot/RobWork/build/acc-wp24-t09-wt/RobWork/RobWork/src/rw/graspplanning/CMakeLists.txt
  ApproachMeasure3D.cpp
  CMDistCCPMeasure3D.cpp
  CompositeContactFilter.cpp
  CompositeGraspFilter.cpp
  ContactDistThresFilter.cpp
  ContactValidateFilter.cpp
  Contour2DInfoMap.cpp
  CurvatureThresFilter.cpp
  DiceContactG3D.cpp
  GWSMeasure3D.cpp
  Grasp2D.cpp
  Grasp3D.cpp
  GraspQualityMeasure3D.cpp
  GraspTable.cpp
  GraspValidateFilter.cpp
  PlaneClearanceFilter.cpp
  SemiForceClosureFilter.cpp
  WrenchMeasure3D.cpp
  QualityMeasure2D.cpp
  Auto build dll exports
    正在创建库 D:/10_Source_Repos/21_robot/RobWork/build/acc-wp24-t09-bld/RobWork/libs/Release/sdurw_graspplanning.lib 和对象 D:/10_Source_Repos/21_robot/RobWork/build/acc-wp24-t09-bld/RobWork/libs/Release/sdurw_graspplanning.exp
  sdurw_graspplanning.vcxproj -> D:\10_Source_Repos\21_robot\RobWork\build\acc-wp24-t09-bld\RobWork\bin\Release\sdurw_graspplanning.dll
  Building Custom Rule D:/10_Source_Repos/21_robot/RobWork/build/acc-wp24-t09-wt/RobWork/RobWork/src/rw/pathplanning/CMakeLists.txt
  PlannerConstraint.cpp
  QEdgeConstraint.cpp
  QEdgeConstraintIncremental.cpp
  PathPlanner.cpp
  QToQPlanner.cpp
  QToTPlanner.cpp
  QToQSamplerPlanner.cpp
  PlannerUtil.cpp
  StopCriteria.cpp
  QConstraint.cpp
  QNormalizer.cpp
  QIKSampler.cpp
  QSampler.cpp
  StateConstraint.cpp
  PathAnalyzer.cpp
  Auto build dll exports
    正在创建库 D:/10_Source_Repos/21_robot/RobWork/build/acc-wp24-t09-bld/RobWork/libs/Release/sdurw_pathplanning.lib 和对象 D:/10_Source_Repos/21_robot/RobWork/build/acc-wp24-t09-bld/RobWork/libs/Release/sdurw_pathplanning.exp
  sdurw_pathplanning.vcxproj -> D:\10_Source_Repos\21_robot\RobWork\build\acc-wp24-t09-bld\RobWork\bin\Release\sdurw_pathplanning.dll
  Building Custom Rule D:/10_Source_Repos/21_robot/RobWork/build/acc-wp24-t09-wt/RobWork/RobWork/src/rw/plugin/CMakeLists.txt
  DynamicLibraryLoader.cpp
  DynamicLibraryLoaderBase.cpp
  PluginFactory.cpp
  PluginFactoryBase.cpp
  PluginRepository.cpp
  Auto build dll exports
    正在创建库 D:/10_Source_Repos/21_robot/RobWork/build/acc-wp24-t09-bld/RobWork/libs/Release/sdurw_plugin.lib 和对象 D:/10_Source_Repos/21_robot/RobWork/build/acc-wp24-t09-bld/RobWork/libs/Release/sdurw_plugin.exp
  sdurw_plugin.vcxproj -> D:\10_Source_Repos\21_robot\RobWork\build\acc-wp24-t09-bld\RobWork\bin\Release\sdurw_plugin.dll
  Building Custom Rule D:/10_Source_Repos/21_robot/RobWork/build/acc-wp24-t09-wt/RobWork/RobWork/src/rwlibs/assembly/CMakeLists.txt
  AssemblyControlResponse.cpp
  AssemblyControlStrategy.cpp
  AssemblyParameterization.cpp
  AssemblyRegistry.cpp
  AssemblyResult.cpp
  AssemblyState.cpp
  AssemblyTask.cpp
  CircularPiHControlStrategy.cpp
  CircularPiHParameterization.cpp
  PiHParameterization.cpp
  PiHStrategy.cpp
  SpiralParameterization.cpp
  SpiralStrategy.cpp
  Auto build dll exports
    正在创建库 D:/10_Source_Repos/21_robot/RobWork/build/acc-wp24-t09-bld/RobWork/libs/Release/sdurw_assembly.lib 和对象 D:/10_Source_Repos/21_robot/RobWork/build/acc-wp24-t09-bld/RobWork/libs/Release/sdurw_assembly.exp
  sdurw_assembly.vcxproj -> D:\10_Source_Repos\21_robot\RobWork\build\acc-wp24-t09-bld\RobWork\bin\Release\sdurw_assembly.dll
  Building Custom Rule D:/10_Source_Repos/21_robot/RobWork/build/acc-wp24-t09-wt/RobWork/RobWork/src/rwlibs/pathplanners/CMakeLists.txt
  Z3QToQPlanner.cpp
  Z3Planner.cpp
  PartialIndexTable.cpp
  PRMPlanner.cpp
  RRTQToQPlanner.cpp
  RRTPlanner.cpp
  ARWExpand.cpp
  ARWPlanner.cpp
  ARWQToQPlanner.cpp
  SBLExpand.cpp
  SBLInternal.cpp
  SBLSetup.cpp
  SBLOptions.cpp
  SBLPlanner.cpp
D:\10_Source_Repos\21_robot\RobWork\build\acc-wp24-t09-wt\RobWork\RobWork\src\rwlibs\pathplanners\prm\PartialIndexTable.hpp(189,13): warning C4834: 放弃具有 [[nodiscard]] 属性的函数的返回值 [D:\10_Source_Repos\21_robot\RobWork\build\acc-wp24-t09-bld\RobWork\src\rwlibs\pathplanners\sdurw_pathplanners.vcxproj]
  (编译源文件“../../../../../acc-wp24-t09-wt/RobWork/RobWork/src/rwlibs/pathplanners/prm/PRMPlanner.cpp”)
      D:\10_Source_Repos\21_robot\RobWork\build\acc-wp24-t09-wt\RobWork\RobWork\src\rwlibs\pathplanners\prm\PartialIndexTable.hpp(189,13):
      模板实例化上下文(最早的实例化上下文)为
          D:\10_Source_Repos\21_robot\RobWork\build\acc-wp24-t09-wt\RobWork\RobWork\src\rwlibs\pathplanners\prm\PRMPlanner.cpp(208,35):
          查看对正在编译的 类 模板 实例化“rwlibs::pathplanners::prm::PartialIndexTable<rwlibs::pathplanners::PRMPlanner::Node,std::list<ValueType,std::allocator<ValueType>>>”的引用
          with
          [
              ValueType=boost::detail::adj_list_gen<boost::adjacency_list<boost::listS,boost::listS,boost::undirectedS,rwlibs::pathplanners::PRMPlanner::NodeData,rwlibs::pathplanners::PRMPlanner::EdgeData,boost::no_property,boost::listS>,boost::listS,boost::listS,boost::undirectedS,rwlibs::pathplanners::PRMPlanner::NodeData,rwlibs::pathplanners::PRMPlanner::EdgeData,boost::no_property,boost::listS>::config::vertex_ptr
          ]
          D:\10_Source_Repos\21_robot\RobWork\build\acc-wp24-t09-wt\RobWork\RobWork\src\rwlibs\pathplanners\prm\PartialIndexTable.hpp(135,24):
          在编译 类 模板 成员函数“std::list<ValueType,std::allocator<ValueType>> rwlibs::pathplanners::prm::PartialIndexTable<rwlibs::pathplanners::PRMPlanner::Node,std::list<ValueType,std::allocator<ValueType>>>::searchNeighbors(const rw::math::Q &) const”时
          with
          [
              ValueType=boost::detail::adj_list_gen<boost::adjacency_list<boost::listS,boost::listS,boost::undirectedS,rwlibs::pathplanners::PRMPlanner::NodeData,rwlibs::pathplanners::PRMPlanner::EdgeData,boost::no_property,boost::listS>,boost::listS,boost::listS,boost::undirectedS,rwlibs::pathplanners::PRMPlanner::NodeData,rwlibs::pathplanners::PRMPlanner::EdgeData,boost::no_property,boost::listS>::config::vertex_ptr
          ]
              D:\10_Source_Repos\21_robot\RobWork\build\acc-wp24-t09-wt\RobWork\RobWork\src\rwlibs\pathplanners\prm\PRMPlanner.cpp(208,33):
              请参阅 "rwlibs::pathplanners::PRMPlanner::addEdges" 中对 "rwlibs::pathplanners::prm::PartialIndexTable<rwlibs::pathplanners::PRMPlanner::Node,std::list<ValueType,std::allocator<ValueType>>>::searchNeighbors" 的第一个引用
          with
          [
              ValueType=boost::detail::adj_list_gen<boost::adjacency_list<boost::listS,boost::listS,boost::undirectedS,rwlibs::pathplanners::PRMPlanner::NodeData,rwlibs::pathplanners::PRMPlanner::EdgeData,boost::no_property,boost::listS>,boost::listS,boost::listS,boost::undirectedS,rwlibs::pathplanners::PRMPlanner::NodeData,rwlibs::pathplanners::PRMPlanner::EdgeData,boost::no_property,boost::listS>::config::vertex_ptr
          ]
          D:\10_Source_Repos\21_robot\RobWork\build\acc-wp24-t09-wt\RobWork\RobWork\src\rwlibs\pathplanners\prm\PartialIndexTable.hpp(138,13):
          查看对正在编译的函数 模板 实例化“void rwlibs::pathplanners::prm::PartialIndexTable<rwlibs::pathplanners::PRMPlanner::Node,std::list<ValueType,std::allocator<ValueType>>>::searchNeighbors<std::list<ValueType,std::allocator<ValueType>>>(const rw::math::Q &,Collection &) const”的引用
          with
          [
              ValueType=boost::detail::adj_list_gen<boost::adjacency_list<boost::listS,boost::listS,boost::undirectedS,rwlibs::pathplanners::PRMPlanner::NodeData,rwlibs::pathplanners::PRMPlanner::EdgeData,boost::no_property,boost::listS>,boost::listS,boost::listS,boost::undirectedS,rwlibs::pathplanners::PRMPlanner::NodeData,rwlibs::pathplanners::PRMPlanner::EdgeData,boost::no_property,boost::listS>::config::vertex_ptr,
              Collection=std::list<boost::detail::adj_list_gen<boost::adjacency_list<boost::listS,boost::listS,boost::undirectedS,rwlibs::pathplanners::PRMPlanner::NodeData,rwlibs::pathplanners::PRMPlanner::EdgeData,boost::no_property,boost::listS>,boost::listS,boost::listS,boost::undirectedS,rwlibs::pathplanners::PRMPlanner::NodeData,rwlibs::pathplanners::PRMPlanner::EdgeData,boost::no_property,boost::listS>::config::vertex_ptr ,std::allocator<boost::detail::adj_list_gen<boost::adjacency_list<boost::listS,boost::listS,boost::undirectedS,rwlibs::pathplanners::PRMPlanner::NodeData,rwlibs::pathplanners::PRMPlanner::EdgeData,boost::no_property,boost::listS>,boost::listS,boost::listS,boost::undirectedS,rwlibs::pathplanners::PRMPlanner::NodeData,rwlibs::pathplanners::PRMPlanner::EdgeData,boost::no_property,boost::listS>::config::vertex_ptr >>
          ]
          D:\10_Source_Repos\21_robot\RobWork\build\acc-wp24-t09-wt\RobWork\RobWork\src\rwlibs\pathplanners\prm\PartialIndexTable.hpp(121,13):
          查看对正在编译的函数 模板 实例化“void rwlibs::pathplanners::prm::PartialIndexTable<rwlibs::pathplanners::PRMPlanner::Node,std::list<ValueType,std::allocator<ValueType>>>::searchNeighbors<Collection>(int,std::_Vector_const_iterator<std::_Vector_val<std::_Simple_types<_Ty>>>,Collection &) const”的引用
          with
          [
              ValueType=boost::detail::adj_list_gen<boost::adjacency_list<boost::listS,boost::listS,boost::undirectedS,rwlibs::pathplanners::PRMPlanner::NodeData,rwlibs::pathplanners::PRMPlanner::EdgeData,boost::no_property,boost::listS>,boost::listS,boost::listS,boost::undirectedS,rwlibs::pathplanners::PRMPlanner::NodeData,rwlibs::pathplanners::PRMPlanner::EdgeData,boost::no_property,boost::listS>::config::vertex_ptr,
              Collection=std::list<boost::detail::adj_list_gen<boost::adjacency_list<boost::listS,boost::listS,boost::undirectedS,rwlibs::pathplanners::PRMPlanner::NodeData,rwlibs::pathplanners::PRMPlanner::EdgeData,boost::no_property,boost::listS>,boost::listS,boost::listS,boost::undirectedS,rwlibs::pathplanners::PRMPlanner::NodeData,rwlibs::pathplanners::PRMPlanner::EdgeData,boost::no_property,boost::listS>::config::vertex_ptr ,std::allocator<boost::detail::adj_list_gen<boost::adjacency_list<boost::listS,boost::listS,boost::undirectedS,rwlibs::pathplanners::PRMPlanner::NodeData,rwlibs::pathplanners::PRMPlanner::EdgeData,boost::no_property,boost::listS>,boost::listS,boost::listS,boost::undirectedS,rwlibs::pathplanners::PRMPlanner::NodeData,rwlibs::pathplanners::PRMPlanner::EdgeData,boost::no_property,boost::listS>::config::vertex_ptr >>,
              _Ty=rwlibs::pathplanners::prm::PartialIndexTable<rwlibs::pathplanners::PRMPlanner::Node,std::list<boost::detail::adj_list_gen<boost::adjacency_list<boost::listS,boost::listS,boost::undirectedS,rwlibs::pathplanners::PRMPlanner::NodeData,rwlibs::pathplanners::PRMPlanner::EdgeData,boost::no_property,boost::listS>,boost::listS,boost::listS,boost::undirectedS,rwlibs::pathplanners::PRMPlanner::NodeData,rwlibs::pathplanners::PRMPlanner::EdgeData,boost::no_property,boost::listS>::config::vertex_ptr ,std::allocator<boost::detail::adj_list_gen<boost::adjacency_list<boost::listS,boost::listS,boost::undirectedS,rwlibs::pathplanners::PRMPlanner::NodeData,rwlibs::pathplanners::PRMPlanner::EdgeData,boost::no_property,boost::listS>,boost::listS,boost::listS,boost::undirectedS,rwlibs::pathplanners::PRMPlanner::NodeData,rwlibs::pathplanners::PRMPlanner::EdgeData,boost::no_property,boost::listS>::config::vertex_ptr >>>::Dimension
          ]
  
  Auto build dll exports
    正在创建库 D:/10_Source_Repos/21_robot/RobWork/build/acc-wp24-t09-bld/RobWork/libs/Release/sdurw_pathplanners.lib 和对象 D:/10_Source_Repos/21_robot/RobWork/build/acc-wp24-t09-bld/RobWork/libs/Release/sdurw_pathplanners.exp
  sdurw_pathplanners.vcxproj -> D:\10_Source_Repos\21_robot\RobWork\build\acc-wp24-t09-bld\RobWork\bin\Release\sdurw_pathplanners.dll
  Automatic MOC and UIC for target sdurwsim
  Building Custom Rule D:/10_Source_Repos/21_robot/RobWork/build/acc-wp24-t09-wt/RobWork/RobWorkSim/src/rwsim/CMakeLists.txt
  BallBallStrategy.cpp
  Contact.cpp
  ContactDetector.cpp
  ContactDetectorData.cpp
  ContactDetectorTracking.cpp
  ContactModelGeometry.cpp
  ContactStrategy.cpp
  ContactStrategyData.cpp
  ContactStrategyGeometry.cpp
  ContactStrategyTracking.cpp
  Body.cpp
  RigidBody.cpp
  BeamBody.cpp
  KinematicBody.cpp
  FixedBody.cpp
  DynamicDevice.cpp
  KinematicDevice.cpp
  RigidDevice.cpp
  DynamicWorkCell.cpp
  ContactPoint.cpp
  ContactCluster.cpp
  ContactManifold.cpp
  ContactDataMap.cpp
  MaterialDataMap.cpp
  DynamicUtil.cpp
  SuctionCup.cpp
  OBRManifold.cpp
  BodyUtil.cpp
  Constraint.cpp
  SimulatedTactileSensor.cpp
  TactileArraySensor.cpp
  BodyContactSensor.cpp
  SimulatedFTSensor.cpp
  DynamicWorkCellLoader.cpp
  DynamicWorkCellSaver.cpp
  ScapePoseFormat.cpp
  MovingAverage.cpp
  PointRANSACFitting.cpp
  DistModel.cpp
  PlaneModel.cpp
  CircleModel.cpp
  SupportPose.cpp
  PlanarSupportPoseGenerator.cpp
  HughLineExtractor.cpp
  RecursiveNewtonEuler.cpp
  RestingPoseGenerator.cpp
  CollisionFreeSampler.cpp
  FiniteStateSampler.cpp
  SpherePoseSampler.cpp
  StateSampler.cpp
  PreshapeSampler.cpp
  GraspPolicy.cpp
  GraspStrategy.cpp
  GraspPolicyFactory.cpp
  GraspStrategyFactory.cpp
  TargetConfigGraspPolicy.cpp
  PoseSampler.cpp
D:\10_Source_Repos\21_robot\RobWork\build\acc-wp24-t09-wt\RobWork\RobWorkSim\src\rwsim\loaders\DynamicWorkCellSaver.cpp(239,41): warning C4101: “e”: 未引用的局部变量 [D:\10_Source_Repos\21_robot\RobWork\build\acc-wp24-t09-bld\RobWorkSim\src\rwsim\sdurwsim.vcxproj]
D:\10_Source_Repos\21_robot\RobWork\build\acc-wp24-t09-wt\RobWork\RobWorkSim\src\rwsim\loaders\DynamicWorkCellSaver.cpp(249,45): warning C4101: “e”: 未引用的局部变量 [D:\10_Source_Repos\21_robot\RobWork\build\acc-wp24-t09-bld\RobWorkSim\src\rwsim\sdurwsim.vcxproj]
  BoxPoseSampler.cpp
  SurfacePoseSampler.cpp
  RenderGhost.cpp
  RenderPoints.cpp
  RenderPlanes.cpp
  RenderCircles.cpp
  PDController.cpp
  SyncPDController.cpp
  VelRampController.cpp
  BeamJointController.cpp
  SpringJointController.cpp
  PoseController.cpp
D:\10_Source_Repos\21_robot\RobWork\build\acc-wp24-t09-wt\RobWork\RobWorkSim\src\rwsim\util\PlanarSupportPoseGenerator.cpp(64,58): warning C4834: 放弃具有 [[nodiscard]] 属性的函数的返回值 [D:\10_Source_Repos\21_robot\RobWork\build\acc-wp24-t09-bld\RobWorkSim\src\rwsim\sdurwsim.vcxproj]
D:\10_Source_Repos\21_robot\RobWork\build\acc-wp24-t09-wt\RobWork\RobWorkSim\src\rwsim\util\PlanarSupportPoseGenerator.cpp(66,58): warning C4834: 放弃具有 [[nodiscard]] 属性的函数的返回值 [D:\10_Source_Repos\21_robot\RobWork\build\acc-wp24-t09-bld\RobWorkSim\src\rwsim\sdurwsim.vcxproj]
D:\10_Source_Repos\21_robot\RobWork\build\acc-wp24-t09-wt\RobWork\RobWorkSim\src\rwsim\util\PlanarSupportPoseGenerator.cpp(68,58): warning C4834: 放弃具有 [[nodiscard]] 属性的函数的返回值 [D:\10_Source_Repos\21_robot\RobWork\build\acc-wp24-t09-bld\RobWorkSim\src\rwsim\sdurwsim.vcxproj]
  SerialDeviceController.cpp
  SimulatorLog.cpp
  SimulatorLogEntry.cpp
  LogCollisionResult.cpp
  LogConstraintForceTorque.cpp
  LogConstraints.cpp
  LogContactForceTorque.cpp
  LogContactSet.cpp
  LogContactVelocities.cpp
  LogDistanceResult.cpp
  LogDistanceMultiResult.cpp
  LogEquationSystem.cpp
  LogForceTorque.cpp
  LogPositions.cpp
  LogMessage.cpp
  LogValues.cpp
  LogVelocities.cpp
  SimulatorLogScope.cpp
  SimulatorLogUtil.cpp
  LogStep.cpp
  SimulatorStatistics.cpp
  DynamicSimulator.cpp
  ThreadSimulator.cpp
  PhysicsEngine.cpp
  PhysicsEngineFactory.cpp
  GraspTaskSimulator.cpp
  AssemblySimulator.cpp
  RWSimulator.cpp
  RWDebugRender.cpp
  BodyIntegrator.cpp
  CNodePairMap.cpp
  CNodePool.cpp
  ConstantForceManipulator.cpp
  ConstraintNode.cpp
  ConstraintEdge.cpp
  ContactGraph.cpp
  ContactModelFactory.cpp
D:\10_Source_Repos\21_robot\RobWork\build\acc-wp24-t09-wt\RobWork\RobWorkSim\src\rwsim\rwphysics\ContactModelFactory.cpp(1,1): warning C4819: 该文件包含不能在当前代码页(936)中表示的字符。请将该文件保存为 Unicode 格式以防止数据丢失 [D:\10_Source_Repos\21_robot\RobWork\build\acc-wp24-t09-bld\RobWorkSim\src\rwsim\sdurwsim.vcxproj]
  EulerIntegrator.cpp
  ConstraintSolver.cpp
  SequintialImpulseSolver.cpp
  RWBody.cpp
  RWBodyPool.cpp
  ContactStrategyDMS.cpp
  mocs_compilation_Release.cpp
  ContactModel.cpp
  RenderContacts.cpp
  RenderContacts.cpp
  BodyController.cpp
  ContactModel.cpp
  BodyController.cpp
  Auto build dll exports
    正在创建库 D:/10_Source_Repos/21_robot/RobWork/build/acc-wp24-t09-bld/RobWorkSim/libs/Release/sdurwsim.lib 和对象 D:/10_Source_Repos/21_robot/RobWork/build/acc-wp24-t09-bld/RobWorkSim/libs/Release/sdurwsim.exp
  sdurwsim.vcxproj -> D:\10_Source_Repos\21_robot\RobWork\build\acc-wp24-t09-bld\RobWorkSim\bin\Release\sdurwsim.dll
  D:\10_Source_Repos\21_robot\RobWork\vcpkg\installed\x64-windows\bin\boost_thread-vc143-mt-x64-1_92.dll -> D:\10_Source_Repos\21_robot\RobWork\build\acc-wp24-t09-bld\RobWorkSim\bin\Release\boost_thread-vc143-mt-x64-1_92.dll done
  Automatic MOC and UIC for target RWSimulatorPlugin
  1>Automatic RCC for resources.qrc
  Building Custom Rule D:/10_Source_Repos/21_robot/RobWork/build/acc-wp24-t09-wt/RobWork/RobWorkSim/src/rwsimlibs/plugins/CMakeLists.txt
  RWSimulatorPlugin.cpp
  mocs_compilation_Release.cpp
  qrc_resources_Release.cpp
D:\10_Source_Repos\21_robot\RobWork\build\acc-wp24-t09-wt\RobWork\RobWork\src\rw\math\Math.hpp(223,42): warning C4003: 类函数宏的调用“min”参数不足 [D:\10_Source_Repos\21_robot\RobWork\build\acc-wp24-t09-bld\RobWorkSim\src\rwsimlibs\plugins\RWSimulatorPlugin.vcxproj]
  (编译源文件“../../../../../acc-wp24-t09-wt/RobWork/RobWorkSim/src/rwsimlibs/plugins/RWSimulatorPlugin.cpp”)
  
D:\10_Source_Repos\21_robot\RobWork\build\acc-wp24-t09-wt\RobWork\RobWork\src\rw\math\Math.hpp(223,51): warning C4003: 类函数宏的调用“max”参数不足 [D:\10_Source_Repos\21_robot\RobWork\build\acc-wp24-t09-bld\RobWorkSim\src\rwsimlibs\plugins\RWSimulatorPlugin.vcxproj]
  (编译源文件“../../../../../acc-wp24-t09-wt/RobWork/RobWorkSim/src/rwsimlibs/plugins/RWSimulatorPlugin.cpp”)
  
D:\10_Source_Repos\21_robot\RobWork\build\acc-wp24-t09-wt\RobWork\RobWork\src\rw\math\Math.hpp(430,23): warning C4003: 类函数宏的调用“min”参数不足 [D:\10_Source_Repos\21_robot\RobWork\build\acc-wp24-t09-bld\RobWorkSim\src\rwsimlibs\plugins\RWSimulatorPlugin.vcxproj]
  (编译源文件“../../../../../acc-wp24-t09-wt/RobWork/RobWorkSim/src/rwsimlibs/plugins/RWSimulatorPlugin.cpp”)
  
D:\10_Source_Repos\21_robot\RobWork\build\acc-wp24-t09-wt\RobWork\RobWork\src\rw\math\Math.hpp(430,23): error C2059: 语法错误:“const” [D:\10_Source_Repos\21_robot\RobWork\build\acc-wp24-t09-bld\RobWorkSim\src\rwsimlibs\plugins\RWSimulatorPlugin.vcxproj]
  (编译源文件“../../../../../acc-wp24-t09-wt/RobWork/RobWorkSim/src/rwsimlibs/plugins/RWSimulatorPlugin.cpp”)
  
D:\10_Source_Repos\21_robot\RobWork\build\acc-wp24-t09-wt\RobWork\RobWork\src\rw\math\Math.hpp(430,23): error C2334: “:”的前面有意外标记；跳过明显的函数体 [D:\10_Source_Repos\21_robot\RobWork\build\acc-wp24-t09-bld\RobWorkSim\src\rwsimlibs\plugins\RWSimulatorPlugin.vcxproj]
  (编译源文件“../../../../../acc-wp24-t09-wt/RobWork/RobWorkSim/src/rwsimlibs/plugins/RWSimulatorPlugin.cpp”)
  
D:\10_Source_Repos\21_robot\RobWork\build\acc-wp24-t09-wt\RobWork\RobWork\src\rw\math\Math.hpp(444,23): warning C4003: 类函数宏的调用“max”参数不足 [D:\10_Source_Repos\21_robot\RobWork\build\acc-wp24-t09-bld\RobWorkSim\src\rwsimlibs\plugins\RWSimulatorPlugin.vcxproj]
  (编译源文件“../../../../../acc-wp24-t09-wt/RobWork/RobWorkSim/src/rwsimlibs/plugins/RWSimulatorPlugin.cpp”)
  
D:\10_Source_Repos\21_robot\RobWork\build\acc-wp24-t09-wt\RobWork\RobWork\src\rw\math\Math.hpp(507,38): warning C4003: 类函数宏的调用“min”参数不足 [D:\10_Source_Repos\21_robot\RobWork\build\acc-wp24-t09-bld\RobWorkSim\src\rwsimlibs\plugins\RWSimulatorPlugin.vcxproj]
  (编译源文件“../../../../../acc-wp24-t09-wt/RobWork/RobWorkSim/src/rwsimlibs/plugins/RWSimulatorPlugin.cpp”)
  
D:\10_Source_Repos\21_robot\RobWork\build\acc-wp24-t09-wt\RobWork\RobWork\src\rw\math\Math.hpp(522,38): warning C4003: 类函数宏的调用“max”参数不足 [D:\10_Source_Repos\21_robot\RobWork\build\acc-wp24-t09-bld\RobWorkSim\src\rwsimlibs\plugins\RWSimulatorPlugin.vcxproj]
  (编译源文件“../../../../../acc-wp24-t09-wt/RobWork/RobWorkSim/src/rwsimlibs/plugins/RWSimulatorPlugin.cpp”)
  
D:\10_Source_Repos\21_robot\RobWork\build\acc-wp24-t09-wt\RobWork\RobWork\src\rw\math\Math.hpp(692,6): error C2143: 语法错误: 缺少“)”(在“;”的前面) [D:\10_Source_Repos\21_robot\RobWork\build\acc-wp24-t09-bld\RobWorkSim\src\rwsimlibs\plugins\RWSimulatorPlugin.vcxproj]
  (编译源文件“../../../../../acc-wp24-t09-wt/RobWork/RobWorkSim/src/rwsimlibs/plugins/RWSimulatorPlugin.cpp”)
  
D:\10_Source_Repos\21_robot\RobWork\build\acc-wp24-t09-wt\RobWork\RobWork\src\rw\math\Math.hpp(692,6): error C2059: 语法错误:“)” [D:\10_Source_Repos\21_robot\RobWork\build\acc-wp24-t09-bld\RobWorkSim\src\rwsimlibs\plugins\RWSimulatorPlugin.vcxproj]
  (编译源文件“../../../../../acc-wp24-t09-wt/RobWork/RobWorkSim/src/rwsimlibs/plugins/RWSimulatorPlugin.cpp”)
  
D:\10_Source_Repos\21_robot\RobWork\build\acc-wp24-t09-wt\RobWork\RobWork\src\rw\math\Math.hpp(692,6): error C2238: 意外的标记位于“;”之前 [D:\10_Source_Repos\21_robot\RobWork\build\acc-wp24-t09-bld\RobWorkSim\src\rwsimlibs\plugins\RWSimulatorPlugin.vcxproj]
  (编译源文件“../../../../../acc-wp24-t09-wt/RobWork/RobWorkSim/src/rwsimlibs/plugins/RWSimulatorPlugin.cpp”)
  
D:\10_Source_Repos\21_robot\RobWork\build\acc-wp24-t09-wt\RobWork\RobWork\src\rw\math\Math.hpp(695,2): error C2059: 语法错误:“}” [D:\10_Source_Repos\21_robot\RobWork\build\acc-wp24-t09-bld\RobWorkSim\src\rwsimlibs\plugins\RWSimulatorPlugin.vcxproj]
  (编译源文件“../../../../../acc-wp24-t09-wt/RobWork/RobWorkSim/src/rwsimlibs/plugins/RWSimulatorPlugin.cpp”)
  
D:\10_Source_Repos\21_robot\RobWork\build\acc-wp24-t09-wt\RobWork\RobWork\src\rw\math\Math.hpp(695,2): error C2143: 语法错误: 缺少“;”(在“}”的前面) [D:\10_Source_Repos\21_robot\RobWork\build\acc-wp24-t09-bld\RobWorkSim\src\rwsimlibs\plugins\RWSimulatorPlugin.vcxproj]
  (编译源文件“../../../../../acc-wp24-t09-wt/RobWork/RobWorkSim/src/rwsimlibs/plugins/RWSimulatorPlugin.cpp”)
  
D:\10_Source_Repos\21_robot\RobWork\build\acc-wp24-t09-wt\RobWork\RobWork\src\rw\math\Math.hpp(223,42): error C2059: 语法错误:“)” [D:\10_Source_Repos\21_robot\RobWork\build\acc-wp24-t09-bld\RobWorkSim\src\rwsimlibs\plugins\RWSimulatorPlugin.vcxproj]
  (编译源文件“../../../../../acc-wp24-t09-wt/RobWork/RobWorkSim/src/rwsimlibs/plugins/RWSimulatorPlugin.cpp”)
  
D:\10_Source_Repos\21_robot\RobWork\build\acc-wp24-t09-wt\RobWork\RobWork\src\rw\math\VelocityScrew6D.hpp(130,51): error C2039: "Transform3D": 不是 "rw::rw::math" 的成员 [D:\10_Source_Repos\21_robot\RobWork\build\acc-wp24-t09-bld\RobWorkSim\src\rwsimlibs\plugins\RWSimulatorPlugin.vcxproj]
  (编译源文件“../../../../../acc-wp24-t09-wt/RobWork/RobWorkSim/src/rwsimlibs/plugins/RWSimulatorPlugin.cpp”)
      D:\10_Source_Repos\21_robot\RobWork\build\acc-wp24-t09-wt\RobWork\RobWork\src\rw\math\VelocityScrew6D.hpp(36,26):
      参见“rw::rw::math”的声明
      D:\10_Source_Repos\21_robot\RobWork\build\acc-wp24-t09-wt\RobWork\RobWork\src\rw\math\VelocityScrew6D.hpp(130,51):
      模板实例化上下文(最早的实例化上下文)为
          D:\10_Source_Repos\21_robot\RobWork\build\acc-wp24-t09-wt\RobWork\RobWork\src\rw\math\VelocityScrew6D.hpp(62,40):
          在编译类模板“rw::rw::math::VelocityScrew6D”时
  
D:\10_Source_Repos\21_robot\RobWork\build\acc-wp24-t09-wt\RobWork\RobWork\src\rw\math\VelocityScrew6D.hpp(130,35): error C4430: 缺少类型说明符 - 假定为 int。注意: C++ 不支持默认 int [D:\10_Source_Repos\21_robot\RobWork\build\acc-wp24-t09-bld\RobWorkSim\src\rwsimlibs\plugins\RWSimulatorPlugin.vcxproj]
  (编译源文件“../../../../../acc-wp24-t09-wt/RobWork/RobWorkSim/src/rwsimlibs/plugins/RWSimulatorPlugin.cpp”)
  
D:\10_Source_Repos\21_robot\RobWork\build\acc-wp24-t09-wt\RobWork\RobWork\src\rw\math\VelocityScrew6D.hpp(130,62): error C2143: 语法错误: 缺少“,”(在“<”的前面) [D:\10_Source_Repos\21_robot\RobWork\build\acc-wp24-t09-bld\RobWorkSim\src\rwsimlibs\plugins\RWSimulatorPlugin.vcxproj]
  (编译源文件“../../../../../acc-wp24-t09-wt/RobWork/RobWorkSim/src/rwsimlibs/plugins/RWSimulatorPlugin.cpp”)
  
D:\10_Source_Repos\21_robot\RobWork\build\acc-wp24-t09-wt\RobWork\RobWork\src\rw\math\VelocityScrew6D.hpp(138,26): error C4430: 缺少类型说明符 - 假定为 int。注意: C++ 不支持默认 int [D:\10_Source_Repos\21_robot\RobWork\build\acc-wp24-t09-bld\RobWorkSim\src\rwsimlibs\plugins\RWSimulatorPlugin.vcxproj]
  (编译源文件“../../../../../acc-wp24-t09-wt/RobWork/RobWorkSim/src/rwsimlibs/plugins/RWSimulatorPlugin.cpp”)
  
D:\10_Source_Repos\21_robot\RobWork\build\acc-wp24-t09-wt\RobWork\RobWork\src\rw\math\VelocityScrew6D.hpp(138,40): error C2143: 语法错误: 缺少“,”(在“<”的前面) [D:\10_Source_Repos\21_robot\RobWork\build\acc-wp24-t09-bld\RobWorkSim\src\rwsimlibs\plugins\RWSimulatorPlugin.vcxproj]
  (编译源文件“../../../../../acc-wp24-t09-wt/RobWork/RobWorkSim/src/rwsimlibs/plugins/RWSimulatorPlugin.cpp”)
  
D:\10_Source_Repos\21_robot\RobWork\build\acc-wp24-t09-wt\RobWork\RobWork\src\rw\math\VelocityScrew6D.hpp(138,9): error C2535: “rw::rw::math::VelocityScrew6D<T>::VelocityScrew6D(const int)”: 已经定义或声明成员函数 [D:\10_Source_Repos\21_robot\RobWork\build\acc-wp24-t09-bld\RobWorkSim\src\rwsimlibs\plugins\RWSimulatorPlugin.vcxproj]
  (编译源文件“../../../../../acc-wp24-t09-wt/RobWork/RobWorkSim/src/rwsimlibs/plugins/RWSimulatorPlugin.cpp”)
      D:\10_Source_Repos\21_robot\RobWork\build\acc-wp24-t09-wt\RobWork\RobWork\src\rw\math\VelocityScrew6D.hpp(130,9):
      参见“rw::rw::math::VelocityScrew6D<T>::VelocityScrew6D”的声明
  
D:\10_Source_Repos\21_robot\RobWork\build\acc-wp24-t09-wt\RobWork\RobWork\src\rw\math\VelocityScrew6D.hpp(145,9): error C4430: 缺少类型说明符 - 假定为 int。注意: C++ 不支持默认 int [D:\10_Source_Repos\21_robot\RobWork\build\acc-wp24-t09-bld\RobWorkSim\src\rwsimlibs\plugins\RWSimulatorPlugin.vcxproj]
  (编译源文件“../../../../../acc-wp24-t09-wt/RobWork/RobWorkSim/src/rwsimlibs/plugins/RWSimulatorPlugin.cpp”)
  
D:\10_Source_Repos\21_robot\RobWork\build\acc-wp24-t09-wt\RobWork\RobWork\src\rw\math\VelocityScrew6D.hpp(145,23): error C2143: 语法错误: 缺少“;”(在“<”的前面) [D:\10_Source_Repos\21_robot\RobWork\build\acc-wp24-t09-bld\RobWorkSim\src\rwsimlibs\plugins\RWSimulatorPlugin.vcxproj]
  (编译源文件“../../../../../acc-wp24-t09-wt/RobWork/RobWorkSim/src/rwsimlibs/plugins/RWSimulatorPlugin.cpp”)
  
D:\10_Source_Repos\21_robot\RobWork\build\acc-wp24-t09-wt\RobWork\RobWork\src\rw\math\VelocityScrew6D.hpp(146,9): error C2334: “{”的前面有意外标记；跳过明显的函数体 [D:\10_Source_Repos\21_robot\RobWork\build\acc-wp24-t09-bld\RobWorkSim\src\rwsimlibs\plugins\RWSimulatorPlugin.vcxproj]
  (编译源文件“../../../../../acc-wp24-t09-wt/RobWork/RobWorkSim/src/rwsimlibs/plugins/RWSimulatorPlugin.cpp”)
  
D:\10_Source_Repos\21_robot\RobWork\build\acc-wp24-t09-wt\RobWork\RobWork\src\rw\math\VelocityScrew6D.hpp(156,9): error C4430: 缺少类型说明符 - 假定为 int。注意: C++ 不支持默认 int [D:\10_Source_Repos\21_robot\RobWork\build\acc-wp24-t09-bld\RobWorkSim\src\rwsimlibs\plugins\RWSimulatorPlugin.vcxproj]
  (编译源文件“../../../../../acc-wp24-t09-wt/RobWork/RobWorkSim/src/rwsimlibs/plugins/RWSimulatorPlugin.cpp”)
  
D:\10_Source_Repos\21_robot\RobWork\build\acc-wp24-t09-wt\RobWork\RobWork\src\rw\math\VelocityScrew6D.hpp(156,18): error C2143: 语法错误: 缺少“;”(在“<”的前面) [D:\10_Source_Repos\21_robot\RobWork\build\acc-wp24-t09-bld\RobWorkSim\src\rwsimlibs\plugins\RWSimulatorPlugin.vcxproj]
  (编译源文件“../../../../../acc-wp24-t09-wt/RobWork/RobWorkSim/src/rwsimlibs/plugins/RWSimulatorPlugin.cpp”)
  
D:\10_Source_Repos\21_robot\RobWork\build\acc-wp24-t09-wt\RobWork\RobWork\src\rw\math\VelocityScrew6D.hpp(156,41): error C2334: “{”的前面有意外标记；跳过明显的函数体 [D:\10_Source_Repos\21_robot\RobWork\build\acc-wp24-t09-bld\RobWorkSim\src\rwsimlibs\plugins\RWSimulatorPlugin.vcxproj]
  (编译源文件“../../../../../acc-wp24-t09-wt/RobWork/RobWorkSim/src/rwsimlibs/plugins/RWSimulatorPlugin.cpp”)
  
D:\10_Source_Repos\21_robot\RobWork\build\acc-wp24-t09-wt\RobWork\RobWork\src\rw\math\VelocityScrew6D.hpp(373,70): error C2039: "Transform3D": 不是 "rw::rw::math" 的成员 [D:\10_Source_Repos\21_robot\RobWork\build\acc-wp24-t09-bld\RobWorkSim\src\rwsimlibs\plugins\RWSimulatorPlugin.vcxproj]
  (编译源文件“../../../../../acc-wp24-t09-wt/RobWork/RobWorkSim/src/rwsimlibs/plugins/RWSimulatorPlugin.cpp”)
      D:\10_Source_Repos\21_robot\RobWork\build\acc-wp24-t09-wt\RobWork\RobWork\src\rw\math\VelocityScrew6D.hpp(36,26):
      参见“rw::rw::math”的声明
  
D:\10_Source_Repos\21_robot\RobWork\build\acc-wp24-t09-wt\RobWork\RobWork\src\rw\math\VelocityScrew6D.hpp(373,54): error C4430: 缺少类型说明符 - 假定为 int。注意: C++ 不支持默认 int [D:\10_Source_Repos\21_robot\RobWork\build\acc-wp24-t09-bld\RobWorkSim\src\rwsimlibs\plugins\RWSimulatorPlugin.vcxproj]
  (编译源文件“../../../../../acc-wp24-t09-wt/RobWork/RobWorkSim/src/rwsimlibs/plugins/RWSimulatorPlugin.cpp”)
  
D:\10_Source_Repos\21_robot\RobWork\build\acc-wp24-t09-wt\RobWork\RobWork\src\rw\math\VelocityScrew6D.hpp(373,81): error C2143: 语法错误: 缺少“,”(在“<”的前面) [D:\10_Source_Repos\21_robot\RobWork\build\acc-wp24-t09-bld\RobWorkSim\src\rwsimlibs\plugins\RWSimulatorPlugin.vcxproj]
  (编译源文件“../../../../../acc-wp24-t09-wt/RobWork/RobWorkSim/src/rwsimlibs/plugins/RWSimulatorPlugin.cpp”)
  
D:\10_Source_Repos\21_robot\RobWork\build\acc-wp24-t09-wt\RobWork\RobWork\src\rw\math\VelocityScrew6D.hpp(373,43): error C2803: “operator *”必须至少有一个类类型的形参 [D:\10_Source_Repos\21_robot\RobWork\build\acc-wp24-t09-bld\RobWorkSim\src\rwsimlibs\plugins\RWSimulatorPlugin.vcxproj]
  (编译源文件“../../../../../acc-wp24-t09-wt/RobWork/RobWorkSim/src/rwsimlibs/plugins/RWSimulatorPlugin.cpp”)
  
D:\10_Source_Repos\21_robot\RobWork\build\acc-wp24-t09-wt\RobWork\RobWork\src\rw\math\VelocityScrew6D.hpp(376,19): error C2327: “rw::rw::math::VelocityScrew6D<T>::Vector3D”: 不是类型名称、静态或枚举数 [D:\10_Source_Repos\21_robot\RobWork\build\acc-wp24-t09-bld\RobWorkSim\src\rwsimlibs\plugins\RWSimulatorPlugin.vcxproj]
  (编译源文件“../../../../../acc-wp24-t09-wt/RobWork/RobWorkSim/src/rwsimlibs/plugins/RWSimulatorPlugin.cpp”)
      D:\10_Source_Repos\21_robot\RobWork\build\acc-wp24-t09-wt\RobWork\RobWork\src\rw\math\VelocityScrew6D.hpp(376,19):
      参见“rw::rw::math::VelocityScrew6D<T>::Vector3D”的声明
  
D:\10_Source_Repos\21_robot\RobWork\build\acc-wp24-t09-wt\RobWork\RobWork\src\rw\math\VelocityScrew6D.hpp(376,13): error C4430: 缺少类型说明符 - 假定为 int。注意: C++ 不支持默认 int [D:\10_Source_Repos\21_robot\RobWork\build\acc-wp24-t09-bld\RobWorkSim\src\rwsimlibs\plugins\RWSimulatorPlugin.vcxproj]
  (编译源文件“../../../../../acc-wp24-t09-wt/RobWork/RobWorkSim/src/rwsimlibs/plugins/RWSimulatorPlugin.cpp”)
  
D:\10_Source_Repos\21_robot\RobWork\build\acc-wp24-t09-wt\RobWork\RobWork\src\rw\math\VelocityScrew6D.hpp(376,27): error C2143: 语法错误: 缺少“;”(在“<”的前面) [D:\10_Source_Repos\21_robot\RobWork\build\acc-wp24-t09-bld\RobWorkSim\src\rwsimlibs\plugins\RWSimulatorPlugin.vcxproj]
  (编译源文件“../../../../../acc-wp24-t09-wt/RobWork/RobWorkSim/src/rwsimlibs/plugins/RWSimulatorPlugin.cpp”)
  
D:\10_Source_Repos\21_robot\RobWork\build\acc-wp24-t09-wt\RobWork\RobWork\src\rw\math\VelocityScrew6D.hpp(376,19): error C2086: “const int rw::rw::math::VelocityScrew6D<T>::Vector3D”: 重定义 [D:\10_Source_Repos\21_robot\RobWork\build\acc-wp24-t09-bld\RobWorkSim\src\rwsimlibs\plugins\RWSimulatorPlugin.vcxproj]
  (编译源文件“../../../../../acc-wp24-t09-wt/RobWork/RobWorkSim/src/rwsimlibs/plugins/RWSimulatorPlugin.cpp”)
  
D:\10_Source_Repos\21_robot\RobWork\build\acc-wp24-t09-wt\RobWork\RobWork\src\rw\math\VelocityScrew6D.hpp(376,51): error C2238: 意外的标记位于“;”之前 [D:\10_Source_Repos\21_robot\RobWork\build\acc-wp24-t09-bld\RobWorkSim\src\rwsimlibs\plugins\RWSimulatorPlugin.vcxproj]
  (编译源文件“../../../../../acc-wp24-t09-wt/RobWork/RobWorkSim/src/rwsimlibs/plugins/RWSimulatorPlugin.cpp”)
  
D:\10_Source_Repos\21_robot\RobWork\build\acc-wp24-t09-wt\RobWork\RobWork\src\rw\math\VelocityScrew6D.hpp(377,19): error C2327: “rw::rw::math::VelocityScrew6D<T>::EAA”: 不是类型名称、静态或枚举数 [D:\10_Source_Repos\21_robot\RobWork\build\acc-wp24-t09-bld\RobWorkSim\src\rwsimlibs\plugins\RWSimulatorPlugin.vcxproj]
  (编译源文件“../../../../../acc-wp24-t09-wt/RobWork/RobWorkSim/src/rwsimlibs/plugins/RWSimulatorPlugin.cpp”)
      D:\10_Source_Repos\21_robot\RobWork\build\acc-wp24-t09-wt\RobWork\RobWork\src\rw\math\VelocityScrew6D.hpp(377,19):
      参见“rw::rw::math::VelocityScrew6D<T>::EAA”的声明
  
D:\10_Source_Repos\21_robot\RobWork\build\acc-wp24-t09-wt\RobWork\RobWork\src\rw\math\VelocityScrew6D.hpp(377,13): error C4430: 缺少类型说明符 - 假定为 int。注意: C++ 不支持默认 int [D:\10_Source_Repos\21_robot\RobWork\build\acc-wp24-t09-bld\RobWorkSim\src\rwsimlibs\plugins\RWSimulatorPlugin.vcxproj]
  (编译源文件“../../../../../acc-wp24-t09-wt/RobWork/RobWorkSim/src/rwsimlibs/plugins/RWSimulatorPlugin.cpp”)
  
D:\10_Source_Repos\21_robot\RobWork\build\acc-wp24-t09-wt\RobWork\RobWork\src\rw\math\VelocityScrew6D.hpp(377,22): error C2143: 语法错误: 缺少“;”(在“<”的前面) [D:\10_Source_Repos\21_robot\RobWork\build\acc-wp24-t09-bld\RobWorkSim\src\rwsimlibs\plugins\RWSimulatorPlugin.vcxproj]
  (编译源文件“../../../../../acc-wp24-t09-wt/RobWork/RobWorkSim/src/rwsimlibs/plugins/RWSimulatorPlugin.cpp”)
  
D:\10_Source_Repos\21_robot\RobWork\build\acc-wp24-t09-wt\RobWork\RobWork\src\rw\math\VelocityScrew6D.hpp(377,19): error C2086: “const int rw::rw::math::VelocityScrew6D<T>::EAA”: 重定义 [D:\10_Source_Repos\21_robot\RobWork\build\acc-wp24-t09-bld\RobWorkSim\src\rwsimlibs\plugins\RWSimulatorPlugin.vcxproj]
  (编译源文件“../../../../../acc-wp24-t09-wt/RobWork/RobWorkSim/src/rwsimlibs/plugins/RWSimulatorPlugin.cpp”)
  
D:\10_Source_Repos\21_robot\RobWork\build\acc-wp24-t09-wt\RobWork\RobWork\src\rw\math\VelocityScrew6D.hpp(377,52): error C2238: 意外的标记位于“;”之前 [D:\10_Source_Repos\21_robot\RobWork\build\acc-wp24-t09-bld\RobWorkSim\src\rwsimlibs\plugins\RWSimulatorPlugin.vcxproj]
  (编译源文件“../../../../../acc-wp24-t09-wt/RobWork/RobWorkSim/src/rwsimlibs/plugins/RWSimulatorPlugin.cpp”)
  
D:\10_Source_Repos\21_robot\RobWork\build\acc-wp24-t09-wt\RobWork\RobWork\src\rw\math\VelocityScrew6D.hpp(378,19): error C2327: “rw::rw::math::VelocityScrew6D<T>::EAA”: 不是类型名称、静态或枚举数 [D:\10_Source_Repos\21_robot\RobWork\build\acc-wp24-t09-bld\RobWorkSim\src\rwsimlibs\plugins\RWSimulatorPlugin.vcxproj]
  (编译源文件“../../../../../acc-wp24-t09-wt/RobWork/RobWorkSim/src/rwsimlibs/plugins/RWSimulatorPlugin.cpp”)
      D:\10_Source_Repos\21_robot\RobWork\build\acc-wp24-t09-wt\RobWork\RobWork\src\rw\math\VelocityScrew6D.hpp(378,19):
      参见“rw::rw::math::VelocityScrew6D<T>::EAA”的声明
  
D:\10_Source_Repos\21_robot\RobWork\build\acc-wp24-t09-wt\RobWork\RobWork\src\rw\math\VelocityScrew6D.hpp(378,13): error C4430: 缺少类型说明符 - 假定为 int。注意: C++ 不支持默认 int [D:\10_Source_Repos\21_robot\RobWork\build\acc-wp24-t09-bld\RobWorkSim\src\rwsimlibs\plugins\RWSimulatorPlugin.vcxproj]
  (编译源文件“../../../../../acc-wp24-t09-wt/RobWork/RobWorkSim/src/rwsimlibs/plugins/RWSimulatorPlugin.cpp”)
  
D:\10_Source_Repos\21_robot\RobWork\build\acc-wp24-t09-wt\RobWork\RobWork\src\rw\math\VelocityScrew6D.hpp(378,22): error C2143: 语法错误: 缺少“;”(在“<”的前面) [D:\10_Source_Repos\21_robot\RobWork\build\acc-wp24-t09-bld\RobWorkSim\src\rwsimlibs\plugins\RWSimulatorPlugin.vcxproj]
  (编译源文件“../../../../../acc-wp24-t09-wt/RobWork/RobWorkSim/src/rwsimlibs/plugins/RWSimulatorPlugin.cpp”)
  
D:\10_Source_Repos\21_robot\RobWork\build\acc-wp24-t09-wt\RobWork\RobWork\src\rw\math\VelocityScrew6D.hpp(378,19): error C2086: “const int rw::rw::math::VelocityScrew6D<T>::EAA”: 重定义 [D:\10_Source_Repos\21_robot\RobWork\build\acc-wp24-t09-bld\RobWorkSim\src\rwsimlibs\plugins\RWSimulatorPlugin.vcxproj]
  (编译源文件“../../../../../acc-wp24-t09-wt/RobWork/RobWorkSim/src/rwsimlibs/plugins/RWSimulatorPlugin.cpp”)
  
D:\10_Source_Repos\21_robot\RobWork\build\acc-wp24-t09-wt\RobWork\RobWork\src\rw\math\VelocityScrew6D.hpp(378,52): error C2238: 意外的标记位于“;”之前 [D:\10_Source_Repos\21_robot\RobWork\build\acc-wp24-t09-bld\RobWorkSim\src\rwsimlibs\plugins\RWSimulatorPlugin.vcxproj]
  (编译源文件“../../../../../acc-wp24-t09-wt/RobWork/RobWorkSim/src/rwsimlibs/plugins/RWSimulatorPlugin.cpp”)
  
D:\10_Source_Repos\21_robot\RobWork\build\acc-wp24-t09-wt\RobWork\RobWork\src\rw\math\VelocityScrew6D.hpp(379,19): error C2327: “rw::rw::math::VelocityScrew6D<T>::Vector3D”: 不是类型名称、静态或枚举数 [D:\10_Source_Repos\21_robot\RobWork\build\acc-wp24-t09-bld\RobWorkSim\src\rwsimlibs\plugins\RWSimulatorPlugin.vcxproj]
  (编译源文件“../../../../../acc-wp24-t09-wt/RobWork/RobWorkSim/src/rwsimlibs/plugins/RWSimulatorPlugin.cpp”)
      D:\10_Source_Repos\21_robot\RobWork\build\acc-wp24-t09-wt\RobWork\RobWork\src\rw\math\VelocityScrew6D.hpp(379,19):
      参见“rw::rw::math::VelocityScrew6D<T>::Vector3D”的声明
  
D:\10_Source_Repos\21_robot\RobWork\build\acc-wp24-t09-wt\RobWork\RobWork\src\rw\math\VelocityScrew6D.hpp(379,13): error C4430: 缺少类型说明符 - 假定为 int。注意: C++ 不支持默认 int [D:\10_Source_Repos\21_robot\RobWork\build\acc-wp24-t09-bld\RobWorkSim\src\rwsimlibs\plugins\RWSimulatorPlugin.vcxproj]
  (编译源文件“../../../../../acc-wp24-t09-wt/RobWork/RobWorkSim/src/rwsimlibs/plugins/RWSimulatorPlugin.cpp”)
  
D:\10_Source_Repos\21_robot\RobWork\build\acc-wp24-t09-wt\RobWork\RobWork\src\rw\math\VelocityScrew6D.hpp(379,27): error C2143: 语法错误: 缺少“;”(在“<”的前面) [D:\10_Source_Repos\21_robot\RobWork\build\acc-wp24-t09-bld\RobWorkSim\src\rwsimlibs\plugins\RWSimulatorPlugin.vcxproj]
  (编译源文件“../../../../../acc-wp24-t09-wt/RobWork/RobWorkSim/src/rwsimlibs/plugins/RWSimulatorPlugin.cpp”)
  
D:\10_Source_Repos\21_robot\RobWork\build\acc-wp24-t09-wt\RobWork\RobWork\src\rw\math\VelocityScrew6D.hpp(379,19): error C2086: “const int rw::rw::math::VelocityScrew6D<T>::Vector3D”: 重定义 [D:\10_Source_Repos\21_robot\RobWork\build\acc-wp24-t09-bld\RobWorkSim\src\rwsimlibs\plugins\RWSimulatorPlugin.vcxproj]
  (编译源文件“../../../../../acc-wp24-t09-wt/RobWork/RobWorkSim/src/rwsimlibs/plugins/RWSimulatorPlugin.cpp”)
  
D:\10_Source_Repos\21_robot\RobWork\build\acc-wp24-t09-wt\RobWork\RobWork\src\rw\math\VelocityScrew6D.hpp(379,75): error C2238: 意外的标记位于“;”之前 [D:\10_Source_Repos\21_robot\RobWork\build\acc-wp24-t09-bld\RobWorkSim\src\rwsimlibs\plugins\RWSimulatorPlugin.vcxproj]
  (编译源文件“../../../../../acc-wp24-t09-wt/RobWork/RobWorkSim/src/rwsimlibs/plugins/RWSimulatorPlugin.cpp”)
  
D:\10_Source_Repos\21_robot\RobWork\build\acc-wp24-t09-wt\RobWork\RobWork\src\rw\math\VelocityScrew6D.hpp(380,13): error C2059: 语法错误:“return” [D:\10_Source_Repos\21_robot\RobWork\build\acc-wp24-t09-bld\RobWorkSim\src\rwsimlibs\plugins\RWSimulatorPlugin.vcxproj]
  (编译源文件“../../../../../acc-wp24-t09-wt/RobWork/RobWorkSim/src/rwsimlibs/plugins/RWSimulatorPlugin.cpp”)
  
D:\10_Source_Repos\21_robot\RobWork\build\acc-wp24-t09-wt\RobWork\RobWork\src\rw\math\VelocityScrew6D.hpp(380,49): error C2238: 意外的标记位于“;”之前 [D:\10_Source_Repos\21_robot\RobWork\build\acc-wp24-t09-bld\RobWorkSim\src\rwsimlibs\plugins\RWSimulatorPlugin.vcxproj]
  (编译源文件“../../../../../acc-wp24-t09-wt/RobWork/RobWorkSim/src/rwsimlibs/plugins/RWSimulatorPlugin.cpp”)
  
D:\10_Source_Repos\21_robot\RobWork\build\acc-wp24-t09-wt\RobWork\RobWork\src\rw\math\VelocityScrew6D.hpp(87,17): error C3878: 语法错误:“expression”后出现意外标记“RW__message” [D:\10_Source_Repos\21_robot\RobWork\build\acc-wp24-t09-bld\RobWorkSim\src\rwsimlibs\plugins\RWSimulatorPlugin.vcxproj]
  (编译源文件“../../../../../acc-wp24-t09-wt/RobWork/RobWorkSim/src/rwsimlibs/plugins/RWSimulatorPlugin.cpp”)
      D:\10_Source_Repos\21_robot\RobWork\build\acc-wp24-t09-wt\RobWork\RobWork\src\rw\math\VelocityScrew6D.hpp(84,29):
      此诊断出现在编译器生成的函数“rw::rw::math::VelocityScrew6D<T>::VelocityScrew6D(const Eigen::MatrixBase<OtherDerived> &)”中
  
D:\10_Source_Repos\21_robot\RobWork\build\acc-wp24-t09-wt\RobWork\RobWork\src\rw\math\VelocityScrew6D.hpp(87,17): message : 已跳过错误恢复:“标识符 ( 字符串” [D:\10_Source_Repos\21_robot\RobWork\build\acc-wp24-t09-bld\RobWorkSim\src\rwsimlibs\plugins\RWSimulatorPlugin.vcxproj]
  (编译源文件“../../../../../acc-wp24-t09-wt/RobWork/RobWorkSim/src/rwsimlibs/plugins/RWSimulatorPlugin.cpp”)
      D:\10_Source_Repos\21_robot\RobWork\build\acc-wp24-t09-wt\RobWork\RobWork\src\rw\math\VelocityScrew6D.hpp(84,29):
      此诊断出现在编译器生成的函数“rw::rw::math::VelocityScrew6D<T>::VelocityScrew6D(const Eigen::MatrixBase<OtherDerived> &)”中
  
D:\10_Source_Repos\21_robot\RobWork\build\acc-wp24-t09-wt\RobWork\RobWork\src\rw\math\VelocityScrew6D.hpp(87,17): error C2760: 语法错误: 此处出现意外的“,”；应为“;” [D:\10_Source_Repos\21_robot\RobWork\build\acc-wp24-t09-bld\RobWorkSim\src\rwsimlibs\plugins\RWSimulatorPlugin.vcxproj]
  (编译源文件“../../../../../acc-wp24-t09-wt/RobWork/RobWorkSim/src/rwsimlibs/plugins/RWSimulatorPlugin.cpp”)
      D:\10_Source_Repos\21_robot\RobWork\build\acc-wp24-t09-wt\RobWork\RobWork\src\rw\math\VelocityScrew6D.hpp(84,29):
      此诊断出现在编译器生成的函数“rw::rw::math::VelocityScrew6D<T>::VelocityScrew6D(const Eigen::MatrixBase<OtherDerived> &)”中
  
D:\10_Source_Repos\21_robot\RobWork\build\acc-wp24-t09-wt\RobWork\RobWork\src\rw\math\VelocityScrew6D.hpp(87,17): error C3878: 语法错误:“expression-statement”后出现意外标记“,” [D:\10_Source_Repos\21_robot\RobWork\build\acc-wp24-t09-bld\RobWorkSim\src\rwsimlibs\plugins\RWSimulatorPlugin.vcxproj]
  (编译源文件“../../../../../acc-wp24-t09-wt/RobWork/RobWorkSim/src/rwsimlibs/plugins/RWSimulatorPlugin.cpp”)
      D:\10_Source_Repos\21_robot\RobWork\build\acc-wp24-t09-wt\RobWork\RobWork\src\rw\math\VelocityScrew6D.hpp(84,29):
      此诊断出现在编译器生成的函数“rw::rw::math::VelocityScrew6D<T>::VelocityScrew6D(const Eigen::MatrixBase<OtherDerived> &)”中
  
D:\10_Source_Repos\21_robot\RobWork\build\acc-wp24-t09-wt\RobWork\RobWork\src\rw\math\VelocityScrew6D.hpp(87,17): message : 已跳过错误恢复:“,” [D:\10_Source_Repos\21_robot\RobWork\build\acc-wp24-t09-bld\RobWorkSim\src\rwsimlibs\plugins\RWSimulatorPlugin.vcxproj]
  (编译源文件“../../../../../acc-wp24-t09-wt/RobWork/RobWorkSim/src/rwsimlibs/plugins/RWSimulatorPlugin.cpp”)
      D:\10_Source_Repos\21_robot\RobWork\build\acc-wp24-t09-wt\RobWork\RobWork\src\rw\math\VelocityScrew6D.hpp(84,29):
      此诊断出现在编译器生成的函数“rw::rw::math::VelocityScrew6D<T>::VelocityScrew6D(const Eigen::MatrixBase<OtherDerived> &)”中
  
D:\10_Source_Repos\21_robot\RobWork\build\acc-wp24-t09-wt\RobWork\RobWork\src\rw\math\VelocityScrew6D.hpp(87,17): error C7510: “Message”: 类型 从属名称的使用必须以“typename”为前缀 [D:\10_Source_Repos\21_robot\RobWork\build\acc-wp24-t09-bld\RobWorkSim\src\rwsimlibs\plugins\RWSimulatorPlugin.vcxproj]
  (编译源文件“../../../../../acc-wp24-t09-wt/RobWork/RobWorkSim/src/rwsimlibs/plugins/RWSimulatorPlugin.cpp”)
      D:\10_Source_Repos\21_robot\RobWork\build\acc-wp24-t09-wt\RobWork\RobWork\src\rw\math\VelocityScrew6D.hpp(84,29):
      此诊断出现在编译器生成的函数“rw::rw::math::VelocityScrew6D<T>::VelocityScrew6D(const Eigen::MatrixBase<OtherDerived> &)”中
  
D:\10_Source_Repos\21_robot\RobWork\build\acc-wp24-t09-wt\RobWork\RobWork\src\rw\math\VelocityScrew6D.hpp(431,9): error C2255: “friend”: 不允许位于类定义之外 [D:\10_Source_Repos\21_robot\RobWork\build\acc-wp24-t09-bld\RobWorkSim\src\rwsimlibs\plugins\RWSimulatorPlugin.vcxproj]
  (编译源文件“../../../../../acc-wp24-t09-wt/RobWork/RobWorkSim/src/rwsimlibs/plugins/RWSimulatorPlugin.cpp”)
  
D:\10_Source_Repos\21_robot\RobWork\build\acc-wp24-t09-wt\RobWork\RobWork\src\rw\math\VelocityScrew6D.hpp(431,9): error C2143: 语法错误: 缺少“;”(在“<cv-qualifier>”的前面) [D:\10_Source_Repos\21_robot\RobWork\build\acc-wp24-t09-bld\RobWorkSim\src\rwsimlibs\plugins\RWSimulatorPlugin.vcxproj]
  (编译源文件“../../../../../acc-wp24-t09-wt/RobWork/RobWorkSim/src/rwsimlibs/plugins/RWSimulatorPlugin.cpp”)
  
D:\10_Source_Repos\21_robot\RobWork\build\acc-wp24-t09-wt\RobWork\RobWork\src\rw\math\VelocityScrew6D.hpp(138,9): error C2535: “rw::rw::math::VelocityScrew6D<double>::VelocityScrew6D(const int)”: 已经定义或声明成员函数 [D:\10_Source_Repos\21_robot\RobWork\build\acc-wp24-t09-bld\RobWorkSim\src\rwsimlibs\plugins\RWSimulatorPlugin.vcxproj]
  (编译源文件“../../../../../acc-wp24-t09-wt/RobWork/RobWorkSim/src/rwsimlibs/plugins/RWSimulatorPlugin.cpp”)
      D:\10_Source_Repos\21_robot\RobWork\build\acc-wp24-t09-wt\RobWork\RobWork\src\rw\math\VelocityScrew6D.hpp(130,9):
      参见“rw::rw::math::VelocityScrew6D<double>::VelocityScrew6D”的声明
  
D:\10_Source_Repos\21_robot\RobWork\build\acc-wp24-t09-wt\RobWork\RobWork\src\rw\math\VelocityScrew6D.hpp(376,19): error C2327: “rw::rw::math::VelocityScrew6D<double>::Vector3D”: 不是类型名称、静态或枚举数 [D:\10_Source_Repos\21_robot\RobWork\build\acc-wp24-t09-bld\RobWorkSim\src\rwsimlibs\plugins\RWSimulatorPlugin.vcxproj]
  (编译源文件“../../../../../acc-wp24-t09-wt/RobWork/RobWorkSim/src/rwsimlibs/plugins/RWSimulatorPlugin.cpp”)
      D:\10_Source_Repos\21_robot\RobWork\build\acc-wp24-t09-wt\RobWork\RobWork\src\rw\math\VelocityScrew6D.hpp(376,19):
      参见“rw::rw::math::VelocityScrew6D<double>::Vector3D”的声明
  
D:\10_Source_Repos\21_robot\RobWork\build\acc-wp24-t09-wt\RobWork\RobWork\src\rw\math\VelocityScrew6D.hpp(376,19): error C2086: “const int rw::rw::math::VelocityScrew6D<double>::Vector3D”: 重定义 [D:\10_Source_Repos\21_robot\RobWork\build\acc-wp24-t09-bld\RobWorkSim\src\rwsimlibs\plugins\RWSimulatorPlugin.vcxproj]
  (编译源文件“../../../../../acc-wp24-t09-wt/RobWork/RobWorkSim/src/rwsimlibs/plugins/RWSimulatorPlugin.cpp”)
  
D:\10_Source_Repos\21_robot\RobWork\build\acc-wp24-t09-wt\RobWork\RobWork\src\rw\math\VelocityScrew6D.hpp(377,19): error C2327: “rw::rw::math::VelocityScrew6D<double>::EAA”: 不是类型名称、静态或枚举数 [D:\10_Source_Repos\21_robot\RobWork\build\acc-wp24-t09-bld\RobWorkSim\src\rwsimlibs\plugins\RWSimulatorPlugin.vcxproj]
  (编译源文件“../../../../../acc-wp24-t09-wt/RobWork/RobWorkSim/src/rwsimlibs/plugins/RWSimulatorPlugin.cpp”)
      D:\10_Source_Repos\21_robot\RobWork\build\acc-wp24-t09-wt\RobWork\RobWork\src\rw\math\VelocityScrew6D.hpp(377,19):
      参见“rw::rw::math::VelocityScrew6D<double>::EAA”的声明
  
D:\10_Source_Repos\21_robot\RobWork\build\acc-wp24-t09-wt\RobWork\RobWork\src\rw\math\VelocityScrew6D.hpp(377,19): error C2086: “const int rw::rw::math::VelocityScrew6D<double>::EAA”: 重定义 [D:\10_Source_Repos\21_robot\RobWork\build\acc-wp24-t09-bld\RobWorkSim\src\rwsimlibs\plugins\RWSimulatorPlugin.vcxproj]
  (编译源文件“../../../../../acc-wp24-t09-wt/RobWork/RobWorkSim/src/rwsimlibs/plugins/RWSimulatorPlugin.cpp”)
  
D:\10_Source_Repos\21_robot\RobWork\build\acc-wp24-t09-wt\RobWork\RobWork\src\rw\math\VelocityScrew6D.hpp(378,19): error C2327: “rw::rw::math::VelocityScrew6D<double>::EAA”: 不是类型名称、静态或枚举数 [D:\10_Source_Repos\21_robot\RobWork\build\acc-wp24-t09-bld\RobWorkSim\src\rwsimlibs\plugins\RWSimulatorPlugin.vcxproj]
  (编译源文件“../../../../../acc-wp24-t09-wt/RobWork/RobWorkSim/src/rwsimlibs/plugins/RWSimulatorPlugin.cpp”)
      D:\10_Source_Repos\21_robot\RobWork\build\acc-wp24-t09-wt\RobWork\RobWork\src\rw\math\VelocityScrew6D.hpp(378,19):
      参见“rw::rw::math::VelocityScrew6D<double>::EAA”的声明
  
D:\10_Source_Repos\21_robot\RobWork\build\acc-wp24-t09-wt\RobWork\RobWork\src\rw\math\VelocityScrew6D.hpp(378,19): error C2086: “const int rw::rw::math::VelocityScrew6D<double>::EAA”: 重定义 [D:\10_Source_Repos\21_robot\RobWork\build\acc-wp24-t09-bld\RobWorkSim\src\rwsimlibs\plugins\RWSimulatorPlugin.vcxproj]
  (编译源文件“../../../../../acc-wp24-t09-wt/RobWork/RobWorkSim/src/rwsimlibs/plugins/RWSimulatorPlugin.cpp”)
  
D:\10_Source_Repos\21_robot\RobWork\build\acc-wp24-t09-wt\RobWork\RobWork\src\rw\math\VelocityScrew6D.hpp(379,19): error C2327: “rw::rw::math::VelocityScrew6D<double>::Vector3D”: 不是类型名称、静态或枚举数 [D:\10_Source_Repos\21_robot\RobWork\build\acc-wp24-t09-bld\RobWorkSim\src\rwsimlibs\plugins\RWSimulatorPlugin.vcxproj]
  (编译源文件“../../../../../acc-wp24-t09-wt/RobWork/RobWorkSim/src/rwsimlibs/plugins/RWSimulatorPlugin.cpp”)
      D:\10_Source_Repos\21_robot\RobWork\build\acc-wp24-t09-wt\RobWork\RobWork\src\rw\math\VelocityScrew6D.hpp(379,19):
      参见“rw::rw::math::VelocityScrew6D<double>::Vector3D”的声明
  
D:\10_Source_Repos\21_robot\RobWork\build\acc-wp24-t09-wt\RobWork\RobWork\src\rw\math\VelocityScrew6D.hpp(379,19): error C2086: “const int rw::rw::math::VelocityScrew6D<double>::Vector3D”: 重定义 [D:\10_Source_Repos\21_robot\RobWork\build\acc-wp24-t09-bld\RobWorkSim\src\rwsimlibs\plugins\RWSimulatorPlugin.vcxproj]
  (编译源文件“../../../../../acc-wp24-t09-wt/RobWork/RobWorkSim/src/rwsimlibs/plugins/RWSimulatorPlugin.cpp”)
  
D:\10_Source_Repos\21_robot\RobWork\build\acc-wp24-t09-wt\RobWork\RobWork\src\rw\math\VelocityScrew6D.hpp(138,9): error C2535: “rw::rw::math::VelocityScrew6D<float>::VelocityScrew6D(const int)”: 已经定义或声明成员函数 [D:\10_Source_Repos\21_robot\RobWork\build\acc-wp24-t09-bld\RobWorkSim\src\rwsimlibs\plugins\RWSimulatorPlugin.vcxproj]
  (编译源文件“../../../../../acc-wp24-t09-wt/RobWork/RobWorkSim/src/rwsimlibs/plugins/RWSimulatorPlugin.cpp”)
      D:\10_Source_Repos\21_robot\RobWork\build\acc-wp24-t09-wt\RobWork\RobWork\src\rw\math\VelocityScrew6D.hpp(130,9):
      参见“rw::rw::math::VelocityScrew6D<float>::VelocityScrew6D”的声明
  
D:\10_Source_Repos\21_robot\RobWork\build\acc-wp24-t09-wt\RobWork\RobWork\src\rw\math\VelocityScrew6D.hpp(373,43): error C2556: “const rw::rw::math::VelocityScrew6D<float> rw::rw::math::operator *(const int)”: 重载函数与“const rw::rw::math::VelocityScrew6D<double> rw::rw::math::operator *(const int)”只是在返回类型上不同 [D:\10_Source_Repos\21_robot\RobWork\build\acc-wp24-t09-bld\RobWorkSim\src\rwsimlibs\plugins\RWSimulatorPlugin.vcxproj]
  (编译源文件“../../../../../acc-wp24-t09-wt/RobWork/RobWorkSim/src/rwsimlibs/plugins/RWSimulatorPlugin.cpp”)
      D:\10_Source_Repos\21_robot\RobWork\build\acc-wp24-t09-wt\RobWork\RobWork\src\rw\math\VelocityScrew6D.hpp(373,43):
      参见“rw::rw::math::operator *”的声明
  
D:\10_Source_Repos\21_robot\RobWork\build\acc-wp24-t09-wt\RobWork\RobWork\src\rw\math\VelocityScrew6D.hpp(376,19): error C2327: “rw::rw::math::VelocityScrew6D<float>::Vector3D”: 不是类型名称、静态或枚举数 [D:\10_Source_Repos\21_robot\RobWork\build\acc-wp24-t09-bld\RobWorkSim\src\rwsimlibs\plugins\RWSimulatorPlugin.vcxproj]
  (编译源文件“../../../../../acc-wp24-t09-wt/RobWork/RobWorkSim/src/rwsimlibs/plugins/RWSimulatorPlugin.cpp”)
      D:\10_Source_Repos\21_robot\RobWork\build\acc-wp24-t09-wt\RobWork\RobWork\src\rw\math\VelocityScrew6D.hpp(376,19):
      参见“rw::rw::math::VelocityScrew6D<float>::Vector3D”的声明
  
D:\10_Source_Repos\21_robot\RobWork\build\acc-wp24-t09-wt\RobWork\RobWork\src\rw\math\VelocityScrew6D.hpp(376,19): error C2086: “const int rw::rw::math::VelocityScrew6D<float>::Vector3D”: 重定义 [D:\10_Source_Repos\21_robot\RobWork\build\acc-wp24-t09-bld\RobWorkSim\src\rwsimlibs\plugins\RWSimulatorPlugin.vcxproj]
  (编译源文件“../../../../../acc-wp24-t09-wt/RobWork/RobWorkSim/src/rwsimlibs/plugins/RWSimulatorPlugin.cpp”)
  
D:\10_Source_Repos\21_robot\RobWork\build\acc-wp24-t09-wt\RobWork\RobWork\src\rw\math\VelocityScrew6D.hpp(377,19): error C2327: “rw::rw::math::VelocityScrew6D<float>::EAA”: 不是类型名称、静态或枚举数 [D:\10_Source_Repos\21_robot\RobWork\build\acc-wp24-t09-bld\RobWorkSim\src\rwsimlibs\plugins\RWSimulatorPlugin.vcxproj]
  (编译源文件“../../../../../acc-wp24-t09-wt/RobWork/RobWorkSim/src/rwsimlibs/plugins/RWSimulatorPlugin.cpp”)
      D:\10_Source_Repos\21_robot\RobWork\build\acc-wp24-t09-wt\RobWork\RobWork\src\rw\math\VelocityScrew6D.hpp(377,19):
      参见“rw::rw::math::VelocityScrew6D<float>::EAA”的声明
  
D:\10_Source_Repos\21_robot\RobWork\build\acc-wp24-t09-wt\RobWork\RobWork\src\rw\math\VelocityScrew6D.hpp(377,19): error C2086: “const int rw::rw::math::VelocityScrew6D<float>::EAA”: 重定义 [D:\10_Source_Repos\21_robot\RobWork\build\acc-wp24-t09-bld\RobWorkSim\src\rwsimlibs\plugins\RWSimulatorPlugin.vcxproj]
  (编译源文件“../../../../../acc-wp24-t09-wt/RobWork/RobWorkSim/src/rwsimlibs/plugins/RWSimulatorPlugin.cpp”)
  
D:\10_Source_Repos\21_robot\RobWork\build\acc-wp24-t09-wt\RobWork\RobWork\src\rw\math\VelocityScrew6D.hpp(378,19): error C2327: “rw::rw::math::VelocityScrew6D<float>::EAA”: 不是类型名称、静态或枚举数 [D:\10_Source_Repos\21_robot\RobWork\build\acc-wp24-t09-bld\RobWorkSim\src\rwsimlibs\plugins\RWSimulatorPlugin.vcxproj]
  (编译源文件“../../../../../acc-wp24-t09-wt/RobWork/RobWorkSim/src/rwsimlibs/plugins/RWSimulatorPlugin.cpp”)
      D:\10_Source_Repos\21_robot\RobWork\build\acc-wp24-t09-wt\RobWork\RobWork\src\rw\math\VelocityScrew6D.hpp(378,19):
      参见“rw::rw::math::VelocityScrew6D<float>::EAA”的声明
  
D:\10_Source_Repos\21_robot\RobWork\build\acc-wp24-t09-wt\RobWork\RobWork\src\rw\math\VelocityScrew6D.hpp(378,19): error C2086: “const int rw::rw::math::VelocityScrew6D<float>::EAA”: 重定义 [D:\10_Source_Repos\21_robot\RobWork\build\acc-wp24-t09-bld\RobWorkSim\src\rwsimlibs\plugins\RWSimulatorPlugin.vcxproj]
  (编译源文件“../../../../../acc-wp24-t09-wt/RobWork/RobWorkSim/src/rwsimlibs/plugins/RWSimulatorPlugin.cpp”)
  
D:\10_Source_Repos\21_robot\RobWork\build\acc-wp24-t09-wt\RobWork\RobWork\src\rw\math\VelocityScrew6D.hpp(379,19): error C2327: “rw::rw::math::VelocityScrew6D<float>::Vector3D”: 不是类型名称、静态或枚举数 [D:\10_Source_Repos\21_robot\RobWork\build\acc-wp24-t09-bld\RobWorkSim\src\rwsimlibs\plugins\RWSimulatorPlugin.vcxproj]
  (编译源文件“../../../../../acc-wp24-t09-wt/RobWork/RobWorkSim/src/rwsimlibs/plugins/RWSimulatorPlugin.cpp”)
      D:\10_Source_Repos\21_robot\RobWork\build\acc-wp24-t09-wt\RobWork\RobWork\src\rw\math\VelocityScrew6D.hpp(379,19):
      参见“rw::rw::math::VelocityScrew6D<float>::Vector3D”的声明
  
D:\10_Source_Repos\21_robot\RobWork\build\acc-wp24-t09-wt\RobWork\RobWork\src\rw\math\VelocityScrew6D.hpp(379,19): error C1003: 错误计数超过 100；正在停止编译 [D:\10_Source_Repos\21_robot\RobWork\build\acc-wp24-t09-bld\RobWorkSim\src\rwsimlibs\plugins\RWSimulatorPlugin.vcxproj]
  (编译源文件“../../../../../acc-wp24-t09-wt/RobWork/RobWorkSim/src/rwsimlibs/plugins/RWSimulatorPlugin.cpp”)
  
  Automatic MOC and UIC for target sdurwsim_bullet
  Building Custom Rule D:/10_Source_Repos/21_robot/RobWork/build/acc-wp24-t09-wt/RobWork/RobWorkSim/src/rwsimlibs/bullet/CMakeLists.txt
  BtUtil.cpp
  BtBody.cpp
  BtDevice.cpp
  BtPositionDevice.cpp
  BtVelocityDevice.cpp
  BtSimulator.cpp
  BtDebugRender.cpp
  BtConstraint.cpp
  BtTactileSensor.cpp
  BtMaterial.cpp
  BtContactStrategy.cpp
  BtRWCollisionAlgorithm.cpp
  BtRWCollisionConfiguration.cpp
  mocs_compilation_Release.cpp
D:\10_Source_Repos\21_robot\RobWork\build\acc-wp24-t09-wt\RobWork\RobWorkSim\src\rwsimlibs\bullet\BtUtil.cpp(33,45): warning C4244: “参数”: 从“const T”转换到“const btScalar”，可能丢失数据 [D:\10_Source_Repos\21_robot\RobWork\build\acc-wp24-t09-bld\RobWorkSim\src\rwsimlibs\bullet\sdurwsim_bullet.vcxproj]
D:\10_Source_Repos\21_robot\RobWork\build\acc-wp24-t09-wt\RobWork\RobWorkSim\src\rwsimlibs\bullet\BtUtil.cpp(33,45): warning C4244:         with [D:\10_Source_Repos\21_robot\RobWork\build\acc-wp24-t09-bld\RobWorkSim\src\rwsimlibs\bullet\sdurwsim_bullet.vcxproj]
D:\10_Source_Repos\21_robot\RobWork\build\acc-wp24-t09-wt\RobWork\RobWorkSim\src\rwsimlibs\bullet\BtUtil.cpp(33,45): warning C4244:         [ [D:\10_Source_Repos\21_robot\RobWork\build\acc-wp24-t09-bld\RobWorkSim\src\rwsimlibs\bullet\sdurwsim_bullet.vcxproj]
D:\10_Source_Repos\21_robot\RobWork\build\acc-wp24-t09-wt\RobWork\RobWorkSim\src\rwsimlibs\bullet\BtUtil.cpp(33,45): warning C4244:             T=double [D:\10_Source_Repos\21_robot\RobWork\build\acc-wp24-t09-bld\RobWorkSim\src\rwsimlibs\bullet\sdurwsim_bullet.vcxproj]
D:\10_Source_Repos\21_robot\RobWork\build\acc-wp24-t09-wt\RobWork\RobWorkSim\src\rwsimlibs\bullet\BtUtil.cpp(33,45): warning C4244:         ] [D:\10_Source_Repos\21_robot\RobWork\build\acc-wp24-t09-bld\RobWorkSim\src\rwsimlibs\bullet\sdurwsim_bullet.vcxproj]
D:\10_Source_Repos\21_robot\RobWork\build\acc-wp24-t09-wt\RobWork\RobWorkSim\src\rwsimlibs\bullet\BtUtil.cpp(33,36): warning C4244: “参数”: 从“const T”转换到“const btScalar”，可能丢失数据 [D:\10_Source_Repos\21_robot\RobWork\build\acc-wp24-t09-bld\RobWorkSim\src\rwsimlibs\bullet\sdurwsim_bullet.vcxproj]
D:\10_Source_Repos\21_robot\RobWork\build\acc-wp24-t09-wt\RobWork\RobWorkSim\src\rwsimlibs\bullet\BtUtil.cpp(33,36): warning C4244:         with [D:\10_Source_Repos\21_robot\RobWork\build\acc-wp24-t09-bld\RobWorkSim\src\rwsimlibs\bullet\sdurwsim_bullet.vcxproj]
D:\10_Source_Repos\21_robot\RobWork\build\acc-wp24-t09-wt\RobWork\RobWorkSim\src\rwsimlibs\bullet\BtUtil.cpp(33,36): warning C4244:         [ [D:\10_Source_Repos\21_robot\RobWork\build\acc-wp24-t09-bld\RobWorkSim\src\rwsimlibs\bullet\sdurwsim_bullet.vcxproj]
D:\10_Source_Repos\21_robot\RobWork\build\acc-wp24-t09-wt\RobWork\RobWorkSim\src\rwsimlibs\bullet\BtUtil.cpp(33,36): warning C4244:             T=double [D:\10_Source_Repos\21_robot\RobWork\build\acc-wp24-t09-bld\RobWorkSim\src\rwsimlibs\bullet\sdurwsim_bullet.vcxproj]
D:\10_Source_Repos\21_robot\RobWork\build\acc-wp24-t09-wt\RobWork\RobWorkSim\src\rwsimlibs\bullet\BtUtil.cpp(33,36): warning C4244:         ] [D:\10_Source_Repos\21_robot\RobWork\build\acc-wp24-t09-bld\RobWorkSim\src\rwsimlibs\bullet\sdurwsim_bullet.vcxproj]
D:\10_Source_Repos\21_robot\RobWork\build\acc-wp24-t09-wt\RobWork\RobWorkSim\src\rwsimlibs\bullet\BtUtil.cpp(33,27): warning C4244: “参数”: 从“const T”转换到“const btScalar”，可能丢失数据 [D:\10_Source_Repos\21_robot\RobWork\build\acc-wp24-t09-bld\RobWorkSim\src\rwsimlibs\bullet\sdurwsim_bullet.vcxproj]
D:\10_Source_Repos\21_robot\RobWork\build\acc-wp24-t09-wt\RobWork\RobWorkSim\src\rwsimlibs\bullet\BtUtil.cpp(33,27): warning C4244:         with [D:\10_Source_Repos\21_robot\RobWork\build\acc-wp24-t09-bld\RobWorkSim\src\rwsimlibs\bullet\sdurwsim_bullet.vcxproj]
D:\10_Source_Repos\21_robot\RobWork\build\acc-wp24-t09-wt\RobWork\RobWorkSim\src\rwsimlibs\bullet\BtUtil.cpp(33,27): warning C4244:         [ [D:\10_Source_Repos\21_robot\RobWork\build\acc-wp24-t09-bld\RobWorkSim\src\rwsimlibs\bullet\sdurwsim_bullet.vcxproj]
D:\10_Source_Repos\21_robot\RobWork\build\acc-wp24-t09-wt\RobWork\RobWorkSim\src\rwsimlibs\bullet\BtUtil.cpp(33,27): warning C4244:             T=double [D:\10_Source_Repos\21_robot\RobWork\build\acc-wp24-t09-bld\RobWorkSim\src\rwsimlibs\bullet\sdurwsim_bullet.vcxproj]
D:\10_Source_Repos\21_robot\RobWork\build\acc-wp24-t09-wt\RobWork\RobWorkSim\src\rwsimlibs\bullet\BtUtil.cpp(33,27): warning C4244:         ] [D:\10_Source_Repos\21_robot\RobWork\build\acc-wp24-t09-bld\RobWorkSim\src\rwsimlibs\bullet\sdurwsim_bullet.vcxproj]
D:\10_Source_Repos\21_robot\RobWork\build\acc-wp24-t09-wt\RobWork\RobWorkSim\src\rwsimlibs\bullet\BtUtil.cpp(46,64): warning C4244: “参数”: 从“const T”转换到“const btScalar”，可能丢失数据 [D:\10_Source_Repos\21_robot\RobWork\build\acc-wp24-t09-bld\RobWorkSim\src\rwsimlibs\bullet\sdurwsim_bullet.vcxproj]
D:\10_Source_Repos\21_robot\RobWork\build\acc-wp24-t09-wt\RobWork\RobWorkSim\src\rwsimlibs\bullet\BtUtil.cpp(46,64): warning C4244:         with [D:\10_Source_Repos\21_robot\RobWork\build\acc-wp24-t09-bld\RobWorkSim\src\rwsimlibs\bullet\sdurwsim_bullet.vcxproj]
D:\10_Source_Repos\21_robot\RobWork\build\acc-wp24-t09-wt\RobWork\RobWorkSim\src\rwsimlibs\bullet\BtUtil.cpp(46,64): warning C4244:         [ [D:\10_Source_Repos\21_robot\RobWork\build\acc-wp24-t09-bld\RobWorkSim\src\rwsimlibs\bullet\sdurwsim_bullet.vcxproj]
D:\10_Source_Repos\21_robot\RobWork\build\acc-wp24-t09-wt\RobWork\RobWorkSim\src\rwsimlibs\bullet\BtUtil.cpp(46,64): warning C4244:             T=double [D:\10_Source_Repos\21_robot\RobWork\build\acc-wp24-t09-bld\RobWorkSim\src\rwsimlibs\bullet\sdurwsim_bullet.vcxproj]
D:\10_Source_Repos\21_robot\RobWork\build\acc-wp24-t09-wt\RobWork\RobWorkSim\src\rwsimlibs\bullet\BtUtil.cpp(46,64): warning C4244:         ] [D:\10_Source_Repos\21_robot\RobWork\build\acc-wp24-t09-bld\RobWorkSim\src\rwsimlibs\bullet\sdurwsim_bullet.vcxproj]
D:\10_Source_Repos\21_robot\RobWork\build\acc-wp24-t09-wt\RobWork\RobWorkSim\src\rwsimlibs\bullet\BtUtil.cpp(46,51): warning C4244: “参数”: 从“const T”转换到“const btScalar”，可能丢失数据 [D:\10_Source_Repos\21_robot\RobWork\build\acc-wp24-t09-bld\RobWorkSim\src\rwsimlibs\bullet\sdurwsim_bullet.vcxproj]
D:\10_Source_Repos\21_robot\RobWork\build\acc-wp24-t09-wt\RobWork\RobWorkSim\src\rwsimlibs\bullet\BtUtil.cpp(46,51): warning C4244:         with [D:\10_Source_Repos\21_robot\RobWork\build\acc-wp24-t09-bld\RobWorkSim\src\rwsimlibs\bullet\sdurwsim_bullet.vcxproj]
D:\10_Source_Repos\21_robot\RobWork\build\acc-wp24-t09-wt\RobWork\RobWorkSim\src\rwsimlibs\bullet\BtUtil.cpp(46,51): warning C4244:         [ [D:\10_Source_Repos\21_robot\RobWork\build\acc-wp24-t09-bld\RobWorkSim\src\rwsimlibs\bullet\sdurwsim_bullet.vcxproj]
D:\10_Source_Repos\21_robot\RobWork\build\acc-wp24-t09-wt\RobWork\RobWorkSim\src\rwsimlibs\bullet\BtUtil.cpp(46,51): warning C4244:             T=double [D:\10_Source_Repos\21_robot\RobWork\build\acc-wp24-t09-bld\RobWorkSim\src\rwsimlibs\bullet\sdurwsim_bullet.vcxproj]
D:\10_Source_Repos\21_robot\RobWork\build\acc-wp24-t09-wt\RobWork\RobWorkSim\src\rwsimlibs\bullet\BtUtil.cpp(46,51): warning C4244:         ] [D:\10_Source_Repos\21_robot\RobWork\build\acc-wp24-t09-bld\RobWorkSim\src\rwsimlibs\bullet\sdurwsim_bullet.vcxproj]
D:\10_Source_Repos\21_robot\RobWork\build\acc-wp24-t09-wt\RobWork\RobWorkSim\src\rwsimlibs\bullet\BtUtil.cpp(46,38): warning C4244: “参数”: 从“const T”转换到“const btScalar”，可能丢失数据 [D:\10_Source_Repos\21_robot\RobWork\build\acc-wp24-t09-bld\RobWorkSim\src\rwsimlibs\bullet\sdurwsim_bullet.vcxproj]
D:\10_Source_Repos\21_robot\RobWork\build\acc-wp24-t09-wt\RobWork\RobWorkSim\src\rwsimlibs\bullet\BtUtil.cpp(46,38): warning C4244:         with [D:\10_Source_Repos\21_robot\RobWork\build\acc-wp24-t09-bld\RobWorkSim\src\rwsimlibs\bullet\sdurwsim_bullet.vcxproj]
D:\10_Source_Repos\21_robot\RobWork\build\acc-wp24-t09-wt\RobWork\RobWorkSim\src\rwsimlibs\bullet\BtUtil.cpp(46,38): warning C4244:         [ [D:\10_Source_Repos\21_robot\RobWork\build\acc-wp24-t09-bld\RobWorkSim\src\rwsimlibs\bullet\sdurwsim_bullet.vcxproj]
D:\10_Source_Repos\21_robot\RobWork\build\acc-wp24-t09-wt\RobWork\RobWorkSim\src\rwsimlibs\bullet\BtUtil.cpp(46,38): warning C4244:             T=double [D:\10_Source_Repos\21_robot\RobWork\build\acc-wp24-t09-bld\RobWorkSim\src\rwsimlibs\bullet\sdurwsim_bullet.vcxproj]
D:\10_Source_Repos\21_robot\RobWork\build\acc-wp24-t09-wt\RobWork\RobWorkSim\src\rwsimlibs\bullet\BtUtil.cpp(46,38): warning C4244:         ] [D:\10_Source_Repos\21_robot\RobWork\build\acc-wp24-t09-bld\RobWorkSim\src\rwsimlibs\bullet\sdurwsim_bullet.vcxproj]
D:\10_Source_Repos\21_robot\RobWork\build\acc-wp24-t09-wt\RobWork\RobWorkSim\src\rwsimlibs\bullet\BtUtil.cpp(47,87): warning C4244: “参数”: 从“T”转换到“const btScalar”，可能丢失数据 [D:\10_Source_Repos\21_robot\RobWork\build\acc-wp24-t09-bld\RobWorkSim\src\rwsimlibs\bullet\sdurwsim_bullet.vcxproj]
D:\10_Source_Repos\21_robot\RobWork\build\acc-wp24-t09-wt\RobWork\RobWorkSim\src\rwsimlibs\bullet\BtUtil.cpp(47,87): warning C4244:         with [D:\10_Source_Repos\21_robot\RobWork\build\acc-wp24-t09-bld\RobWorkSim\src\rwsimlibs\bullet\sdurwsim_bullet.vcxproj]
D:\10_Source_Repos\21_robot\RobWork\build\acc-wp24-t09-wt\RobWork\RobWorkSim\src\rwsimlibs\bullet\BtUtil.cpp(47,87): warning C4244:         [ [D:\10_Source_Repos\21_robot\RobWork\build\acc-wp24-t09-bld\RobWorkSim\src\rwsimlibs\bullet\sdurwsim_bullet.vcxproj]
D:\10_Source_Repos\21_robot\RobWork\build\acc-wp24-t09-wt\RobWork\RobWorkSim\src\rwsimlibs\bullet\BtUtil.cpp(47,87): warning C4244:             T=double [D:\10_Source_Repos\21_robot\RobWork\build\acc-wp24-t09-bld\RobWorkSim\src\rwsimlibs\bullet\sdurwsim_bullet.vcxproj]
D:\10_Source_Repos\21_robot\RobWork\build\acc-wp24-t09-wt\RobWork\RobWorkSim\src\rwsimlibs\bullet\BtUtil.cpp(47,87): warning C4244:         ] [D:\10_Source_Repos\21_robot\RobWork\build\acc-wp24-t09-bld\RobWorkSim\src\rwsimlibs\bullet\sdurwsim_bullet.vcxproj]
D:\10_Source_Repos\21_robot\RobWork\build\acc-wp24-t09-wt\RobWork\RobWorkSim\src\rwsimlibs\bullet\BtUtil.cpp(47,72): warning C4244: “参数”: 从“T”转换到“const btScalar”，可能丢失数据 [D:\10_Source_Repos\21_robot\RobWork\build\acc-wp24-t09-bld\RobWorkSim\src\rwsimlibs\bullet\sdurwsim_bullet.vcxproj]
D:\10_Source_Repos\21_robot\RobWork\build\acc-wp24-t09-wt\RobWork\RobWorkSim\src\rwsimlibs\bullet\BtUtil.cpp(47,72): warning C4244:         with [D:\10_Source_Repos\21_robot\RobWork\build\acc-wp24-t09-bld\RobWorkSim\src\rwsimlibs\bullet\sdurwsim_bullet.vcxproj]
D:\10_Source_Repos\21_robot\RobWork\build\acc-wp24-t09-wt\RobWork\RobWorkSim\src\rwsimlibs\bullet\BtUtil.cpp(47,72): warning C4244:         [ [D:\10_Source_Repos\21_robot\RobWork\build\acc-wp24-t09-bld\RobWorkSim\src\rwsimlibs\bullet\sdurwsim_bullet.vcxproj]
D:\10_Source_Repos\21_robot\RobWork\build\acc-wp24-t09-wt\RobWork\RobWorkSim\src\rwsimlibs\bullet\BtUtil.cpp(47,72): warning C4244:             T=double [D:\10_Source_Repos\21_robot\RobWork\build\acc-wp24-t09-bld\RobWorkSim\src\rwsimlibs\bullet\sdurwsim_bullet.vcxproj]
D:\10_Source_Repos\21_robot\RobWork\build\acc-wp24-t09-wt\RobWork\RobWorkSim\src\rwsimlibs\bullet\BtUtil.cpp(47,72): warning C4244:         ] [D:\10_Source_Repos\21_robot\RobWork\build\acc-wp24-t09-bld\RobWorkSim\src\rwsimlibs\bullet\sdurwsim_bullet.vcxproj]
D:\10_Source_Repos\21_robot\RobWork\build\acc-wp24-t09-wt\RobWork\RobWorkSim\src\rwsimlibs\bullet\BtUtil.cpp(47,57): warning C4244: “参数”: 从“T”转换到“const btScalar”，可能丢失数据 [D:\10_Source_Repos\21_robot\RobWork\build\acc-wp24-t09-bld\RobWorkSim\src\rwsimlibs\bullet\sdurwsim_bullet.vcxproj]
D:\10_Source_Repos\21_robot\RobWork\build\acc-wp24-t09-wt\RobWork\RobWorkSim\src\rwsimlibs\bullet\BtUtil.cpp(47,57): warning C4244:         with [D:\10_Source_Repos\21_robot\RobWork\build\acc-wp24-t09-bld\RobWorkSim\src\rwsimlibs\bullet\sdurwsim_bullet.vcxproj]
D:\10_Source_Repos\21_robot\RobWork\build\acc-wp24-t09-wt\RobWork\RobWorkSim\src\rwsimlibs\bullet\BtUtil.cpp(47,57): warning C4244:         [ [D:\10_Source_Repos\21_robot\RobWork\build\acc-wp24-t09-bld\RobWorkSim\src\rwsimlibs\bullet\sdurwsim_bullet.vcxproj]
D:\10_Source_Repos\21_robot\RobWork\build\acc-wp24-t09-wt\RobWork\RobWorkSim\src\rwsimlibs\bullet\BtUtil.cpp(47,57): warning C4244:             T=double [D:\10_Source_Repos\21_robot\RobWork\build\acc-wp24-t09-bld\RobWorkSim\src\rwsimlibs\bullet\sdurwsim_bullet.vcxproj]
D:\10_Source_Repos\21_robot\RobWork\build\acc-wp24-t09-wt\RobWork\RobWorkSim\src\rwsimlibs\bullet\BtUtil.cpp(47,57): warning C4244:         ] [D:\10_Source_Repos\21_robot\RobWork\build\acc-wp24-t09-bld\RobWorkSim\src\rwsimlibs\bullet\sdurwsim_bullet.vcxproj]
D:\10_Source_Repos\21_robot\RobWork\build\acc-wp24-t09-wt\RobWork\RobWorkSim\src\rwsimlibs\bullet\BtUtil.cpp(47,42): warning C4244: “参数”: 从“T”转换到“const btScalar”，可能丢失数据 [D:\10_Source_Repos\21_robot\RobWork\build\acc-wp24-t09-bld\RobWorkSim\src\rwsimlibs\bullet\sdurwsim_bullet.vcxproj]
D:\10_Source_Repos\21_robot\RobWork\build\acc-wp24-t09-wt\RobWork\RobWorkSim\src\rwsimlibs\bullet\BtUtil.cpp(47,42): warning C4244:         with [D:\10_Source_Repos\21_robot\RobWork\build\acc-wp24-t09-bld\RobWorkSim\src\rwsimlibs\bullet\sdurwsim_bullet.vcxproj]
D:\10_Source_Repos\21_robot\RobWork\build\acc-wp24-t09-wt\RobWork\RobWorkSim\src\rwsimlibs\bullet\BtUtil.cpp(47,42): warning C4244:         [ [D:\10_Source_Repos\21_robot\RobWork\build\acc-wp24-t09-bld\RobWorkSim\src\rwsimlibs\bullet\sdurwsim_bullet.vcxproj]
D:\10_Source_Repos\21_robot\RobWork\build\acc-wp24-t09-wt\RobWork\RobWorkSim\src\rwsimlibs\bullet\BtUtil.cpp(47,42): warning C4244:             T=double [D:\10_Source_Repos\21_robot\RobWork\build\acc-wp24-t09-bld\RobWorkSim\src\rwsimlibs\bullet\sdurwsim_bullet.vcxproj]
D:\10_Source_Repos\21_robot\RobWork\build\acc-wp24-t09-wt\RobWork\RobWorkSim\src\rwsimlibs\bullet\BtUtil.cpp(47,42): warning C4244:         ] [D:\10_Source_Repos\21_robot\RobWork\build\acc-wp24-t09-bld\RobWorkSim\src\rwsimlibs\bullet\sdurwsim_bullet.vcxproj]
D:\10_Source_Repos\21_robot\RobWork\build\acc-wp24-t09-wt\RobWork\RobWorkSim\src\rwsimlibs\bullet\BtBody.cpp(183,9): warning C4244: “参数”: 从“double”转换到“btScalar”，可能丢失数据 [D:\10_Source_Repos\21_robot\RobWork\build\acc-wp24-t09-bld\RobWorkSim\src\rwsimlibs\bullet\sdurwsim_bullet.vcxproj]
D:\10_Source_Repos\21_robot\RobWork\build\acc-wp24-t09-wt\RobWork\RobWorkSim\src\rwsimlibs\bullet\BtRWCollisionAlgorithm.cpp(117,31): warning C4244: “初始化”: 从“double”转换到“btScalar”，可能丢失数据 [D:\10_Source_Repos\21_robot\RobWork\build\acc-wp24-t09-bld\RobWorkSim\src\rwsimlibs\bullet\sdurwsim_bullet.vcxproj]
D:\10_Source_Repos\21_robot\RobWork\build\acc-wp24-t09-wt\RobWork\RobWorkSim\src\rwsimlibs\bullet\BtRWCollisionAlgorithm.cpp(117,29): warning C4244: “初始化”: 从“double”转换到“const btScalar”，可能丢失数据 [D:\10_Source_Repos\21_robot\RobWork\build\acc-wp24-t09-bld\RobWorkSim\src\rwsimlibs\bullet\sdurwsim_bullet.vcxproj]
D:\10_Source_Repos\21_robot\RobWork\build\acc-wp24-t09-wt\RobWork\RobWorkSim\src\rwsimlibs\bullet\BtBody.cpp(238,78): warning C4244: “参数”: 从“double”转换到“const btScalar”，可能丢失数据 [D:\10_Source_Repos\21_robot\RobWork\build\acc-wp24-t09-bld\RobWorkSim\src\rwsimlibs\bullet\sdurwsim_bullet.vcxproj]
D:\10_Source_Repos\21_robot\RobWork\build\acc-wp24-t09-wt\RobWork\RobWorkSim\src\rwsimlibs\bullet\BtBody.cpp(238,53): warning C4244: “参数”: 从“double”转换到“const btScalar”，可能丢失数据 [D:\10_Source_Repos\21_robot\RobWork\build\acc-wp24-t09-bld\RobWorkSim\src\rwsimlibs\bullet\sdurwsim_bullet.vcxproj]
D:\10_Source_Repos\21_robot\RobWork\build\acc-wp24-t09-wt\RobWork\RobWorkSim\src\rwsimlibs\bullet\BtBody.cpp(242,54): warning C4244: “参数”: 从“double”转换到“btScalar”，可能丢失数据 [D:\10_Source_Repos\21_robot\RobWork\build\acc-wp24-t09-bld\RobWorkSim\src\rwsimlibs\bullet\sdurwsim_bullet.vcxproj]
D:\10_Source_Repos\21_robot\RobWork\build\acc-wp24-t09-wt\RobWork\RobWorkSim\src\rwsimlibs\bullet\BtBody.cpp(246,65): warning C4244: “参数”: 从“double”转换到“btScalar”，可能丢失数据 [D:\10_Source_Repos\21_robot\RobWork\build\acc-wp24-t09-bld\RobWorkSim\src\rwsimlibs\bullet\sdurwsim_bullet.vcxproj]
D:\10_Source_Repos\21_robot\RobWork\build\acc-wp24-t09-wt\RobWork\RobWorkSim\src\rwsimlibs\bullet\BtBody.cpp(254,57): warning C4244: “参数”: 从“const T”转换到“const btScalar”，可能丢失数据 [D:\10_Source_Repos\21_robot\RobWork\build\acc-wp24-t09-bld\RobWorkSim\src\rwsimlibs\bullet\sdurwsim_bullet.vcxproj]
D:\10_Source_Repos\21_robot\RobWork\build\acc-wp24-t09-wt\RobWork\RobWorkSim\src\rwsimlibs\bullet\BtBody.cpp(254,57): warning C4244:         with [D:\10_Source_Repos\21_robot\RobWork\build\acc-wp24-t09-bld\RobWorkSim\src\rwsimlibs\bullet\sdurwsim_bullet.vcxproj]
D:\10_Source_Repos\21_robot\RobWork\build\acc-wp24-t09-wt\RobWork\RobWorkSim\src\rwsimlibs\bullet\BtBody.cpp(254,57): warning C4244:         [ [D:\10_Source_Repos\21_robot\RobWork\build\acc-wp24-t09-bld\RobWorkSim\src\rwsimlibs\bullet\sdurwsim_bullet.vcxproj]
D:\10_Source_Repos\21_robot\RobWork\build\acc-wp24-t09-wt\RobWork\RobWorkSim\src\rwsimlibs\bullet\BtBody.cpp(254,57): warning C4244:             T=double [D:\10_Source_Repos\21_robot\RobWork\build\acc-wp24-t09-bld\RobWorkSim\src\rwsimlibs\bullet\sdurwsim_bullet.vcxproj]
D:\10_Source_Repos\21_robot\RobWork\build\acc-wp24-t09-wt\RobWork\RobWorkSim\src\rwsimlibs\bullet\BtBody.cpp(254,57): warning C4244:         ] [D:\10_Source_Repos\21_robot\RobWork\build\acc-wp24-t09-bld\RobWorkSim\src\rwsimlibs\bullet\sdurwsim_bullet.vcxproj]
D:\10_Source_Repos\21_robot\RobWork\build\acc-wp24-t09-wt\RobWork\RobWorkSim\src\rwsimlibs\bullet\BtBody.cpp(254,46): warning C4244: “参数”: 从“const T”转换到“const btScalar”，可能丢失数据 [D:\10_Source_Repos\21_robot\RobWork\build\acc-wp24-t09-bld\RobWorkSim\src\rwsimlibs\bullet\sdurwsim_bullet.vcxproj]
D:\10_Source_Repos\21_robot\RobWork\build\acc-wp24-t09-wt\RobWork\RobWorkSim\src\rwsimlibs\bullet\BtBody.cpp(254,46): warning C4244:         with [D:\10_Source_Repos\21_robot\RobWork\build\acc-wp24-t09-bld\RobWorkSim\src\rwsimlibs\bullet\sdurwsim_bullet.vcxproj]
D:\10_Source_Repos\21_robot\RobWork\build\acc-wp24-t09-wt\RobWork\RobWorkSim\src\rwsimlibs\bullet\BtBody.cpp(254,46): warning C4244:         [ [D:\10_Source_Repos\21_robot\RobWork\build\acc-wp24-t09-bld\RobWorkSim\src\rwsimlibs\bullet\sdurwsim_bullet.vcxproj]
D:\10_Source_Repos\21_robot\RobWork\build\acc-wp24-t09-wt\RobWork\RobWorkSim\src\rwsimlibs\bullet\BtBody.cpp(254,46): warning C4244:             T=double [D:\10_Source_Repos\21_robot\RobWork\build\acc-wp24-t09-bld\RobWorkSim\src\rwsimlibs\bullet\sdurwsim_bullet.vcxproj]
D:\10_Source_Repos\21_robot\RobWork\build\acc-wp24-t09-wt\RobWork\RobWorkSim\src\rwsimlibs\bullet\BtBody.cpp(254,46): warning C4244:         ] [D:\10_Source_Repos\21_robot\RobWork\build\acc-wp24-t09-bld\RobWorkSim\src\rwsimlibs\bullet\sdurwsim_bullet.vcxproj]
D:\10_Source_Repos\21_robot\RobWork\build\acc-wp24-t09-wt\RobWork\RobWorkSim\src\rwsimlibs\bullet\BtBody.cpp(254,35): warning C4244: “参数”: 从“const T”转换到“const btScalar”，可能丢失数据 [D:\10_Source_Repos\21_robot\RobWork\build\acc-wp24-t09-bld\RobWorkSim\src\rwsimlibs\bullet\sdurwsim_bullet.vcxproj]
D:\10_Source_Repos\21_robot\RobWork\build\acc-wp24-t09-wt\RobWork\RobWorkSim\src\rwsimlibs\bullet\BtBody.cpp(254,35): warning C4244:         with [D:\10_Source_Repos\21_robot\RobWork\build\acc-wp24-t09-bld\RobWorkSim\src\rwsimlibs\bullet\sdurwsim_bullet.vcxproj]
D:\10_Source_Repos\21_robot\RobWork\build\acc-wp24-t09-wt\RobWork\RobWorkSim\src\rwsimlibs\bullet\BtBody.cpp(254,35): warning C4244:         [ [D:\10_Source_Repos\21_robot\RobWork\build\acc-wp24-t09-bld\RobWorkSim\src\rwsimlibs\bullet\sdurwsim_bullet.vcxproj]
D:\10_Source_Repos\21_robot\RobWork\build\acc-wp24-t09-wt\RobWork\RobWorkSim\src\rwsimlibs\bullet\BtBody.cpp(254,35): warning C4244:             T=double [D:\10_Source_Repos\21_robot\RobWork\build\acc-wp24-t09-bld\RobWorkSim\src\rwsimlibs\bullet\sdurwsim_bullet.vcxproj]
D:\10_Source_Repos\21_robot\RobWork\build\acc-wp24-t09-wt\RobWork\RobWorkSim\src\rwsimlibs\bullet\BtBody.cpp(254,35): warning C4244:         ] [D:\10_Source_Repos\21_robot\RobWork\build\acc-wp24-t09-bld\RobWorkSim\src\rwsimlibs\bullet\sdurwsim_bullet.vcxproj]
D:\10_Source_Repos\21_robot\RobWork\build\acc-wp24-t09-wt\RobWork\RobWorkSim\src\rwsimlibs\bullet\BtBody.cpp(255,57): warning C4244: “参数”: 从“const T”转换到“const btScalar”，可能丢失数据 [D:\10_Source_Repos\21_robot\RobWork\build\acc-wp24-t09-bld\RobWorkSim\src\rwsimlibs\bullet\sdurwsim_bullet.vcxproj]
D:\10_Source_Repos\21_robot\RobWork\build\acc-wp24-t09-wt\RobWork\RobWorkSim\src\rwsimlibs\bullet\BtBody.cpp(255,57): warning C4244:         with [D:\10_Source_Repos\21_robot\RobWork\build\acc-wp24-t09-bld\RobWorkSim\src\rwsimlibs\bullet\sdurwsim_bullet.vcxproj]
D:\10_Source_Repos\21_robot\RobWork\build\acc-wp24-t09-wt\RobWork\RobWorkSim\src\rwsimlibs\bullet\BtBody.cpp(255,57): warning C4244:         [ [D:\10_Source_Repos\21_robot\RobWork\build\acc-wp24-t09-bld\RobWorkSim\src\rwsimlibs\bullet\sdurwsim_bullet.vcxproj]
D:\10_Source_Repos\21_robot\RobWork\build\acc-wp24-t09-wt\RobWork\RobWorkSim\src\rwsimlibs\bullet\BtBody.cpp(255,57): warning C4244:             T=double [D:\10_Source_Repos\21_robot\RobWork\build\acc-wp24-t09-bld\RobWorkSim\src\rwsimlibs\bullet\sdurwsim_bullet.vcxproj]
D:\10_Source_Repos\21_robot\RobWork\build\acc-wp24-t09-wt\RobWork\RobWorkSim\src\rwsimlibs\bullet\BtBody.cpp(255,57): warning C4244:         ] [D:\10_Source_Repos\21_robot\RobWork\build\acc-wp24-t09-bld\RobWorkSim\src\rwsimlibs\bullet\sdurwsim_bullet.vcxproj]
D:\10_Source_Repos\21_robot\RobWork\build\acc-wp24-t09-wt\RobWork\RobWorkSim\src\rwsimlibs\bullet\BtBody.cpp(255,46): warning C4244: “参数”: 从“const T”转换到“const btScalar”，可能丢失数据 [D:\10_Source_Repos\21_robot\RobWork\build\acc-wp24-t09-bld\RobWorkSim\src\rwsimlibs\bullet\sdurwsim_bullet.vcxproj]
D:\10_Source_Repos\21_robot\RobWork\build\acc-wp24-t09-wt\RobWork\RobWorkSim\src\rwsimlibs\bullet\BtBody.cpp(255,46): warning C4244:         with [D:\10_Source_Repos\21_robot\RobWork\build\acc-wp24-t09-bld\RobWorkSim\src\rwsimlibs\bullet\sdurwsim_bullet.vcxproj]
D:\10_Source_Repos\21_robot\RobWork\build\acc-wp24-t09-wt\RobWork\RobWorkSim\src\rwsimlibs\bullet\BtBody.cpp(255,46): warning C4244:         [ [D:\10_Source_Repos\21_robot\RobWork\build\acc-wp24-t09-bld\RobWorkSim\src\rwsimlibs\bullet\sdurwsim_bullet.vcxproj]
D:\10_Source_Repos\21_robot\RobWork\build\acc-wp24-t09-wt\RobWork\RobWorkSim\src\rwsimlibs\bullet\BtBody.cpp(255,46): warning C4244:             T=double [D:\10_Source_Repos\21_robot\RobWork\build\acc-wp24-t09-bld\RobWorkSim\src\rwsimlibs\bullet\sdurwsim_bullet.vcxproj]
D:\10_Source_Repos\21_robot\RobWork\build\acc-wp24-t09-wt\RobWork\RobWorkSim\src\rwsimlibs\bullet\BtBody.cpp(255,46): warning C4244:         ] [D:\10_Source_Repos\21_robot\RobWork\build\acc-wp24-t09-bld\RobWorkSim\src\rwsimlibs\bullet\sdurwsim_bullet.vcxproj]
D:\10_Source_Repos\21_robot\RobWork\build\acc-wp24-t09-wt\RobWork\RobWorkSim\src\rwsimlibs\bullet\BtBody.cpp(255,35): warning C4244: “参数”: 从“const T”转换到“const btScalar”，可能丢失数据 [D:\10_Source_Repos\21_robot\RobWork\build\acc-wp24-t09-bld\RobWorkSim\src\rwsimlibs\bullet\sdurwsim_bullet.vcxproj]
D:\10_Source_Repos\21_robot\RobWork\build\acc-wp24-t09-wt\RobWork\RobWorkSim\src\rwsimlibs\bullet\BtBody.cpp(255,35): warning C4244:         with [D:\10_Source_Repos\21_robot\RobWork\build\acc-wp24-t09-bld\RobWorkSim\src\rwsimlibs\bullet\sdurwsim_bullet.vcxproj]
D:\10_Source_Repos\21_robot\RobWork\build\acc-wp24-t09-wt\RobWork\RobWorkSim\src\rwsimlibs\bullet\BtBody.cpp(255,35): warning C4244:         [ [D:\10_Source_Repos\21_robot\RobWork\build\acc-wp24-t09-bld\RobWorkSim\src\rwsimlibs\bullet\sdurwsim_bullet.vcxproj]
D:\10_Source_Repos\21_robot\RobWork\build\acc-wp24-t09-wt\RobWork\RobWorkSim\src\rwsimlibs\bullet\BtBody.cpp(255,35): warning C4244:             T=double [D:\10_Source_Repos\21_robot\RobWork\build\acc-wp24-t09-bld\RobWorkSim\src\rwsimlibs\bullet\sdurwsim_bullet.vcxproj]
D:\10_Source_Repos\21_robot\RobWork\build\acc-wp24-t09-wt\RobWork\RobWorkSim\src\rwsimlibs\bullet\BtBody.cpp(255,35): warning C4244:         ] [D:\10_Source_Repos\21_robot\RobWork\build\acc-wp24-t09-bld\RobWorkSim\src\rwsimlibs\bullet\sdurwsim_bullet.vcxproj]
D:\10_Source_Repos\21_robot\RobWork\build\acc-wp24-t09-wt\RobWork\RobWorkSim\src\rwsimlibs\bullet\BtBody.cpp(256,57): warning C4244: “参数”: 从“const T”转换到“const btScalar”，可能丢失数据 [D:\10_Source_Repos\21_robot\RobWork\build\acc-wp24-t09-bld\RobWorkSim\src\rwsimlibs\bullet\sdurwsim_bullet.vcxproj]
D:\10_Source_Repos\21_robot\RobWork\build\acc-wp24-t09-wt\RobWork\RobWorkSim\src\rwsimlibs\bullet\BtBody.cpp(256,57): warning C4244:         with [D:\10_Source_Repos\21_robot\RobWork\build\acc-wp24-t09-bld\RobWorkSim\src\rwsimlibs\bullet\sdurwsim_bullet.vcxproj]
D:\10_Source_Repos\21_robot\RobWork\build\acc-wp24-t09-wt\RobWork\RobWorkSim\src\rwsimlibs\bullet\BtBody.cpp(256,57): warning C4244:         [ [D:\10_Source_Repos\21_robot\RobWork\build\acc-wp24-t09-bld\RobWorkSim\src\rwsimlibs\bullet\sdurwsim_bullet.vcxproj]
D:\10_Source_Repos\21_robot\RobWork\build\acc-wp24-t09-wt\RobWork\RobWorkSim\src\rwsimlibs\bullet\BtBody.cpp(256,57): warning C4244:             T=double [D:\10_Source_Repos\21_robot\RobWork\build\acc-wp24-t09-bld\RobWorkSim\src\rwsimlibs\bullet\sdurwsim_bullet.vcxproj]
D:\10_Source_Repos\21_robot\RobWork\build\acc-wp24-t09-wt\RobWork\RobWorkSim\src\rwsimlibs\bullet\BtBody.cpp(256,57): warning C4244:         ] [D:\10_Source_Repos\21_robot\RobWork\build\acc-wp24-t09-bld\RobWorkSim\src\rwsimlibs\bullet\sdurwsim_bullet.vcxproj]
D:\10_Source_Repos\21_robot\RobWork\build\acc-wp24-t09-wt\RobWork\RobWorkSim\src\rwsimlibs\bullet\BtBody.cpp(256,46): warning C4244: “参数”: 从“const T”转换到“const btScalar”，可能丢失数据 [D:\10_Source_Repos\21_robot\RobWork\build\acc-wp24-t09-bld\RobWorkSim\src\rwsimlibs\bullet\sdurwsim_bullet.vcxproj]
D:\10_Source_Repos\21_robot\RobWork\build\acc-wp24-t09-wt\RobWork\RobWorkSim\src\rwsimlibs\bullet\BtBody.cpp(256,46): warning C4244:         with [D:\10_Source_Repos\21_robot\RobWork\build\acc-wp24-t09-bld\RobWorkSim\src\rwsimlibs\bullet\sdurwsim_bullet.vcxproj]
D:\10_Source_Repos\21_robot\RobWork\build\acc-wp24-t09-wt\RobWork\RobWorkSim\src\rwsimlibs\bullet\BtBody.cpp(256,46): warning C4244:         [ [D:\10_Source_Repos\21_robot\RobWork\build\acc-wp24-t09-bld\RobWorkSim\src\rwsimlibs\bullet\sdurwsim_bullet.vcxproj]
D:\10_Source_Repos\21_robot\RobWork\build\acc-wp24-t09-wt\RobWork\RobWorkSim\src\rwsimlibs\bullet\BtBody.cpp(256,46): warning C4244:             T=double [D:\10_Source_Repos\21_robot\RobWork\build\acc-wp24-t09-bld\RobWorkSim\src\rwsimlibs\bullet\sdurwsim_bullet.vcxproj]
D:\10_Source_Repos\21_robot\RobWork\build\acc-wp24-t09-wt\RobWork\RobWorkSim\src\rwsimlibs\bullet\BtBody.cpp(256,46): warning C4244:         ] [D:\10_Source_Repos\21_robot\RobWork\build\acc-wp24-t09-bld\RobWorkSim\src\rwsimlibs\bullet\sdurwsim_bullet.vcxproj]
D:\10_Source_Repos\21_robot\RobWork\build\acc-wp24-t09-wt\RobWork\RobWorkSim\src\rwsimlibs\bullet\BtBody.cpp(256,35): warning C4244: “参数”: 从“const T”转换到“const btScalar”，可能丢失数据 [D:\10_Source_Repos\21_robot\RobWork\build\acc-wp24-t09-bld\RobWorkSim\src\rwsimlibs\bullet\sdurwsim_bullet.vcxproj]
D:\10_Source_Repos\21_robot\RobWork\build\acc-wp24-t09-wt\RobWork\RobWorkSim\src\rwsimlibs\bullet\BtBody.cpp(256,35): warning C4244:         with [D:\10_Source_Repos\21_robot\RobWork\build\acc-wp24-t09-bld\RobWorkSim\src\rwsimlibs\bullet\sdurwsim_bullet.vcxproj]
D:\10_Source_Repos\21_robot\RobWork\build\acc-wp24-t09-wt\RobWork\RobWorkSim\src\rwsimlibs\bullet\BtBody.cpp(256,35): warning C4244:         [ [D:\10_Source_Repos\21_robot\RobWork\build\acc-wp24-t09-bld\RobWorkSim\src\rwsimlibs\bullet\sdurwsim_bullet.vcxproj]
D:\10_Source_Repos\21_robot\RobWork\build\acc-wp24-t09-wt\RobWork\RobWorkSim\src\rwsimlibs\bullet\BtBody.cpp(256,35): warning C4244:             T=double [D:\10_Source_Repos\21_robot\RobWork\build\acc-wp24-t09-bld\RobWorkSim\src\rwsimlibs\bullet\sdurwsim_bullet.vcxproj]
D:\10_Source_Repos\21_robot\RobWork\build\acc-wp24-t09-wt\RobWork\RobWorkSim\src\rwsimlibs\bullet\BtBody.cpp(256,35): warning C4244:         ] [D:\10_Source_Repos\21_robot\RobWork\build\acc-wp24-t09-bld\RobWorkSim\src\rwsimlibs\bullet\sdurwsim_bullet.vcxproj]
D:\10_Source_Repos\21_robot\RobWork\build\acc-wp24-t09-wt\RobWork\RobWorkSim\src\rwsimlibs\bullet\BtBody.cpp(265,30): warning C4305: “参数”: 从“double”到“btScalar”截断 [D:\10_Source_Repos\21_robot\RobWork\build\acc-wp24-t09-bld\RobWorkSim\src\rwsimlibs\bullet\sdurwsim_bullet.vcxproj]
D:\10_Source_Repos\21_robot\RobWork\build\acc-wp24-t09-wt\RobWork\RobWorkSim\src\rwsimlibs\bullet\BtContactStrategy.cpp(222,73): warning C4244: “参数”: 从“double”转换到“btScalar”，可能丢失数据 [D:\10_Source_Repos\21_robot\RobWork\build\acc-wp24-t09-bld\RobWorkSim\src\rwsimlibs\bullet\sdurwsim_bullet.vcxproj]
D:\10_Source_Repos\21_robot\RobWork\build\acc-wp24-t09-wt\RobWork\RobWorkSim\src\rwsimlibs\bullet\BtContactStrategy.cpp(303,78): warning C4244: “参数”: 从“double”转换到“const btScalar”，可能丢失数据 [D:\10_Source_Repos\21_robot\RobWork\build\acc-wp24-t09-bld\RobWorkSim\src\rwsimlibs\bullet\sdurwsim_bullet.vcxproj]
D:\10_Source_Repos\21_robot\RobWork\build\acc-wp24-t09-wt\RobWork\RobWorkSim\src\rwsimlibs\bullet\BtContactStrategy.cpp(303,53): warning C4244: “参数”: 从“double”转换到“const btScalar”，可能丢失数据 [D:\10_Source_Repos\21_robot\RobWork\build\acc-wp24-t09-bld\RobWorkSim\src\rwsimlibs\bullet\sdurwsim_bullet.vcxproj]
D:\10_Source_Repos\21_robot\RobWork\build\acc-wp24-t09-wt\RobWork\RobWorkSim\src\rwsimlibs\bullet\BtContactStrategy.cpp(308,65): warning C4244: “参数”: 从“double”转换到“btScalar”，可能丢失数据 [D:\10_Source_Repos\21_robot\RobWork\build\acc-wp24-t09-bld\RobWorkSim\src\rwsimlibs\bullet\sdurwsim_bullet.vcxproj]
D:\10_Source_Repos\21_robot\RobWork\build\acc-wp24-t09-wt\RobWork\RobWorkSim\src\rwsimlibs\bullet\BtContactStrategy.cpp(314,63): warning C4244: “参数”: 从“double”转换到“const btScalar”，可能丢失数据 [D:\10_Source_Repos\21_robot\RobWork\build\acc-wp24-t09-bld\RobWorkSim\src\rwsimlibs\bullet\sdurwsim_bullet.vcxproj]
D:\10_Source_Repos\21_robot\RobWork\build\acc-wp24-t09-wt\RobWork\RobWorkSim\src\rwsimlibs\bullet\BtContactStrategy.cpp(313,63): warning C4244: “参数”: 从“double”转换到“const btScalar”，可能丢失数据 [D:\10_Source_Repos\21_robot\RobWork\build\acc-wp24-t09-bld\RobWorkSim\src\rwsimlibs\bullet\sdurwsim_bullet.vcxproj]
D:\10_Source_Repos\21_robot\RobWork\build\acc-wp24-t09-wt\RobWork\RobWorkSim\src\rwsimlibs\bullet\BtContactStrategy.cpp(312,63): warning C4244: “参数”: 从“double”转换到“const btScalar”，可能丢失数据 [D:\10_Source_Repos\21_robot\RobWork\build\acc-wp24-t09-bld\RobWorkSim\src\rwsimlibs\bullet\sdurwsim_bullet.vcxproj]
D:\10_Source_Repos\21_robot\RobWork\build\acc-wp24-t09-wt\RobWork\RobWorkSim\src\rwsimlibs\bullet\BtContactStrategy.cpp(320,65): warning C4244: “参数”: 从“double”转换到“btScalar”，可能丢失数据 [D:\10_Source_Repos\21_robot\RobWork\build\acc-wp24-t09-bld\RobWorkSim\src\rwsimlibs\bullet\sdurwsim_bullet.vcxproj]
D:\10_Source_Repos\21_robot\RobWork\build\acc-wp24-t09-wt\RobWork\RobWorkSim\src\rwsimlibs\bullet\BtContactStrategy.cpp(329,57): warning C4244: “参数”: 从“const T”转换到“const btScalar”，可能丢失数据 [D:\10_Source_Repos\21_robot\RobWork\build\acc-wp24-t09-bld\RobWorkSim\src\rwsimlibs\bullet\sdurwsim_bullet.vcxproj]
D:\10_Source_Repos\21_robot\RobWork\build\acc-wp24-t09-wt\RobWork\RobWorkSim\src\rwsimlibs\bullet\BtContactStrategy.cpp(329,57): warning C4244:         with [D:\10_Source_Repos\21_robot\RobWork\build\acc-wp24-t09-bld\RobWorkSim\src\rwsimlibs\bullet\sdurwsim_bullet.vcxproj]
D:\10_Source_Repos\21_robot\RobWork\build\acc-wp24-t09-wt\RobWork\RobWorkSim\src\rwsimlibs\bullet\BtContactStrategy.cpp(329,57): warning C4244:         [ [D:\10_Source_Repos\21_robot\RobWork\build\acc-wp24-t09-bld\RobWorkSim\src\rwsimlibs\bullet\sdurwsim_bullet.vcxproj]
D:\10_Source_Repos\21_robot\RobWork\build\acc-wp24-t09-wt\RobWork\RobWorkSim\src\rwsimlibs\bullet\BtContactStrategy.cpp(329,57): warning C4244:             T=double [D:\10_Source_Repos\21_robot\RobWork\build\acc-wp24-t09-bld\RobWorkSim\src\rwsimlibs\bullet\sdurwsim_bullet.vcxproj]
D:\10_Source_Repos\21_robot\RobWork\build\acc-wp24-t09-wt\RobWork\RobWorkSim\src\rwsimlibs\bullet\BtContactStrategy.cpp(329,57): warning C4244:         ] [D:\10_Source_Repos\21_robot\RobWork\build\acc-wp24-t09-bld\RobWorkSim\src\rwsimlibs\bullet\sdurwsim_bullet.vcxproj]
D:\10_Source_Repos\21_robot\RobWork\build\acc-wp24-t09-wt\RobWork\RobWorkSim\src\rwsimlibs\bullet\BtContactStrategy.cpp(329,46): warning C4244: “参数”: 从“const T”转换到“const btScalar”，可能丢失数据 [D:\10_Source_Repos\21_robot\RobWork\build\acc-wp24-t09-bld\RobWorkSim\src\rwsimlibs\bullet\sdurwsim_bullet.vcxproj]
D:\10_Source_Repos\21_robot\RobWork\build\acc-wp24-t09-wt\RobWork\RobWorkSim\src\rwsimlibs\bullet\BtContactStrategy.cpp(329,46): warning C4244:         with [D:\10_Source_Repos\21_robot\RobWork\build\acc-wp24-t09-bld\RobWorkSim\src\rwsimlibs\bullet\sdurwsim_bullet.vcxproj]
D:\10_Source_Repos\21_robot\RobWork\build\acc-wp24-t09-wt\RobWork\RobWorkSim\src\rwsimlibs\bullet\BtContactStrategy.cpp(329,46): warning C4244:         [ [D:\10_Source_Repos\21_robot\RobWork\build\acc-wp24-t09-bld\RobWorkSim\src\rwsimlibs\bullet\sdurwsim_bullet.vcxproj]
D:\10_Source_Repos\21_robot\RobWork\build\acc-wp24-t09-wt\RobWork\RobWorkSim\src\rwsimlibs\bullet\BtContactStrategy.cpp(329,46): warning C4244:             T=double [D:\10_Source_Repos\21_robot\RobWork\build\acc-wp24-t09-bld\RobWorkSim\src\rwsimlibs\bullet\sdurwsim_bullet.vcxproj]
D:\10_Source_Repos\21_robot\RobWork\build\acc-wp24-t09-wt\RobWork\RobWorkSim\src\rwsimlibs\bullet\BtContactStrategy.cpp(329,46): warning C4244:         ] [D:\10_Source_Repos\21_robot\RobWork\build\acc-wp24-t09-bld\RobWorkSim\src\rwsimlibs\bullet\sdurwsim_bullet.vcxproj]
D:\10_Source_Repos\21_robot\RobWork\build\acc-wp24-t09-wt\RobWork\RobWorkSim\src\rwsimlibs\bullet\BtContactStrategy.cpp(329,35): warning C4244: “参数”: 从“const T”转换到“const btScalar”，可能丢失数据 [D:\10_Source_Repos\21_robot\RobWork\build\acc-wp24-t09-bld\RobWorkSim\src\rwsimlibs\bullet\sdurwsim_bullet.vcxproj]
D:\10_Source_Repos\21_robot\RobWork\build\acc-wp24-t09-wt\RobWork\RobWorkSim\src\rwsimlibs\bullet\BtContactStrategy.cpp(329,35): warning C4244:         with [D:\10_Source_Repos\21_robot\RobWork\build\acc-wp24-t09-bld\RobWorkSim\src\rwsimlibs\bullet\sdurwsim_bullet.vcxproj]
D:\10_Source_Repos\21_robot\RobWork\build\acc-wp24-t09-wt\RobWork\RobWorkSim\src\rwsimlibs\bullet\BtContactStrategy.cpp(329,35): warning C4244:         [ [D:\10_Source_Repos\21_robot\RobWork\build\acc-wp24-t09-bld\RobWorkSim\src\rwsimlibs\bullet\sdurwsim_bullet.vcxproj]
D:\10_Source_Repos\21_robot\RobWork\build\acc-wp24-t09-wt\RobWork\RobWorkSim\src\rwsimlibs\bullet\BtContactStrategy.cpp(329,35): warning C4244:             T=double [D:\10_Source_Repos\21_robot\RobWork\build\acc-wp24-t09-bld\RobWorkSim\src\rwsimlibs\bullet\sdurwsim_bullet.vcxproj]
D:\10_Source_Repos\21_robot\RobWork\build\acc-wp24-t09-wt\RobWork\RobWorkSim\src\rwsimlibs\bullet\BtContactStrategy.cpp(329,35): warning C4244:         ] [D:\10_Source_Repos\21_robot\RobWork\build\acc-wp24-t09-bld\RobWorkSim\src\rwsimlibs\bullet\sdurwsim_bullet.vcxproj]
D:\10_Source_Repos\21_robot\RobWork\build\acc-wp24-t09-wt\RobWork\RobWorkSim\src\rwsimlibs\bullet\BtContactStrategy.cpp(330,57): warning C4244: “参数”: 从“const T”转换到“const btScalar”，可能丢失数据 [D:\10_Source_Repos\21_robot\RobWork\build\acc-wp24-t09-bld\RobWorkSim\src\rwsimlibs\bullet\sdurwsim_bullet.vcxproj]
D:\10_Source_Repos\21_robot\RobWork\build\acc-wp24-t09-wt\RobWork\RobWorkSim\src\rwsimlibs\bullet\BtContactStrategy.cpp(330,57): warning C4244:         with [D:\10_Source_Repos\21_robot\RobWork\build\acc-wp24-t09-bld\RobWorkSim\src\rwsimlibs\bullet\sdurwsim_bullet.vcxproj]
D:\10_Source_Repos\21_robot\RobWork\build\acc-wp24-t09-wt\RobWork\RobWorkSim\src\rwsimlibs\bullet\BtContactStrategy.cpp(330,57): warning C4244:         [ [D:\10_Source_Repos\21_robot\RobWork\build\acc-wp24-t09-bld\RobWorkSim\src\rwsimlibs\bullet\sdurwsim_bullet.vcxproj]
D:\10_Source_Repos\21_robot\RobWork\build\acc-wp24-t09-wt\RobWork\RobWorkSim\src\rwsimlibs\bullet\BtContactStrategy.cpp(330,57): warning C4244:             T=double [D:\10_Source_Repos\21_robot\RobWork\build\acc-wp24-t09-bld\RobWorkSim\src\rwsimlibs\bullet\sdurwsim_bullet.vcxproj]
D:\10_Source_Repos\21_robot\RobWork\build\acc-wp24-t09-wt\RobWork\RobWorkSim\src\rwsimlibs\bullet\BtContactStrategy.cpp(330,57): warning C4244:         ] [D:\10_Source_Repos\21_robot\RobWork\build\acc-wp24-t09-bld\RobWorkSim\src\rwsimlibs\bullet\sdurwsim_bullet.vcxproj]
D:\10_Source_Repos\21_robot\RobWork\build\acc-wp24-t09-wt\RobWork\RobWorkSim\src\rwsimlibs\bullet\BtContactStrategy.cpp(330,46): warning C4244: “参数”: 从“const T”转换到“const btScalar”，可能丢失数据 [D:\10_Source_Repos\21_robot\RobWork\build\acc-wp24-t09-bld\RobWorkSim\src\rwsimlibs\bullet\sdurwsim_bullet.vcxproj]
D:\10_Source_Repos\21_robot\RobWork\build\acc-wp24-t09-wt\RobWork\RobWorkSim\src\rwsimlibs\bullet\BtContactStrategy.cpp(330,46): warning C4244:         with [D:\10_Source_Repos\21_robot\RobWork\build\acc-wp24-t09-bld\RobWorkSim\src\rwsimlibs\bullet\sdurwsim_bullet.vcxproj]
D:\10_Source_Repos\21_robot\RobWork\build\acc-wp24-t09-wt\RobWork\RobWorkSim\src\rwsimlibs\bullet\BtContactStrategy.cpp(330,46): warning C4244:         [ [D:\10_Source_Repos\21_robot\RobWork\build\acc-wp24-t09-bld\RobWorkSim\src\rwsimlibs\bullet\sdurwsim_bullet.vcxproj]
D:\10_Source_Repos\21_robot\RobWork\build\acc-wp24-t09-wt\RobWork\RobWorkSim\src\rwsimlibs\bullet\BtContactStrategy.cpp(330,46): warning C4244:             T=double [D:\10_Source_Repos\21_robot\RobWork\build\acc-wp24-t09-bld\RobWorkSim\src\rwsimlibs\bullet\sdurwsim_bullet.vcxproj]
D:\10_Source_Repos\21_robot\RobWork\build\acc-wp24-t09-wt\RobWork\RobWorkSim\src\rwsimlibs\bullet\BtContactStrategy.cpp(330,46): warning C4244:         ] [D:\10_Source_Repos\21_robot\RobWork\build\acc-wp24-t09-bld\RobWorkSim\src\rwsimlibs\bullet\sdurwsim_bullet.vcxproj]
D:\10_Source_Repos\21_robot\RobWork\build\acc-wp24-t09-wt\RobWork\RobWorkSim\src\rwsimlibs\bullet\BtContactStrategy.cpp(330,35): warning C4244: “参数”: 从“const T”转换到“const btScalar”，可能丢失数据 [D:\10_Source_Repos\21_robot\RobWork\build\acc-wp24-t09-bld\RobWorkSim\src\rwsimlibs\bullet\sdurwsim_bullet.vcxproj]
D:\10_Source_Repos\21_robot\RobWork\build\acc-wp24-t09-wt\RobWork\RobWorkSim\src\rwsimlibs\bullet\BtContactStrategy.cpp(330,35): warning C4244:         with [D:\10_Source_Repos\21_robot\RobWork\build\acc-wp24-t09-bld\RobWorkSim\src\rwsimlibs\bullet\sdurwsim_bullet.vcxproj]
D:\10_Source_Repos\21_robot\RobWork\build\acc-wp24-t09-wt\RobWork\RobWorkSim\src\rwsimlibs\bullet\BtContactStrategy.cpp(330,35): warning C4244:         [ [D:\10_Source_Repos\21_robot\RobWork\build\acc-wp24-t09-bld\RobWorkSim\src\rwsimlibs\bullet\sdurwsim_bullet.vcxproj]
D:\10_Source_Repos\21_robot\RobWork\build\acc-wp24-t09-wt\RobWork\RobWorkSim\src\rwsimlibs\bullet\BtContactStrategy.cpp(330,35): warning C4244:             T=double [D:\10_Source_Repos\21_robot\RobWork\build\acc-wp24-t09-bld\RobWorkSim\src\rwsimlibs\bullet\sdurwsim_bullet.vcxproj]
D:\10_Source_Repos\21_robot\RobWork\build\acc-wp24-t09-wt\RobWork\RobWorkSim\src\rwsimlibs\bullet\BtContactStrategy.cpp(330,35): warning C4244:         ] [D:\10_Source_Repos\21_robot\RobWork\build\acc-wp24-t09-bld\RobWorkSim\src\rwsimlibs\bullet\sdurwsim_bullet.vcxproj]
D:\10_Source_Repos\21_robot\RobWork\build\acc-wp24-t09-wt\RobWork\RobWorkSim\src\rwsimlibs\bullet\BtContactStrategy.cpp(331,57): warning C4244: “参数”: 从“const T”转换到“const btScalar”，可能丢失数据 [D:\10_Source_Repos\21_robot\RobWork\build\acc-wp24-t09-bld\RobWorkSim\src\rwsimlibs\bullet\sdurwsim_bullet.vcxproj]
D:\10_Source_Repos\21_robot\RobWork\build\acc-wp24-t09-wt\RobWork\RobWorkSim\src\rwsimlibs\bullet\BtContactStrategy.cpp(331,57): warning C4244:         with [D:\10_Source_Repos\21_robot\RobWork\build\acc-wp24-t09-bld\RobWorkSim\src\rwsimlibs\bullet\sdurwsim_bullet.vcxproj]
D:\10_Source_Repos\21_robot\RobWork\build\acc-wp24-t09-wt\RobWork\RobWorkSim\src\rwsimlibs\bullet\BtContactStrategy.cpp(331,57): warning C4244:         [ [D:\10_Source_Repos\21_robot\RobWork\build\acc-wp24-t09-bld\RobWorkSim\src\rwsimlibs\bullet\sdurwsim_bullet.vcxproj]
D:\10_Source_Repos\21_robot\RobWork\build\acc-wp24-t09-wt\RobWork\RobWorkSim\src\rwsimlibs\bullet\BtContactStrategy.cpp(331,57): warning C4244:             T=double [D:\10_Source_Repos\21_robot\RobWork\build\acc-wp24-t09-bld\RobWorkSim\src\rwsimlibs\bullet\sdurwsim_bullet.vcxproj]
D:\10_Source_Repos\21_robot\RobWork\build\acc-wp24-t09-wt\RobWork\RobWorkSim\src\rwsimlibs\bullet\BtContactStrategy.cpp(331,57): warning C4244:         ] [D:\10_Source_Repos\21_robot\RobWork\build\acc-wp24-t09-bld\RobWorkSim\src\rwsimlibs\bullet\sdurwsim_bullet.vcxproj]
D:\10_Source_Repos\21_robot\RobWork\build\acc-wp24-t09-wt\RobWork\RobWorkSim\src\rwsimlibs\bullet\BtContactStrategy.cpp(331,46): warning C4244: “参数”: 从“const T”转换到“const btScalar”，可能丢失数据 [D:\10_Source_Repos\21_robot\RobWork\build\acc-wp24-t09-bld\RobWorkSim\src\rwsimlibs\bullet\sdurwsim_bullet.vcxproj]
D:\10_Source_Repos\21_robot\RobWork\build\acc-wp24-t09-wt\RobWork\RobWorkSim\src\rwsimlibs\bullet\BtContactStrategy.cpp(331,46): warning C4244:         with [D:\10_Source_Repos\21_robot\RobWork\build\acc-wp24-t09-bld\RobWorkSim\src\rwsimlibs\bullet\sdurwsim_bullet.vcxproj]
D:\10_Source_Repos\21_robot\RobWork\build\acc-wp24-t09-wt\RobWork\RobWorkSim\src\rwsimlibs\bullet\BtContactStrategy.cpp(331,46): warning C4244:         [ [D:\10_Source_Repos\21_robot\RobWork\build\acc-wp24-t09-bld\RobWorkSim\src\rwsimlibs\bullet\sdurwsim_bullet.vcxproj]
D:\10_Source_Repos\21_robot\RobWork\build\acc-wp24-t09-wt\RobWork\RobWorkSim\src\rwsimlibs\bullet\BtContactStrategy.cpp(331,46): warning C4244:             T=double [D:\10_Source_Repos\21_robot\RobWork\build\acc-wp24-t09-bld\RobWorkSim\src\rwsimlibs\bullet\sdurwsim_bullet.vcxproj]
D:\10_Source_Repos\21_robot\RobWork\build\acc-wp24-t09-wt\RobWork\RobWorkSim\src\rwsimlibs\bullet\BtContactStrategy.cpp(331,46): warning C4244:         ] [D:\10_Source_Repos\21_robot\RobWork\build\acc-wp24-t09-bld\RobWorkSim\src\rwsimlibs\bullet\sdurwsim_bullet.vcxproj]
D:\10_Source_Repos\21_robot\RobWork\build\acc-wp24-t09-wt\RobWork\RobWorkSim\src\rwsimlibs\bullet\BtContactStrategy.cpp(331,35): warning C4244: “参数”: 从“const T”转换到“const btScalar”，可能丢失数据 [D:\10_Source_Repos\21_robot\RobWork\build\acc-wp24-t09-bld\RobWorkSim\src\rwsimlibs\bullet\sdurwsim_bullet.vcxproj]
D:\10_Source_Repos\21_robot\RobWork\build\acc-wp24-t09-wt\RobWork\RobWorkSim\src\rwsimlibs\bullet\BtContactStrategy.cpp(331,35): warning C4244:         with [D:\10_Source_Repos\21_robot\RobWork\build\acc-wp24-t09-bld\RobWorkSim\src\rwsimlibs\bullet\sdurwsim_bullet.vcxproj]
D:\10_Source_Repos\21_robot\RobWork\build\acc-wp24-t09-wt\RobWork\RobWorkSim\src\rwsimlibs\bullet\BtContactStrategy.cpp(331,35): warning C4244:         [ [D:\10_Source_Repos\21_robot\RobWork\build\acc-wp24-t09-bld\RobWorkSim\src\rwsimlibs\bullet\sdurwsim_bullet.vcxproj]
D:\10_Source_Repos\21_robot\RobWork\build\acc-wp24-t09-wt\RobWork\RobWorkSim\src\rwsimlibs\bullet\BtContactStrategy.cpp(331,35): warning C4244:             T=double [D:\10_Source_Repos\21_robot\RobWork\build\acc-wp24-t09-bld\RobWorkSim\src\rwsimlibs\bullet\sdurwsim_bullet.vcxproj]
D:\10_Source_Repos\21_robot\RobWork\build\acc-wp24-t09-wt\RobWork\RobWorkSim\src\rwsimlibs\bullet\BtContactStrategy.cpp(331,35): warning C4244:         ] [D:\10_Source_Repos\21_robot\RobWork\build\acc-wp24-t09-bld\RobWorkSim\src\rwsimlibs\bullet\sdurwsim_bullet.vcxproj]
D:\10_Source_Repos\21_robot\RobWork\build\acc-wp24-t09-wt\RobWork\RobWorkSim\src\rwsimlibs\bullet\BtVelocityDevice.cpp(46,46): warning C4244: “参数”: 从“const double”转换到“btScalar”，可能丢失数据 [D:\10_Source_Repos\21_robot\RobWork\build\acc-wp24-t09-bld\RobWorkSim\src\rwsimlibs\bullet\sdurwsim_bullet.vcxproj]
D:\10_Source_Repos\21_robot\RobWork\build\acc-wp24-t09-wt\RobWork\RobWorkSim\src\rwsimlibs\bullet\BtVelocityDevice.cpp(51,48): warning C4244: “参数”: 从“const double”转换到“btScalar”，可能丢失数据 [D:\10_Source_Repos\21_robot\RobWork\build\acc-wp24-t09-bld\RobWorkSim\src\rwsimlibs\bullet\sdurwsim_bullet.vcxproj]
D:\10_Source_Repos\21_robot\RobWork\build\acc-wp24-t09-wt\RobWork\RobWorkSim\src\rwsimlibs\bullet\BtConstraint.cpp(134,17): warning C4305: “参数”: 从“double”到“btScalar”截断 [D:\10_Source_Repos\21_robot\RobWork\build\acc-wp24-t09-bld\RobWorkSim\src\rwsimlibs\bullet\sdurwsim_bullet.vcxproj]
D:\10_Source_Repos\21_robot\RobWork\build\acc-wp24-t09-wt\RobWork\RobWorkSim\src\rwsimlibs\bullet\BtConstraint.cpp(165,47): warning C4244: “参数”: 从“double”转换到“btScalar”，可能丢失数据 [D:\10_Source_Repos\21_robot\RobWork\build\acc-wp24-t09-bld\RobWorkSim\src\rwsimlibs\bullet\sdurwsim_bullet.vcxproj]
D:\10_Source_Repos\21_robot\RobWork\build\acc-wp24-t09-wt\RobWork\RobWorkSim\src\rwsimlibs\bullet\BtConstraint.cpp(166,57): warning C4244: “参数”: 从“const double”转换到“btScalar”，可能丢失数据 [D:\10_Source_Repos\21_robot\RobWork\build\acc-wp24-t09-bld\RobWorkSim\src\rwsimlibs\bullet\sdurwsim_bullet.vcxproj]
D:\10_Source_Repos\21_robot\RobWork\build\acc-wp24-t09-wt\RobWork\RobWorkSim\src\rwsimlibs\bullet\BtConstraint.cpp(202,47): warning C4244: “参数”: 从“double”转换到“btScalar”，可能丢失数据 [D:\10_Source_Repos\21_robot\RobWork\build\acc-wp24-t09-bld\RobWorkSim\src\rwsimlibs\bullet\sdurwsim_bullet.vcxproj]
D:\10_Source_Repos\21_robot\RobWork\build\acc-wp24-t09-wt\RobWork\RobWorkSim\src\rwsimlibs\bullet\BtConstraint.cpp(203,57): warning C4244: “参数”: 从“const double”转换到“btScalar”，可能丢失数据 [D:\10_Source_Repos\21_robot\RobWork\build\acc-wp24-t09-bld\RobWorkSim\src\rwsimlibs\bullet\sdurwsim_bullet.vcxproj]
D:\10_Source_Repos\21_robot\RobWork\build\acc-wp24-t09-wt\RobWork\RobWorkSim\src\rwsimlibs\bullet\BtConstraint.cpp(235,59): warning C4244: “参数”: 从“double”转换到“btScalar”，可能丢失数据 [D:\10_Source_Repos\21_robot\RobWork\build\acc-wp24-t09-bld\RobWorkSim\src\rwsimlibs\bullet\sdurwsim_bullet.vcxproj]
D:\10_Source_Repos\21_robot\RobWork\build\acc-wp24-t09-wt\RobWork\RobWorkSim\src\rwsimlibs\bullet\BtConstraint.cpp(236,69): warning C4244: “参数”: 从“const double”转换到“btScalar”，可能丢失数据 [D:\10_Source_Repos\21_robot\RobWork\build\acc-wp24-t09-bld\RobWorkSim\src\rwsimlibs\bullet\sdurwsim_bullet.vcxproj]
D:\10_Source_Repos\21_robot\RobWork\build\acc-wp24-t09-wt\RobWork\RobWorkSim\src\rwsimlibs\bullet\BtConstraint.cpp(266,63): warning C4244: “参数”: 从“double”转换到“btScalar”，可能丢失数据 [D:\10_Source_Repos\21_robot\RobWork\build\acc-wp24-t09-bld\RobWorkSim\src\rwsimlibs\bullet\sdurwsim_bullet.vcxproj]
D:\10_Source_Repos\21_robot\RobWork\build\acc-wp24-t09-wt\RobWork\RobWorkSim\src\rwsimlibs\bullet\BtConstraint.cpp(267,73): warning C4244: “参数”: 从“const double”转换到“btScalar”，可能丢失数据 [D:\10_Source_Repos\21_robot\RobWork\build\acc-wp24-t09-bld\RobWorkSim\src\rwsimlibs\bullet\sdurwsim_bullet.vcxproj]
D:\10_Source_Repos\21_robot\RobWork\build\acc-wp24-t09-wt\RobWork\RobWorkSim\src\rwsimlibs\bullet\BtConstraint.cpp(296,63): warning C4244: “参数”: 从“double”转换到“btScalar”，可能丢失数据 [D:\10_Source_Repos\21_robot\RobWork\build\acc-wp24-t09-bld\RobWorkSim\src\rwsimlibs\bullet\sdurwsim_bullet.vcxproj]
D:\10_Source_Repos\21_robot\RobWork\build\acc-wp24-t09-wt\RobWork\RobWorkSim\src\rwsimlibs\bullet\BtConstraint.cpp(297,73): warning C4244: “参数”: 从“const double”转换到“btScalar”，可能丢失数据 [D:\10_Source_Repos\21_robot\RobWork\build\acc-wp24-t09-bld\RobWorkSim\src\rwsimlibs\bullet\sdurwsim_bullet.vcxproj]
D:\10_Source_Repos\21_robot\RobWork\build\acc-wp24-t09-wt\RobWork\RobWorkSim\src\rwsimlibs\bullet\BtConstraint.cpp(341,59): warning C4244: “参数”: 从“double”转换到“btScalar”，可能丢失数据 [D:\10_Source_Repos\21_robot\RobWork\build\acc-wp24-t09-bld\RobWorkSim\src\rwsimlibs\bullet\sdurwsim_bullet.vcxproj]
D:\10_Source_Repos\21_robot\RobWork\build\acc-wp24-t09-wt\RobWork\RobWorkSim\src\rwsimlibs\bullet\BtConstraint.cpp(342,69): warning C4244: “参数”: 从“const double”转换到“btScalar”，可能丢失数据 [D:\10_Source_Repos\21_robot\RobWork\build\acc-wp24-t09-bld\RobWorkSim\src\rwsimlibs\bullet\sdurwsim_bullet.vcxproj]
D:\10_Source_Repos\21_robot\RobWork\build\acc-wp24-t09-wt\RobWork\RobWorkSim\src\rwsimlibs\bullet\BtConstraint.cpp(374,59): warning C4244: “参数”: 从“double”转换到“btScalar”，可能丢失数据 [D:\10_Source_Repos\21_robot\RobWork\build\acc-wp24-t09-bld\RobWorkSim\src\rwsimlibs\bullet\sdurwsim_bullet.vcxproj]
D:\10_Source_Repos\21_robot\RobWork\build\acc-wp24-t09-wt\RobWork\RobWorkSim\src\rwsimlibs\bullet\BtConstraint.cpp(375,69): warning C4244: “参数”: 从“const double”转换到“btScalar”，可能丢失数据 [D:\10_Source_Repos\21_robot\RobWork\build\acc-wp24-t09-bld\RobWorkSim\src\rwsimlibs\bullet\sdurwsim_bullet.vcxproj]
D:\10_Source_Repos\21_robot\RobWork\build\acc-wp24-t09-wt\RobWork\RobWorkSim\src\rwsimlibs\bullet\BtConstraint.cpp(405,57): warning C4244: “参数”: 从“double”转换到“btScalar”，可能丢失数据 [D:\10_Source_Repos\21_robot\RobWork\build\acc-wp24-t09-bld\RobWorkSim\src\rwsimlibs\bullet\sdurwsim_bullet.vcxproj]
D:\10_Source_Repos\21_robot\RobWork\build\acc-wp24-t09-wt\RobWork\RobWorkSim\src\rwsimlibs\bullet\BtConstraint.cpp(417,57): warning C4244: “参数”: 从“T”转换到“btScalar”，可能丢失数据 [D:\10_Source_Repos\21_robot\RobWork\build\acc-wp24-t09-bld\RobWorkSim\src\rwsimlibs\bullet\sdurwsim_bullet.vcxproj]
D:\10_Source_Repos\21_robot\RobWork\build\acc-wp24-t09-wt\RobWork\RobWorkSim\src\rwsimlibs\bullet\BtConstraint.cpp(417,57): warning C4244:         with [D:\10_Source_Repos\21_robot\RobWork\build\acc-wp24-t09-bld\RobWorkSim\src\rwsimlibs\bullet\sdurwsim_bullet.vcxproj]
D:\10_Source_Repos\21_robot\RobWork\build\acc-wp24-t09-wt\RobWork\RobWorkSim\src\rwsimlibs\bullet\BtConstraint.cpp(417,57): warning C4244:         [ [D:\10_Source_Repos\21_robot\RobWork\build\acc-wp24-t09-bld\RobWorkSim\src\rwsimlibs\bullet\sdurwsim_bullet.vcxproj]
D:\10_Source_Repos\21_robot\RobWork\build\acc-wp24-t09-wt\RobWork\RobWorkSim\src\rwsimlibs\bullet\BtConstraint.cpp(417,57): warning C4244:             T=double [D:\10_Source_Repos\21_robot\RobWork\build\acc-wp24-t09-bld\RobWorkSim\src\rwsimlibs\bullet\sdurwsim_bullet.vcxproj]
D:\10_Source_Repos\21_robot\RobWork\build\acc-wp24-t09-wt\RobWork\RobWorkSim\src\rwsimlibs\bullet\BtConstraint.cpp(417,57): warning C4244:         ] [D:\10_Source_Repos\21_robot\RobWork\build\acc-wp24-t09-bld\RobWorkSim\src\rwsimlibs\bullet\sdurwsim_bullet.vcxproj]
D:\10_Source_Repos\21_robot\RobWork\build\acc-wp24-t09-wt\RobWork\RobWorkSim\src\rwsimlibs\bullet\BtTactileSensor.cpp(116,79): warning C4244: “初始化”: 从“double”转换到“btScalar”，可能丢失数据 [D:\10_Source_Repos\21_robot\RobWork\build\acc-wp24-t09-bld\RobWorkSim\src\rwsimlibs\bullet\sdurwsim_bullet.vcxproj]
D:\10_Source_Repos\21_robot\RobWork\build\acc-wp24-t09-wt\RobWork\RobWorkSim\src\rwsimlibs\bullet\BtTactileSensor.cpp(116,50): warning C4244: “初始化”: 从“double”转换到“const btScalar”，可能丢失数据 [D:\10_Source_Repos\21_robot\RobWork\build\acc-wp24-t09-bld\RobWorkSim\src\rwsimlibs\bullet\sdurwsim_bullet.vcxproj]
D:\10_Source_Repos\21_robot\RobWork\build\acc-wp24-t09-wt\RobWork\RobWorkSim\src\rwsimlibs\bullet\BtTactileSensor.cpp(126,79): warning C4244: “初始化”: 从“double”转换到“btScalar”，可能丢失数据 [D:\10_Source_Repos\21_robot\RobWork\build\acc-wp24-t09-bld\RobWorkSim\src\rwsimlibs\bullet\sdurwsim_bullet.vcxproj]
D:\10_Source_Repos\21_robot\RobWork\build\acc-wp24-t09-wt\RobWork\RobWorkSim\src\rwsimlibs\bullet\BtTactileSensor.cpp(126,50): warning C4244: “初始化”: 从“double”转换到“const btScalar”，可能丢失数据 [D:\10_Source_Repos\21_robot\RobWork\build\acc-wp24-t09-bld\RobWorkSim\src\rwsimlibs\bullet\sdurwsim_bullet.vcxproj]
D:\10_Source_Repos\21_robot\RobWork\build\acc-wp24-t09-wt\RobWork\RobWorkSim\src\rwsimlibs\bullet\BtTactileSensor.cpp(138,79): warning C4244: “初始化”: 从“double”转换到“btScalar”，可能丢失数据 [D:\10_Source_Repos\21_robot\RobWork\build\acc-wp24-t09-bld\RobWorkSim\src\rwsimlibs\bullet\sdurwsim_bullet.vcxproj]
D:\10_Source_Repos\21_robot\RobWork\build\acc-wp24-t09-wt\RobWork\RobWorkSim\src\rwsimlibs\bullet\BtTactileSensor.cpp(138,50): warning C4244: “初始化”: 从“double”转换到“const btScalar”，可能丢失数据 [D:\10_Source_Repos\21_robot\RobWork\build\acc-wp24-t09-bld\RobWorkSim\src\rwsimlibs\bullet\sdurwsim_bullet.vcxproj]
D:\10_Source_Repos\21_robot\RobWork\build\acc-wp24-t09-wt\RobWork\RobWorkSim\src\rwsimlibs\bullet\BtTactileSensor.cpp(147,79): warning C4244: “初始化”: 从“double”转换到“btScalar”，可能丢失数据 [D:\10_Source_Repos\21_robot\RobWork\build\acc-wp24-t09-bld\RobWorkSim\src\rwsimlibs\bullet\sdurwsim_bullet.vcxproj]
D:\10_Source_Repos\21_robot\RobWork\build\acc-wp24-t09-wt\RobWork\RobWorkSim\src\rwsimlibs\bullet\BtTactileSensor.cpp(147,50): warning C4244: “初始化”: 从“double”转换到“const btScalar”，可能丢失数据 [D:\10_Source_Repos\21_robot\RobWork\build\acc-wp24-t09-bld\RobWorkSim\src\rwsimlibs\bullet\sdurwsim_bullet.vcxproj]
D:\10_Source_Repos\21_robot\RobWork\build\acc-wp24-t09-wt\RobWork\RobWorkSim\src\rwsimlibs\bullet\BtSimulator.cpp(135,49): warning C4244: “参数”: 从“double”转换到“btScalar”，可能丢失数据 [D:\10_Source_Repos\21_robot\RobWork\build\acc-wp24-t09-bld\RobWorkSim\src\rwsimlibs\bullet\sdurwsim_bullet.vcxproj]
D:\10_Source_Repos\21_robot\RobWork\build\acc-wp24-t09-wt\RobWork\RobWorkSim\src\rwsimlibs\bullet\BtSimulator.cpp(135,42): warning C4244: “参数”: 从“double”转换到“btScalar”，可能丢失数据 [D:\10_Source_Repos\21_robot\RobWork\build\acc-wp24-t09-bld\RobWorkSim\src\rwsimlibs\bullet\sdurwsim_bullet.vcxproj]
D:\10_Source_Repos\21_robot\RobWork\build\acc-wp24-t09-wt\RobWork\RobWorkSim\src\rwsimlibs\bullet\BtSimulator.cpp(280,56): warning C4244: “=”: 从“double”转换到“btScalar”，可能丢失数据 [D:\10_Source_Repos\21_robot\RobWork\build\acc-wp24-t09-bld\RobWorkSim\src\rwsimlibs\bullet\sdurwsim_bullet.vcxproj]
D:\10_Source_Repos\21_robot\RobWork\build\acc-wp24-t09-wt\RobWork\RobWorkSim\src\rwsimlibs\bullet\BtSimulator.cpp(281,59): warning C4244: “=”: 从“double”转换到“btScalar”，可能丢失数据 [D:\10_Source_Repos\21_robot\RobWork\build\acc-wp24-t09-bld\RobWorkSim\src\rwsimlibs\bullet\sdurwsim_bullet.vcxproj]
D:\10_Source_Repos\21_robot\RobWork\build\acc-wp24-t09-wt\RobWork\RobWorkSim\src\rwsimlibs\bullet\BtSimulator.cpp(326,82): warning C4244: “=”: 从“const T”转换到“btScalar”，可能丢失数据 [D:\10_Source_Repos\21_robot\RobWork\build\acc-wp24-t09-bld\RobWorkSim\src\rwsimlibs\bullet\sdurwsim_bullet.vcxproj]
D:\10_Source_Repos\21_robot\RobWork\build\acc-wp24-t09-wt\RobWork\RobWorkSim\src\rwsimlibs\bullet\BtSimulator.cpp(326,82): warning C4244:         with [D:\10_Source_Repos\21_robot\RobWork\build\acc-wp24-t09-bld\RobWorkSim\src\rwsimlibs\bullet\sdurwsim_bullet.vcxproj]
D:\10_Source_Repos\21_robot\RobWork\build\acc-wp24-t09-wt\RobWork\RobWorkSim\src\rwsimlibs\bullet\BtSimulator.cpp(326,82): warning C4244:         [ [D:\10_Source_Repos\21_robot\RobWork\build\acc-wp24-t09-bld\RobWorkSim\src\rwsimlibs\bullet\sdurwsim_bullet.vcxproj]
D:\10_Source_Repos\21_robot\RobWork\build\acc-wp24-t09-wt\RobWork\RobWorkSim\src\rwsimlibs\bullet\BtSimulator.cpp(326,82): warning C4244:             T=double [D:\10_Source_Repos\21_robot\RobWork\build\acc-wp24-t09-bld\RobWorkSim\src\rwsimlibs\bullet\sdurwsim_bullet.vcxproj]
D:\10_Source_Repos\21_robot\RobWork\build\acc-wp24-t09-wt\RobWork\RobWorkSim\src\rwsimlibs\bullet\BtSimulator.cpp(326,82): warning C4244:         ] [D:\10_Source_Repos\21_robot\RobWork\build\acc-wp24-t09-bld\RobWorkSim\src\rwsimlibs\bullet\sdurwsim_bullet.vcxproj]
D:\10_Source_Repos\21_robot\RobWork\build\acc-wp24-t09-wt\RobWork\RobWorkSim\src\rwsimlibs\bullet\BtSimulator.cpp(328,74): warning C4244: “=”: 从“const T”转换到“btScalar”，可能丢失数据 [D:\10_Source_Repos\21_robot\RobWork\build\acc-wp24-t09-bld\RobWorkSim\src\rwsimlibs\bullet\sdurwsim_bullet.vcxproj]
D:\10_Source_Repos\21_robot\RobWork\build\acc-wp24-t09-wt\RobWork\RobWorkSim\src\rwsimlibs\bullet\BtSimulator.cpp(328,74): warning C4244:         with [D:\10_Source_Repos\21_robot\RobWork\build\acc-wp24-t09-bld\RobWorkSim\src\rwsimlibs\bullet\sdurwsim_bullet.vcxproj]
D:\10_Source_Repos\21_robot\RobWork\build\acc-wp24-t09-wt\RobWork\RobWorkSim\src\rwsimlibs\bullet\BtSimulator.cpp(328,74): warning C4244:         [ [D:\10_Source_Repos\21_robot\RobWork\build\acc-wp24-t09-bld\RobWorkSim\src\rwsimlibs\bullet\sdurwsim_bullet.vcxproj]
D:\10_Source_Repos\21_robot\RobWork\build\acc-wp24-t09-wt\RobWork\RobWorkSim\src\rwsimlibs\bullet\BtSimulator.cpp(328,74): warning C4244:             T=double [D:\10_Source_Repos\21_robot\RobWork\build\acc-wp24-t09-bld\RobWorkSim\src\rwsimlibs\bullet\sdurwsim_bullet.vcxproj]
D:\10_Source_Repos\21_robot\RobWork\build\acc-wp24-t09-wt\RobWork\RobWorkSim\src\rwsimlibs\bullet\BtSimulator.cpp(328,74): warning C4244:         ] [D:\10_Source_Repos\21_robot\RobWork\build\acc-wp24-t09-bld\RobWorkSim\src\rwsimlibs\bullet\sdurwsim_bullet.vcxproj]
D:\10_Source_Repos\21_robot\RobWork\build\acc-wp24-t09-wt\RobWork\RobWorkSim\src\rwsimlibs\bullet\BtSimulator.cpp(331,35): warning C4244: “=”: 从“const T”转换到“btScalar”，可能丢失数据 [D:\10_Source_Repos\21_robot\RobWork\build\acc-wp24-t09-bld\RobWorkSim\src\rwsimlibs\bullet\sdurwsim_bullet.vcxproj]
D:\10_Source_Repos\21_robot\RobWork\build\acc-wp24-t09-wt\RobWork\RobWorkSim\src\rwsimlibs\bullet\BtSimulator.cpp(331,35): warning C4244:         with [D:\10_Source_Repos\21_robot\RobWork\build\acc-wp24-t09-bld\RobWorkSim\src\rwsimlibs\bullet\sdurwsim_bullet.vcxproj]
D:\10_Source_Repos\21_robot\RobWork\build\acc-wp24-t09-wt\RobWork\RobWorkSim\src\rwsimlibs\bullet\BtSimulator.cpp(331,35): warning C4244:         [ [D:\10_Source_Repos\21_robot\RobWork\build\acc-wp24-t09-bld\RobWorkSim\src\rwsimlibs\bullet\sdurwsim_bullet.vcxproj]
D:\10_Source_Repos\21_robot\RobWork\build\acc-wp24-t09-wt\RobWork\RobWorkSim\src\rwsimlibs\bullet\BtSimulator.cpp(331,35): warning C4244:             T=double [D:\10_Source_Repos\21_robot\RobWork\build\acc-wp24-t09-bld\RobWorkSim\src\rwsimlibs\bullet\sdurwsim_bullet.vcxproj]
D:\10_Source_Repos\21_robot\RobWork\build\acc-wp24-t09-wt\RobWork\RobWorkSim\src\rwsimlibs\bullet\BtSimulator.cpp(331,35): warning C4244:         ] [D:\10_Source_Repos\21_robot\RobWork\build\acc-wp24-t09-bld\RobWorkSim\src\rwsimlibs\bullet\sdurwsim_bullet.vcxproj]
  Auto build dll exports
    正在创建库 D:/10_Source_Repos/21_robot/RobWork/build/acc-wp24-t09-bld/RobWorkSim/libs/Release/sdurwsim_bullet.lib 和对象 D:/10_Source_Repos/21_robot/RobWork/build/acc-wp24-t09-bld/RobWorkSim/libs/Release/sdurwsim_bullet.exp
  sdurwsim_bullet.vcxproj -> D:\10_Source_Repos\21_robot\RobWork\build\acc-wp24-t09-bld\RobWorkSim\bin\Release\sdurwsim_bullet.dll
  Automatic MOC and UIC for target bt_plugin.rwplugin
  Building Custom Rule D:/10_Source_Repos/21_robot/RobWork/build/acc-wp24-t09-wt/RobWork/RobWorkSim/src/rwsimlibs/bullet/CMakeLists.txt
  BtPlugin.cpp
  mocs_compilation_Release.cpp
D:\10_Source_Repos\21_robot\RobWork\vcpkg\installed\x64-windows\include\eigen3\Eigen\src\Core\products\Parallelizer.h(144,50): error C2589: “(”:“::”右边的非法标记 [D:\10_Source_Repos\21_robot\RobWork\build\acc-wp24-t09-bld\RobWorkSim\src\rwsimlibs\bullet\bt_plugin.rwplugin.vcxproj]
  (编译源文件“../../../../../acc-wp24-t09-wt/RobWork/RobWorkSim/src/rwsimlibs/bullet/BtPlugin.cpp”)
  
D:\10_Source_Repos\21_robot\RobWork\vcpkg\installed\x64-windows\include\eigen3\Eigen\src\Core\products\Parallelizer.h(144,70): error C2059: 语法错误:“)” [D:\10_Source_Repos\21_robot\RobWork\build\acc-wp24-t09-bld\RobWorkSim\src\rwsimlibs\bullet\bt_plugin.rwplugin.vcxproj]
  (编译源文件“../../../../../acc-wp24-t09-wt/RobWork/RobWorkSim/src/rwsimlibs/bullet/BtPlugin.cpp”)
  
  Building Custom Rule D:/10_Source_Repos/21_robot/RobWork/build/acc-wp24-t09-wt/RobWork/RobWork/src/rwlibs/geometry/analytic_geometry/CMakeLists.txt
  QuadraticTestObjects.cpp
  Auto build dll exports
    正在创建库 D:/10_Source_Repos/21_robot/RobWork/build/acc-wp24-t09-bld/RobWork/libs/Release/sdurw_analytic_geometry.lib 和对象 D:/10_Source_Repos/21_robot/RobWork/build/acc-wp24-t09-bld/RobWork/libs/Release/sdurw_analytic_geometry.exp
  sdurw_analytic_geometry.vcxproj -> D:\10_Source_Repos\21_robot\RobWork\build\acc-wp24-t09-bld\RobWork\bin\Release\sdurw_analytic_geometry.dll
  Building Custom Rule D:/10_Source_Repos/21_robot/RobWork/build/acc-wp24-t09-wt/RobWork/RobWork/src/rwlibs/geometry/analytic_geometry/CMakeLists.txt
  AnalyticGeometryPlugin.cpp
    正在创建库 D:/10_Source_Repos/21_robot/RobWork/build/acc-wp24-t09-bld/RobWork/bin/Release/sdurw_analytic_geometry.rwplugin.lib 和对象 D:/10_Source_Repos/21_robot/RobWork/build/acc-wp24-t09-bld/RobWork/bin/Release/sdurw_analytic_geometry.rwplugin.exp
  sdurw_analytic_geometry.rwplugin.vcxproj -> D:\10_Source_Repos\21_robot\RobWork\build\acc-wp24-t09-bld\RobWork\bin\Release\sdurw_analytic_geometry.rwplugin.dll
  Building Custom Rule D:/10_Source_Repos/21_robot/RobWork/build/acc-wp24-t09-wt/RobWork/RobWork/src/rwlibs/proximitystrategies/CMakeLists.txt
  ProximityStrategyPlugin.cpp
    正在创建库 D:/10_Source_Repos/21_robot/RobWork/build/acc-wp24-t09-bld/RobWork/bin/Release/sdurw_proximitystrategies.rwplugin.lib 和对象 D:/10_Source_Repos/21_robot/RobWork/build/acc-wp24-t09-bld/RobWork/bin/Release/sdurw_proximitystrategies.rwplugin.exp
  sdurw_proximitystrategies.rwplugin.vcxproj -> D:\10_Source_Repos\21_robot\RobWork\build\acc-wp24-t09-bld\RobWork\bin\Release\sdurw_proximitystrategies.rwplugin.dll
  Building Custom Rule D:/10_Source_Repos/21_robot/RobWork/build/acc-wp24-t09-wt/RobWork/RobWork/ext/csgjs/src/CMakeLists.txt
  csgjs.cpp
  sdurw_csgjs.vcxproj -> D:\10_Source_Repos\21_robot\RobWork\build\acc-wp24-t09-bld\RobWork\libs\Release\sdurw_csgjs.lib
  Building Custom Rule D:/10_Source_Repos/21_robot/RobWork/build/acc-wp24-t09-wt/RobWork/RobWork/src/rwlibs/csg/CMakeLists.txt
  CSGModel.cpp
  CSGModelFactory.cpp
  CSGConvert.cpp
  CSGUtil.cpp
  Auto build dll exports
    正在创建库 D:/10_Source_Repos/21_robot/RobWork/build/acc-wp24-t09-bld/RobWork/libs/Release/sdurw_csg.lib 和对象 D:/10_Source_Repos/21_robot/RobWork/build/acc-wp24-t09-bld/RobWork/libs/Release/sdurw_csg.exp
  sdurw_csg.vcxproj -> D:\10_Source_Repos\21_robot\RobWork\build\acc-wp24-t09-bld\RobWork\bin\Release\sdurw_csg.dll
  Building Custom Rule D:/10_Source_Repos/21_robot/RobWork/build/acc-wp24-t09-wt/RobWork/RobWork/src/rwlibs/geometry/simplefinger/CMakeLists.txt
  SimpleFinger.cpp
  Auto build dll exports
    正在创建库 D:/10_Source_Repos/21_robot/RobWork/build/acc-wp24-t09-bld/RobWork/libs/Release/sdurw_simplefinger.lib 和对象 D:/10_Source_Repos/21_robot/RobWork/build/acc-wp24-t09-bld/RobWork/libs/Release/sdurw_simplefinger.exp
  sdurw_simplefinger.vcxproj -> D:\10_Source_Repos\21_robot\RobWork\build\acc-wp24-t09-bld\RobWork\bin\Release\sdurw_simplefinger.dll
  Building Custom Rule D:/10_Source_Repos/21_robot/RobWork/build/acc-wp24-t09-wt/RobWork/RobWork/src/rwlibs/geometry/simplefinger/CMakeLists.txt
  SimpleFingerPlugin.cpp
    正在创建库 D:/10_Source_Repos/21_robot/RobWork/build/acc-wp24-t09-bld/RobWork/bin/Release/sdurw_simplefinger.rwplugin.lib 和对象 D:/10_Source_Repos/21_robot/RobWork/build/acc-wp24-t09-bld/RobWork/bin/Release/sdurw_simplefinger.rwplugin.exp
  sdurw_simplefinger.rwplugin.vcxproj -> D:\10_Source_Repos\21_robot\RobWork\build\acc-wp24-t09-bld\RobWork\bin\Release\sdurw_simplefinger.rwplugin.dll
  Automatic MOC for target sdurws_atask
  Generating ui_ATaskVisPlugin.h
  Generating ui_StrategyLibraryDialog.h
  Generating ui_TaskSetupDialog.h
  Generating qrc_atask_resources.cpp
  Building Custom Rule D:/10_Source_Repos/21_robot/RobWork/build/acc-wp24-t09-wt/RobWork/RobWorkStudio/src/rwslibs/atask/CMakeLists.txt
  ATaskVisPlugin.cpp
  StrategyLibraryDialog.cpp
  TaskSetupDialog.cpp
  qrc_atask_resources.cpp
  mocs_compilation_Release.cpp
    正在创建库 D:/10_Source_Repos/21_robot/RobWork/build/acc-wp24-t09-bld/RobWorkStudio/libs/Release/sdurws_atask.lib 和对象 D:/10_Source_Repos/21_robot/RobWork/build/acc-wp24-t09-bld/RobWorkStudio/libs/Release/sdurws_atask.exp
  sdurws_atask.vcxproj -> D:\10_Source_Repos\21_robot\RobWork\build\acc-wp24-t09-bld\RobWorkStudio\libs\plugins\Release\sdurws_atask.dll
  D:\10_Source_Repos\21_robot\RobWork\vcpkg\installed\x64-windows\bin\boost_filesystem-vc143-mt-x64-1_92.dll -> D:\10_Source_Repos\21_robot\RobWork\build\acc-wp24-t09-bld\RobWorkStudio\libs\plugins\Release\boost_filesystem-vc143-mt-x64-1_92.dll done
  Automatic MOC for target sdurws_gtask
  Generating ui_GTaskVisPlugin.h
  Generating qrc_gtask_resources.cpp
  Building Custom Rule D:/10_Source_Repos/21_robot/RobWork/build/acc-wp24-t09-wt/RobWork/RobWorkStudio/src/rwslibs/gtask/CMakeLists.txt
  GTaskVisPlugin.cpp
  qrc_gtask_resources.cpp
  mocs_compilation_Release.cpp
    正在创建库 D:/10_Source_Repos/21_robot/RobWork/build/acc-wp24-t09-bld/RobWorkStudio/libs/Release/sdurws_gtask.lib 和对象 D:/10_Source_Repos/21_robot/RobWork/build/acc-wp24-t09-bld/RobWorkStudio/libs/Release/sdurws_gtask.exp
  sdurws_gtask.vcxproj -> D:\10_Source_Repos\21_robot\RobWork\build\acc-wp24-t09-bld\RobWorkStudio\libs\plugins\Release\sdurws_gtask.dll
  Automatic MOC for target sdurws_ird_core
  Building Custom Rule D:/10_Source_Repos/21_robot/RobWork/build/acc-wp24-t09-wt/RobWork/RobWorkStudio/src/rwslibs/industrialrobot/core/CMakeLists.txt
  Core.cpp
  Identity.cpp
  Digest.cpp
  Provenance.cpp
  Units.cpp
  Compare.cpp
  Evaluation.cpp
  DiagData.cpp
  Events.cpp
  mocs_compilation_Release.cpp
D:\10_Source_Repos\21_robot\RobWork\build\acc-wp24-t09-wt\RobWork\RobWorkStudio\src\rwslibs\industrialrobot\core\src\Units.cpp(174,16): warning C4099: “sdurws::ird::core::Quantity<sdurws::ird::core::QuantityKind::Length>”: 类型名称以前使用“struct”现在使用的是“class” [D:\10_Source_Repos\21_robot\RobWork\build\acc-wp24-t09-bld\RobWorkStudio\src\rwslibs\industrialrobot\core\sdurws_ird_core.vcxproj]
      D:\10_Source_Repos\21_robot\RobWork\build\acc-wp24-t09-wt\RobWork\RobWorkStudio\src\rwslibs\industrialrobot\core\include\sdurws\ird\core\Units.hpp(111,8):
      参见“sdurws::ird::core::Quantity<sdurws::ird::core::QuantityKind::Length>”的声明
  
D:\10_Source_Repos\21_robot\RobWork\build\acc-wp24-t09-wt\RobWork\RobWorkStudio\src\rwslibs\industrialrobot\core\src\Units.cpp(175,16): warning C4099: “sdurws::ird::core::Quantity<sdurws::ird::core::QuantityKind::Angle>”: 类型名称以前使用“struct”现在使用的是“class” [D:\10_Source_Repos\21_robot\RobWork\build\acc-wp24-t09-bld\RobWorkStudio\src\rwslibs\industrialrobot\core\sdurws_ird_core.vcxproj]
      D:\10_Source_Repos\21_robot\RobWork\build\acc-wp24-t09-wt\RobWork\RobWorkStudio\src\rwslibs\industrialrobot\core\include\sdurws\ird\core\Units.hpp(111,8):
      参见“sdurws::ird::core::Quantity<sdurws::ird::core::QuantityKind::Angle>”的声明
  
D:\10_Source_Repos\21_robot\RobWork\build\acc-wp24-t09-wt\RobWork\RobWorkStudio\src\rwslibs\industrialrobot\core\src\Units.cpp(176,16): warning C4099: “sdurws::ird::core::Quantity<sdurws::ird::core::QuantityKind::Mass>”: 类型名称以前使用“struct”现在使用的是“class” [D:\10_Source_Repos\21_robot\RobWork\build\acc-wp24-t09-bld\RobWorkStudio\src\rwslibs\industrialrobot\core\sdurws_ird_core.vcxproj]
      D:\10_Source_Repos\21_robot\RobWork\build\acc-wp24-t09-wt\RobWork\RobWorkStudio\src\rwslibs\industrialrobot\core\include\sdurws\ird\core\Units.hpp(111,8):
      参见“sdurws::ird::core::Quantity<sdurws::ird::core::QuantityKind::Mass>”的声明
  
D:\10_Source_Repos\21_robot\RobWork\build\acc-wp24-t09-wt\RobWork\RobWorkStudio\src\rwslibs\industrialrobot\core\src\Units.cpp(177,16): warning C4099: “sdurws::ird::core::Quantity<sdurws::ird::core::QuantityKind::Time>”: 类型名称以前使用“struct”现在使用的是“class” [D:\10_Source_Repos\21_robot\RobWork\build\acc-wp24-t09-bld\RobWorkStudio\src\rwslibs\industrialrobot\core\sdurws_ird_core.vcxproj]
      D:\10_Source_Repos\21_robot\RobWork\build\acc-wp24-t09-wt\RobWork\RobWorkStudio\src\rwslibs\industrialrobot\core\include\sdurws\ird\core\Units.hpp(111,8):
      参见“sdurws::ird::core::Quantity<sdurws::ird::core::QuantityKind::Time>”的声明
  
D:\10_Source_Repos\21_robot\RobWork\build\acc-wp24-t09-wt\RobWork\RobWorkStudio\src\rwslibs\industrialrobot\core\src\Units.cpp(178,16): warning C4099: “sdurws::ird::core::Quantity<sdurws::ird::core::QuantityKind::Force>”: 类型名称以前使用“struct”现在使用的是“class” [D:\10_Source_Repos\21_robot\RobWork\build\acc-wp24-t09-bld\RobWorkStudio\src\rwslibs\industrialrobot\core\sdurws_ird_core.vcxproj]
      D:\10_Source_Repos\21_robot\RobWork\build\acc-wp24-t09-wt\RobWork\RobWorkStudio\src\rwslibs\industrialrobot\core\include\sdurws\ird\core\Units.hpp(111,8):
      参见“sdurws::ird::core::Quantity<sdurws::ird::core::QuantityKind::Force>”的声明
  
D:\10_Source_Repos\21_robot\RobWork\build\acc-wp24-t09-wt\RobWork\RobWorkStudio\src\rwslibs\industrialrobot\core\src\Units.cpp(179,16): warning C4099: “sdurws::ird::core::Quantity<sdurws::ird::core::QuantityKind::Torque>”: 类型名称以前使用“struct”现在使用的是“class” [D:\10_Source_Repos\21_robot\RobWork\build\acc-wp24-t09-bld\RobWorkStudio\src\rwslibs\industrialrobot\core\sdurws_ird_core.vcxproj]
      D:\10_Source_Repos\21_robot\RobWork\build\acc-wp24-t09-wt\RobWork\RobWorkStudio\src\rwslibs\industrialrobot\core\include\sdurws\ird\core\Units.hpp(111,8):
      参见“sdurws::ird::core::Quantity<sdurws::ird::core::QuantityKind::Torque>”的声明
  
D:\10_Source_Repos\21_robot\RobWork\build\acc-wp24-t09-wt\RobWork\RobWorkStudio\src\rwslibs\industrialrobot\core\src\Units.cpp(180,16): warning C4099: “sdurws::ird::core::Quantity<sdurws::ird::core::QuantityKind::Inertia>”: 类型名称以前使用“struct”现在使用的是“class” [D:\10_Source_Repos\21_robot\RobWork\build\acc-wp24-t09-bld\RobWorkStudio\src\rwslibs\industrialrobot\core\sdurws_ird_core.vcxproj]
      D:\10_Source_Repos\21_robot\RobWork\build\acc-wp24-t09-wt\RobWork\RobWorkStudio\src\rwslibs\industrialrobot\core\include\sdurws\ird\core\Units.hpp(111,8):
      参见“sdurws::ird::core::Quantity<sdurws::ird::core::QuantityKind::Inertia>”的声明
  
D:\10_Source_Repos\21_robot\RobWork\build\acc-wp24-t09-wt\RobWork\RobWorkStudio\src\rwslibs\industrialrobot\core\src\Units.cpp(181,16): warning C4099: “sdurws::ird::core::Quantity<sdurws::ird::core::QuantityKind::Power>”: 类型名称以前使用“struct”现在使用的是“class” [D:\10_Source_Repos\21_robot\RobWork\build\acc-wp24-t09-bld\RobWorkStudio\src\rwslibs\industrialrobot\core\sdurws_ird_core.vcxproj]
      D:\10_Source_Repos\21_robot\RobWork\build\acc-wp24-t09-wt\RobWork\RobWorkStudio\src\rwslibs\industrialrobot\core\include\sdurws\ird\core\Units.hpp(111,8):
      参见“sdurws::ird::core::Quantity<sdurws::ird::core::QuantityKind::Power>”的声明
  
D:\10_Source_Repos\21_robot\RobWork\build\acc-wp24-t09-wt\RobWork\RobWorkStudio\src\rwslibs\industrialrobot\core\src\Units.cpp(182,16): warning C4099: “sdurws::ird::core::Quantity<sdurws::ird::core::QuantityKind::LinearVelocity>”: 类型名称以前使用“struct”现在使用的是“class” [D:\10_Source_Repos\21_robot\RobWork\build\acc-wp24-t09-bld\RobWorkStudio\src\rwslibs\industrialrobot\core\sdurws_ird_core.vcxproj]
      D:\10_Source_Repos\21_robot\RobWork\build\acc-wp24-t09-wt\RobWork\RobWorkStudio\src\rwslibs\industrialrobot\core\include\sdurws\ird\core\Units.hpp(111,8):
      参见“sdurws::ird::core::Quantity<sdurws::ird::core::QuantityKind::LinearVelocity>”的声明
  
D:\10_Source_Repos\21_robot\RobWork\build\acc-wp24-t09-wt\RobWork\RobWorkStudio\src\rwslibs\industrialrobot\core\src\Units.cpp(183,16): warning C4099: “sdurws::ird::core::Quantity<sdurws::ird::core::QuantityKind::AngularVelocity>”: 类型名称以前使用“struct”现在使用的是“class” [D:\10_Source_Repos\21_robot\RobWork\build\acc-wp24-t09-bld\RobWorkStudio\src\rwslibs\industrialrobot\core\sdurws_ird_core.vcxproj]
      D:\10_Source_Repos\21_robot\RobWork\build\acc-wp24-t09-wt\RobWork\RobWorkStudio\src\rwslibs\industrialrobot\core\include\sdurws\ird\core\Units.hpp(111,8):
      参见“sdurws::ird::core::Quantity<sdurws::ird::core::QuantityKind::AngularVelocity>”的声明
  
D:\10_Source_Repos\21_robot\RobWork\build\acc-wp24-t09-wt\RobWork\RobWorkStudio\src\rwslibs\industrialrobot\core\src\Units.cpp(184,16): warning C4099: “sdurws::ird::core::Quantity<sdurws::ird::core::QuantityKind::LinearAcceleration>”: 类型名称以前使用“struct”现在使用的是“class” [D:\10_Source_Repos\21_robot\RobWork\build\acc-wp24-t09-bld\RobWorkStudio\src\rwslibs\industrialrobot\core\sdurws_ird_core.vcxproj]
      D:\10_Source_Repos\21_robot\RobWork\build\acc-wp24-t09-wt\RobWork\RobWorkStudio\src\rwslibs\industrialrobot\core\include\sdurws\ird\core\Units.hpp(111,8):
      参见“sdurws::ird::core::Quantity<sdurws::ird::core::QuantityKind::LinearAcceleration>”的声明
  
D:\10_Source_Repos\21_robot\RobWork\build\acc-wp24-t09-wt\RobWork\RobWorkStudio\src\rwslibs\industrialrobot\core\src\Units.cpp(185,16): warning C4099: “sdurws::ird::core::Quantity<sdurws::ird::core::QuantityKind::AngularAcceleration>”: 类型名称以前使用“struct”现在使用的是“class” [D:\10_Source_Repos\21_robot\RobWork\build\acc-wp24-t09-bld\RobWorkStudio\src\rwslibs\industrialrobot\core\sdurws_ird_core.vcxproj]
      D:\10_Source_Repos\21_robot\RobWork\build\acc-wp24-t09-wt\RobWork\RobWorkStudio\src\rwslibs\industrialrobot\core\include\sdurws\ird\core\Units.hpp(111,8):
      参见“sdurws::ird::core::Quantity<sdurws::ird::core::QuantityKind::AngularAcceleration>”的声明
  
D:\10_Source_Repos\21_robot\RobWork\build\acc-wp24-t09-wt\RobWork\RobWorkStudio\src\rwslibs\industrialrobot\core\src\Units.cpp(186,16): warning C4099: “sdurws::ird::core::Quantity<sdurws::ird::core::QuantityKind::Voltage>”: 类型名称以前使用“struct”现在使用的是“class” [D:\10_Source_Repos\21_robot\RobWork\build\acc-wp24-t09-bld\RobWorkStudio\src\rwslibs\industrialrobot\core\sdurws_ird_core.vcxproj]
      D:\10_Source_Repos\21_robot\RobWork\build\acc-wp24-t09-wt\RobWork\RobWorkStudio\src\rwslibs\industrialrobot\core\include\sdurws\ird\core\Units.hpp(111,8):
      参见“sdurws::ird::core::Quantity<sdurws::ird::core::QuantityKind::Voltage>”的声明
  
D:\10_Source_Repos\21_robot\RobWork\build\acc-wp24-t09-wt\RobWork\RobWorkStudio\src\rwslibs\industrialrobot\core\src\Units.cpp(187,16): warning C4099: “sdurws::ird::core::Quantity<sdurws::ird::core::QuantityKind::Dimensionless>”: 类型名称以前使用“struct”现在使用的是“class” [D:\10_Source_Repos\21_robot\RobWork\build\acc-wp24-t09-bld\RobWorkStudio\src\rwslibs\industrialrobot\core\sdurws_ird_core.vcxproj]
      D:\10_Source_Repos\21_robot\RobWork\build\acc-wp24-t09-wt\RobWork\RobWorkStudio\src\rwslibs\industrialrobot\core\include\sdurws\ird\core\Units.hpp(111,8):
      参见“sdurws::ird::core::Quantity<sdurws::ird::core::QuantityKind::Dimensionless>”的声明
  
  sdurws_ird_core.vcxproj -> D:\10_Source_Repos\21_robot\RobWork\build\acc-wp24-t09-bld\RobWorkStudio\libs\Release\sdurws_ird_core.lib
  Automatic MOC for target sdurws_ird_diagnostics
  Building Custom Rule D:/10_Source_Repos/21_robot/RobWork/build/acc-wp24-t09-wt/RobWork/RobWorkStudio/src/rwslibs/industrialrobot/diagnostics/CMakeLists.txt
  Diagnostics.cpp
  Errors.cpp
  DiagCodes.cpp
  ParamSchema.cpp
  Catalog.cpp
  Factory.cpp
  Confirmable.cpp
  Aggregation.cpp
  Logging.cpp
  Redaction.cpp
  CrashReport.cpp
  mocs_compilation_Release.cpp
  sdurws_ird_diagnostics.vcxproj -> D:\10_Source_Repos\21_robot\RobWork\build\acc-wp24-t09-bld\RobWorkStudio\libs\Release\sdurws_ird_diagnostics.lib
  Automatic MOC for target sdurws_ird_evidence
  Building Custom Rule D:/10_Source_Repos/21_robot/RobWork/build/acc-wp24-t09-wt/RobWork/RobWorkStudio/src/rwslibs/industrialrobot/evidence/CMakeLists.txt
  Evidence.cpp
  Errors.cpp
  Snapshot.cpp
  Slice.cpp
  Verdict.cpp
  Envelope.cpp
  Currentness.cpp
  Compatibility.cpp
  Evaluator.cpp
  mocs_compilation_Release.cpp
  sdurws_ird_evidence.vcxproj -> D:\10_Source_Repos\21_robot\RobWork\build\acc-wp24-t09-bld\RobWorkStudio\libs\Release\sdurws_ird_evidence.lib
  Automatic MOC for target sdurws_ird_project
  Building Custom Rule D:/10_Source_Repos/21_robot/RobWork/build/acc-wp24-t09-wt/RobWork/RobWorkStudio/src/rwslibs/industrialrobot/project/CMakeLists.txt
  Project.cpp
  Codec.cpp
  ObjectStore.cpp
  RevisionIndex.cpp
  TxEngine.cpp
  ProjectStoreImpl.cpp
  QueryPortImpl.cpp
  CommandServiceImpl.cpp
  ConfirmationFlow.cpp
  DraftServiceImpl.cpp
  UndoRedoServiceImpl.cpp
  ArchiveServiceImpl.cpp
  AtomicFile.cpp
  StoreLock.cpp
  PathCanonical.cpp
  mocs_compilation_Release.cpp
  sdurws_ird_project.vcxproj -> D:\10_Source_Repos\21_robot\RobWork\build\acc-wp24-t09-bld\RobWorkStudio\libs\Release\sdurws_ird_project.lib
  Automatic MOC for target sdurws_ird_execution
  Building Custom Rule D:/10_Source_Repos/21_robot/RobWork/build/acc-wp24-t09-wt/RobWork/RobWorkStudio/src/rwslibs/industrialrobot/execution/CMakeLists.txt
  Execution.cpp
  Errors.cpp
  TaskTypes.cpp
  StateMachine.cpp
  Controller.cpp
  Scheduler.cpp
  RunRegistry.cpp
  Admission.cpp
  EventBus.cpp
  ChannelProtocol.cpp
  WorkerSupervisor.cpp
  Checkpoint.cpp
  CacheCoordinator.cpp
  ChannelPair.cpp
  JobScope.cpp
  MemProbe.cpp
  ProcessLauncher.cpp
  mocs_compilation_Release.cpp
D:\software\Microsoft Visual Studio\2022\Community\VC\Tools\MSVC\14.42.34433\include\xutility(4709,18): warning C4244: “=”: 从“const wchar_t”转换到“char”，可能丢失数据 [D:\10_Source_Repos\21_robot\RobWork\build\acc-wp24-t09-bld\RobWorkStudio\src\rwslibs\industrialrobot\execution\sdurws_ird_execution.vcxproj]
  (编译源文件“../../../../../../acc-wp24-t09-wt/RobWork/RobWorkStudio/src/rwslibs/industrialrobot/execution/src/WorkerSupervisor.cpp”)
      D:\software\Microsoft Visual Studio\2022\Community\VC\Tools\MSVC\14.42.34433\include\xutility(4709,18):
      模板实例化上下文(最早的实例化上下文)为
          D:\10_Source_Repos\21_robot\RobWork\build\acc-wp24-t09-wt\RobWork\RobWorkStudio\src\rwslibs\industrialrobot\execution\src\WorkerSupervisor.cpp(291,43):
          查看对正在编译的函数 模板 实例化“std::basic_string<char,std::char_traits<char>,std::allocator<char>>::basic_string<std::_String_const_iterator<std::_String_val<std::_Simple_types<_Elem>>>,0>(_Iter,_Iter,const _Alloc &)”的引用
          with
          [
              _Elem=wchar_t,
              _Iter=std::_String_const_iterator<std::_String_val<std::_Simple_types<wchar_t>>>,
              _Alloc=std::allocator<char>
          ]
              D:\10_Source_Repos\21_robot\RobWork\build\acc-wp24-t09-wt\RobWork\RobWorkStudio\src\rwslibs\industrialrobot\execution\src\WorkerSupervisor.cpp(289,38):
              请参阅 "sdurws::ird::execution::WorkerSupervisor::spawnNewWorker" 中对 "std::basic_string<char,std::char_traits<char>,std::allocator<char>>::basic_string" 的第一个引用
          D:\software\Microsoft Visual Studio\2022\Community\VC\Tools\MSVC\14.42.34433\include\xstring(793,17):
          查看对正在编译的函数 模板 实例化“void std::basic_string<char,std::char_traits<char>,std::allocator<char>>::_Construct_from_iter<const wchar_t*,const wchar_t*,_Size_type>(_Iter,const _Sent,_Size)”的引用
          with
          [
              _Size_type=unsigned __int64,
              _Iter=const wchar_t *,
              _Sent=const wchar_t *,
              _Size=unsigned __int64
          ]
          D:\software\Microsoft Visual Studio\2022\Community\VC\Tools\MSVC\14.42.34433\include\xstring(949,18):
          查看对正在编译的函数 模板 实例化“_OutIt *std::_Copy_n_unchecked4<const wchar_t*,_Size,char*>(_InIt,_SizeTy,_OutIt)”的引用
          with
          [
              _OutIt=char *,
              _Size=unsigned __int64,
              _InIt=const wchar_t *,
              _SizeTy=unsigned __int64
          ]
  
  sdurws_ird_execution.vcxproj -> D:\10_Source_Repos\21_robot\RobWork\build\acc-wp24-t09-bld\RobWorkStudio\libs\Release\sdurws_ird_execution.lib
  Automatic MOC for target sdurws_ird_io
  Building Custom Rule D:/10_Source_Repos/21_robot/RobWork/build/acc-wp24-t09-wt/RobWork/RobWorkStudio/src/rwslibs/industrialrobot/io/CMakeLists.txt
  Io.cpp
  SafePath.cpp
  Budget.cpp
  IoDiagnostics.cpp
  Csv.cpp
  Json.cpp
  ZipChannel.cpp
  ResourceIo.cpp
  TempArea.cpp
  AtomicFile.cpp
  Package.cpp
  mocs_compilation_Release.cpp
  sdurws_ird_io.vcxproj -> D:\10_Source_Repos\21_robot\RobWork\build\acc-wp24-t09-bld\RobWorkStudio\libs\Release\sdurws_ird_io.lib
  Automatic MOC for target sdurws_ird_policy
  Building Custom Rule D:/10_Source_Repos/21_robot/RobWork/build/acc-wp24-t09-wt/RobWork/RobWorkStudio/src/rwslibs/industrialrobot/policy/CMakeLists.txt
  Policy.cpp
  Errors.cpp
  Diagnostics.cpp
  PolicyInput.cpp
  PolicyParsing.cpp
  PolicyPort.cpp
  CollisionEvaluator.cpp
  CollisionQuery.cpp
  RobWorkCollisionEvaluator.cpp
  JointLimits.cpp
  Compatibility.cpp
  mocs_compilation_Release.cpp
  #include <rw/common/Exception.hpp> is deprecated use #include <rw/core/Exception.hpp> instead
  sdurws_ird_policy.vcxproj -> D:\10_Source_Repos\21_robot\RobWork\build\acc-wp24-t09-bld\RobWorkStudio\libs\Release\sdurws_ird_policy.lib
  Automatic MOC for target sdurws_ird_runtime
  Building Custom Rule D:/10_Source_Repos/21_robot/RobWork/build/acc-wp24-t09-wt/RobWork/RobWorkStudio/src/rwslibs/industrialrobot/runtime/CMakeLists.txt
  Runtime.cpp
  Errors.cpp
  DescriptionValidator.cpp
  CanonicalModel.cpp
  Codec.cpp
  NameMap.cpp
  BaseWorldTransform.cpp
  WorkCellCompiler.cpp
  DynamicWorkCellCompiler.cpp
  Snapshot.cpp
  HostPresentationView.cpp
  CacheKey.cpp
  CompilerImpl.cpp
  mocs_compilation_Release.cpp
  sdurws_ird_runtime.vcxproj -> D:\10_Source_Repos\21_robot\RobWork\build\acc-wp24-t09-bld\RobWorkStudio\libs\Release\sdurws_ird_runtime.lib
  Automatic MOC for target sdurws_ird_kinematics
  Building Custom Rule D:/10_Source_Repos/21_robot/RobWork/build/acc-wp24-t09-wt/RobWork/RobWorkStudio/src/rwslibs/industrialrobot/kinematics/CMakeLists.txt
  Errors.cpp
  DiagCodes.cpp
  Fk.cpp
  Evaluators.cpp
  Evidence.cpp
  KinTypes.cpp
  Bounds.cpp
  Ik.cpp
  SolutionSet.cpp
  Sampling.cpp
  Collision.cpp
  Commands.cpp
  Export.cpp
  Recompute.cpp
  AnalysisConfig.cpp
  Render.cpp
  mocs_compilation_Release.cpp
  sdurws_ird_kinematics.vcxproj -> D:\10_Source_Repos\21_robot\RobWork\build\acc-wp24-t09-bld\RobWorkStudio\libs\Release\sdurws_ird_kinematics.lib
  Automatic MOC for target sdurws_ird_ui
  Building Custom Rule D:/10_Source_Repos/21_robot/RobWork/build/acc-wp24-t09-wt/RobWork/RobWorkStudio/src/rwslibs/industrialrobot/ui/CMakeLists.txt
  Ui.cpp
  WorkbenchShell.cpp
  WorkbenchContent.cpp
  ShellSupport.cpp
  StatusProjection.cpp
  View3DPlaceholder.cpp
  CommandRegistry.cpp
  GlobalShortcutRegistry.cpp
  CommandPalette.cpp
  PolicySummaryCard.cpp
  FormEditCommon.cpp
  ParamTablePanel.cpp
  UiText.cpp
  StageNavigationModel.cpp
  AboutDialog.cpp
  UiSessionController.cpp
  DraftController.cpp
  DiagnosticPresentation.cpp
  CommandInteractionBridge.cpp
  TaskPresentation.cpp
  PluginUiRegistrar.cpp
  HostController.cpp
  RuntimePublishBridge.cpp
  SelectionService.cpp
  IndustrialProjectTree.cpp
  PropertyInspector.cpp
  mocs_compilation_Release.cpp
  sdurws_ird_ui.vcxproj -> D:\10_Source_Repos\21_robot\RobWork\build\acc-wp24-t09-bld\RobWorkStudio\libs\Release\sdurws_ird_ui.lib
  Automatic MOC for target sdurws_ird_kinematics_plugin
  Building Custom Rule D:/10_Source_Repos/21_robot/RobWork/build/acc-wp24-t09-wt/RobWork/RobWorkStudio/src/rwslibs/industrialrobot/kinematics/CMakeLists.txt
  KinPanelUnits.cpp
  KinPanelCommandCatalog.cpp
  KinPanelModel.cpp
  KinPanelFlows.cpp
  KinematicsPanelWidget.cpp
  KinematicsUiModule.cpp
  KinHostMigrationProviders.cpp
  KinematicsPluginAssembly.cpp
  mocs_compilation_Release.cpp
D:\10_Source_Repos\21_robot\RobWork\build\acc-wp24-t09-wt\RobWork\RobWorkStudio\src\rwslibs\industrialrobot\kinematics\plugin\KinPanelTypes.hpp(329,8): warning C4099: “sdurws::ird::kinematics::KinModuleSessionState”: 类型名称以前使用“class”现在使用的是“struct” [D:\10_Source_Repos\21_robot\RobWork\build\acc-wp24-t09-bld\RobWorkStudio\src\rwslibs\industrialrobot\kinematics\sdurws_ird_kinematics_plugin.vcxproj]
  (编译源文件“../../../../../../acc-wp24-t09-wt/RobWork/RobWorkStudio/src/rwslibs/industrialrobot/kinematics/plugin/KinematicsPluginAssembly.cpp”)
      D:\10_Source_Repos\21_robot\RobWork\build\acc-wp24-t09-wt\RobWork\RobWorkStudio\src\rwslibs\industrialrobot\kinematics\plugin\KinPanelTypes.hpp(329,8):
      参见“sdurws::ird::kinematics::KinModuleSessionState”的声明
  
  sdurws_ird_kinematics_plugin.vcxproj -> D:\10_Source_Repos\21_robot\RobWork\build\acc-wp24-t09-bld\RobWorkStudio\libs\Release\sdurws_ird_kinematics_plugin.lib
  Automatic MOC for target sdurws_ird_modeling
  Building Custom Rule D:/10_Source_Repos/21_robot/RobWork/build/acc-wp24-t09-wt/RobWork/RobWorkStudio/src/rwslibs/industrialrobot/modeling/CMakeLists.txt
  ObjectTypes.cpp
  Errors.cpp
  DiagCodes.cpp
  RobotDesign.cpp
  Parts.cpp
  Codec.cpp
  PropertyEstimation.cpp
  Import.cpp
  XacroExpand.cpp
  Template.cpp
  Readiness.cpp
  CommandHandlers.cpp
  DhConvert.cpp
  CanonicalBridge.cpp
  Package.cpp
  ModelDiff.cpp
  PackageWorkCell.cpp
  mocs_compilation_Release.cpp
  sdurws_ird_modeling.vcxproj -> D:\10_Source_Repos\21_robot\RobWork\build\acc-wp24-t09-bld\RobWorkStudio\libs\Release\sdurws_ird_modeling.lib
  Automatic MOC for target sdurws_ird_modeling_plugin
  Building Custom Rule D:/10_Source_Repos/21_robot/RobWork/build/acc-wp24-t09-wt/RobWork/RobWorkStudio/src/rwslibs/industrialrobot/modeling/CMakeLists.txt
  PanelModel.cpp
  PanelEditFlow.cpp
  PanelCommandCatalog.cpp
  HostMigrationProviders.cpp
  ModelingPanelWidget.cpp
  ModelingUiModule.cpp
  ModelingPluginAssembly.cpp
  mocs_compilation_Release.cpp
  sdurws_ird_modeling_plugin.vcxproj -> D:\10_Source_Repos\21_robot\RobWork\build\acc-wp24-t09-bld\RobWorkStudio\libs\Release\sdurws_ird_modeling_plugin.lib
  Automatic MOC for target sdurws_ird_requirements
  Building Custom Rule D:/10_Source_Repos/21_robot/RobWork/build/acc-wp24-t09-wt/RobWork/RobWorkStudio/src/rwslibs/industrialrobot/requirements/CMakeLists.txt
  ObjectTypes.cpp
  Errors.cpp
  DiagCodes.cpp
  RequirementTypes.cpp
  Codec.cpp
  Editor.cpp
  Services.cpp
  Sampling.cpp
  Import.cpp
  Readiness.cpp
  CommandHandlers.cpp
  OrientationResolution.cpp
  Capture.cpp
  TemplateArray.cpp
  mocs_compilation_Release.cpp
  sdurws_ird_requirements.vcxproj -> D:\10_Source_Repos\21_robot\RobWork\build\acc-wp24-t09-bld\RobWorkStudio\libs\Release\sdurws_ird_requirements.lib
  Automatic MOC for target sdurws_ird_requirements_plugin
  Building Custom Rule D:/10_Source_Repos/21_robot/RobWork/build/acc-wp24-t09-wt/RobWork/RobWorkStudio/src/rwslibs/industrialrobot/requirements/CMakeLists.txt
  PanelTreeModel.cpp
  PanelStationModel.cpp
  PanelRegionModel.cpp
  PanelConditionModel.cpp
  PanelValidationModel.cpp
  PanelCommandCatalog.cpp
  PanelEditFlow.cpp
  ImportWizardFlow.cpp
  HostMigrationProviders.cpp
  RequirementsPanelWidget.cpp
  RequirementsUiModule.cpp
  RequirementsPluginAssembly.cpp
  mocs_compilation_Release.cpp
  sdurws_ird_requirements_plugin.vcxproj -> D:\10_Source_Repos\21_robot\RobWork\build\acc-wp24-t09-bld\RobWorkStudio\libs\Release\sdurws_ird_requirements_plugin.lib
  Automatic MOC for target sdurws_ird_ui_plugin
  Building Custom Rule D:/10_Source_Repos/21_robot/RobWork/build/acc-wp24-t09-wt/RobWork/RobWorkStudio/src/rwslibs/industrialrobot/ui/CMakeLists.txt
  UiPlugin.cpp
  DomainAssembly.cpp
  DomainModuleRunner.cpp
  PortAdapters.cpp
  DiagnosticsAssembly.cpp
  mocs_compilation_Release.cpp
    正在创建库 D:/10_Source_Repos/21_robot/RobWork/build/acc-wp24-t09-bld/RobWorkStudio/libs/Release/sdurws_ird_ui_plugin.lib 和对象 D:/10_Source_Repos/21_robot/RobWork/build/acc-wp24-t09-bld/RobWorkStudio/libs/Release/sdurws_ird_ui_plugin.exp
  sdurws_ird_ui_plugin.vcxproj -> D:\10_Source_Repos\21_robot\RobWork\build\acc-wp24-t09-bld\RobWorkStudio\libs\Release\sdurws_ird_ui_plugin.dll
  D:\10_Source_Repos\21_robot\RobWork\vcpkg\installed\x64-windows\bin\boost_filesystem-vc143-mt-x64-1_92.dll -> D:\10_Source_Repos\21_robot\RobWork\build\acc-wp24-t09-bld\RobWorkStudio\libs\Release\boost_filesystem-vc143-mt-x64-1_92.dll done
  Automatic MOC for target sdurws_plugin.rwplugin
  Building Custom Rule D:/10_Source_Repos/21_robot/RobWork/build/acc-wp24-t09-wt/RobWork/RobWorkStudio/src/rws/CMakeLists.txt
  RWSImageLoaderPlugin.cpp
  mocs_compilation_Release.cpp
    正在创建库 D:/10_Source_Repos/21_robot/RobWork/build/acc-wp24-t09-bld/RobWorkStudio/bin/Release/sdurws_plugin.rwplugin.lib 和对象 D:/10_Source_Repos/21_robot/RobWork/build/acc-wp24-t09-bld/RobWorkStudio/bin/Release/sdurws_plugin.rwplugin.exp
  sdurws_plugin.rwplugin.vcxproj -> D:\10_Source_Repos\21_robot\RobWork\build\acc-wp24-t09-bld\RobWorkStudio\bin\Release\sdurws_plugin.rwplugin.dll
适用于 .NET Framework MSBuild 版本 17.12.6+db5f6012c

  pqp.vcxproj -> D:\10_Source_Repos\21_robot\RobWork\build\acc-wp24-t09-bld\RobWork\libs\Release\pqp.lib
  Automatic MOC for target qtpropertybrowser
  qtpropertybrowser.vcxproj -> D:\10_Source_Repos\21_robot\RobWork\build\acc-wp24-t09-bld\RobWorkStudio\libs\Release\qtpropertybrowser.lib
  Auto build dll exports
  sdurw_core.vcxproj -> D:\10_Source_Repos\21_robot\RobWork\build\acc-wp24-t09-bld\RobWork\bin\Release\sdurw_core.dll
  Auto build dll exports
  sdurw_common.vcxproj -> D:\10_Source_Repos\21_robot\RobWork\build\acc-wp24-t09-bld\RobWork\bin\Release\sdurw_common.dll
  Auto build dll exports
  sdurw_math.vcxproj -> D:\10_Source_Repos\21_robot\RobWork\build\acc-wp24-t09-bld\RobWork\bin\Release\sdurw_math.dll
  Auto build dll exports
  sdurw_kinematics.vcxproj -> D:\10_Source_Repos\21_robot\RobWork\build\acc-wp24-t09-bld\RobWork\bin\Release\sdurw_kinematics.dll
  Auto build dll exports
  sdurw_geometry.vcxproj -> D:\10_Source_Repos\21_robot\RobWork\build\acc-wp24-t09-bld\RobWork\bin\Release\sdurw_geometry.dll
  Auto build dll exports
  sdurw_sensor.vcxproj -> D:\10_Source_Repos\21_robot\RobWork\build\acc-wp24-t09-bld\RobWork\bin\Release\sdurw_sensor.dll
  Auto build dll exports
  sdurw_models.vcxproj -> D:\10_Source_Repos\21_robot\RobWork\build\acc-wp24-t09-bld\RobWork\bin\Release\sdurw_models.dll
  Auto build dll exports
  sdurw_control.vcxproj -> D:\10_Source_Repos\21_robot\RobWork\build\acc-wp24-t09-bld\RobWork\bin\Release\sdurw_control.dll
  Auto build dll exports
  sdurw_graphics.vcxproj -> D:\10_Source_Repos\21_robot\RobWork\build\acc-wp24-t09-bld\RobWork\bin\Release\sdurw_graphics.dll
  Auto build dll exports
  sdurw_proximity.vcxproj -> D:\10_Source_Repos\21_robot\RobWork\build\acc-wp24-t09-bld\RobWork\bin\Release\sdurw_proximity.dll
  Auto build dll exports
  sdurw_trajectory.vcxproj -> D:\10_Source_Repos\21_robot\RobWork\build\acc-wp24-t09-bld\RobWork\bin\Release\sdurw_trajectory.dll
  Auto build dll exports
  sdurw_invkin.vcxproj -> D:\10_Source_Repos\21_robot\RobWork\build\acc-wp24-t09-bld\RobWork\bin\Release\sdurw_invkin.dll
  Auto build dll exports
  sdurw_loaders.vcxproj -> D:\10_Source_Repos\21_robot\RobWork\build\acc-wp24-t09-bld\RobWork\bin\Release\sdurw_loaders.dll
  Auto build dll exports
  sdurw_opengl.vcxproj -> D:\10_Source_Repos\21_robot\RobWork\build\acc-wp24-t09-bld\RobWork\bin\Release\sdurw_opengl.dll
  yaobi.vcxproj -> D:\10_Source_Repos\21_robot\RobWork\build\acc-wp24-t09-bld\RobWork\libs\Release\yaobi.lib
  Auto build dll exports
  sdurw_proximitystrategies.vcxproj -> D:\10_Source_Repos\21_robot\RobWork\build\acc-wp24-t09-bld\RobWork\bin\Release\sdurw_proximitystrategies.dll
  Auto build dll exports
  sdurw_simulation.vcxproj -> D:\10_Source_Repos\21_robot\RobWork\build\acc-wp24-t09-bld\RobWork\bin\Release\sdurw_simulation.dll
  Auto build dll exports
  sdurw_task.vcxproj -> D:\10_Source_Repos\21_robot\RobWork\build\acc-wp24-t09-bld\RobWork\bin\Release\sdurw_task.dll
  Automatic MOC for target sdurws
  sdurws.vcxproj -> D:\10_Source_Repos\21_robot\RobWork\build\acc-wp24-t09-bld\RobWorkStudio\libs\Release\sdurws.lib
  Automatic MOC for target sdurws_ird_core
  sdurws_ird_core.vcxproj -> D:\10_Source_Repos\21_robot\RobWork\build\acc-wp24-t09-bld\RobWorkStudio\libs\Release\sdurws_ird_core.lib
  Automatic MOC for target sdurws_ird_diagnostics
  sdurws_ird_diagnostics.vcxproj -> D:\10_Source_Repos\21_robot\RobWork\build\acc-wp24-t09-bld\RobWorkStudio\libs\Release\sdurws_ird_diagnostics.lib
  Automatic MOC for target sdurws_ird_evidence
  sdurws_ird_evidence.vcxproj -> D:\10_Source_Repos\21_robot\RobWork\build\acc-wp24-t09-bld\RobWorkStudio\libs\Release\sdurws_ird_evidence.lib
  Automatic MOC for target sdurws_ird_project
  sdurws_ird_project.vcxproj -> D:\10_Source_Repos\21_robot\RobWork\build\acc-wp24-t09-bld\RobWorkStudio\libs\Release\sdurws_ird_project.lib
  Automatic MOC for target sdurws_ird_execution
  sdurws_ird_execution.vcxproj -> D:\10_Source_Repos\21_robot\RobWork\build\acc-wp24-t09-bld\RobWorkStudio\libs\Release\sdurws_ird_execution.lib
  Automatic MOC for target sdurws_ird_io
  sdurws_ird_io.vcxproj -> D:\10_Source_Repos\21_robot\RobWork\build\acc-wp24-t09-bld\RobWorkStudio\libs\Release\sdurws_ird_io.lib
  Automatic MOC for target sdurws_ird_policy
  sdurws_ird_policy.vcxproj -> D:\10_Source_Repos\21_robot\RobWork\build\acc-wp24-t09-bld\RobWorkStudio\libs\Release\sdurws_ird_policy.lib
  Auto build dll exports
  sdurw_algorithms.vcxproj -> D:\10_Source_Repos\21_robot\RobWork\build\acc-wp24-t09-bld\RobWork\bin\Release\sdurw_algorithms.dll
  Auto build dll exports
  sdurw_graspplanning.vcxproj -> D:\10_Source_Repos\21_robot\RobWork\build\acc-wp24-t09-bld\RobWork\bin\Release\sdurw_graspplanning.dll
  Auto build dll exports
  sdurw_pathplanning.vcxproj -> D:\10_Source_Repos\21_robot\RobWork\build\acc-wp24-t09-bld\RobWork\bin\Release\sdurw_pathplanning.dll
  Auto build dll exports
  sdurw_plugin.vcxproj -> D:\10_Source_Repos\21_robot\RobWork\build\acc-wp24-t09-bld\RobWork\bin\Release\sdurw_plugin.dll
  Auto build dll exports
  sdurw_assembly.vcxproj -> D:\10_Source_Repos\21_robot\RobWork\build\acc-wp24-t09-bld\RobWork\bin\Release\sdurw_assembly.dll
  Auto build dll exports
  sdurw_pathplanners.vcxproj -> D:\10_Source_Repos\21_robot\RobWork\build\acc-wp24-t09-bld\RobWork\bin\Release\sdurw_pathplanners.dll
  Automatic MOC and UIC for target sdurwsim
  Auto build dll exports
  sdurwsim.vcxproj -> D:\10_Source_Repos\21_robot\RobWork\build\acc-wp24-t09-bld\RobWorkSim\bin\Release\sdurwsim.dll
  Automatic MOC for target sdurws_ird_runtime
  sdurws_ird_runtime.vcxproj -> D:\10_Source_Repos\21_robot\RobWork\build\acc-wp24-t09-bld\RobWorkStudio\libs\Release\sdurws_ird_runtime.lib
  Automatic MOC for target sdurws_ird_kinematics
  sdurws_ird_kinematics.vcxproj -> D:\10_Source_Repos\21_robot\RobWork\build\acc-wp24-t09-bld\RobWorkStudio\libs\Release\sdurws_ird_kinematics.lib
  Automatic MOC for target sdurws_ird_ui
  sdurws_ird_ui.vcxproj -> D:\10_Source_Repos\21_robot\RobWork\build\acc-wp24-t09-bld\RobWorkStudio\libs\Release\sdurws_ird_ui.lib
  Automatic MOC for target sdurws_ird_kinematics_plugin
  sdurws_ird_kinematics_plugin.vcxproj -> D:\10_Source_Repos\21_robot\RobWork\build\acc-wp24-t09-bld\RobWorkStudio\libs\Release\sdurws_ird_kinematics_plugin.lib
  Automatic MOC for target sdurws_ird_modeling
  sdurws_ird_modeling.vcxproj -> D:\10_Source_Repos\21_robot\RobWork\build\acc-wp24-t09-bld\RobWorkStudio\libs\Release\sdurws_ird_modeling.lib
  Automatic MOC for target sdurws_ird_modeling_plugin
  sdurws_ird_modeling_plugin.vcxproj -> D:\10_Source_Repos\21_robot\RobWork\build\acc-wp24-t09-bld\RobWorkStudio\libs\Release\sdurws_ird_modeling_plugin.lib
  Automatic MOC for target sdurws_ird_requirements
  sdurws_ird_requirements.vcxproj -> D:\10_Source_Repos\21_robot\RobWork\build\acc-wp24-t09-bld\RobWorkStudio\libs\Release\sdurws_ird_requirements.lib
  Automatic MOC for target sdurws_ird_requirements_plugin
  sdurws_ird_requirements_plugin.vcxproj -> D:\10_Source_Repos\21_robot\RobWork\build\acc-wp24-t09-bld\RobWorkStudio\libs\Release\sdurws_ird_requirements_plugin.lib
  Automatic MOC for target sdurws_jog
  Generating qrc_resources.cpp
  Building Custom Rule D:/10_Source_Repos/21_robot/RobWork/build/acc-wp24-t09-wt/RobWork/RobWorkStudio/src/rwslibs/jog/CMakeLists.txt
  Jog.cpp
  SliderTab.cpp
  qrc_resources.cpp
  mocs_compilation_Release.cpp
  sdurws_jog.vcxproj -> D:\10_Source_Repos\21_robot\RobWork\build\acc-wp24-t09-bld\RobWorkStudio\libs\Release\sdurws_jog.lib
  Automatic MOC for target sdurws_log
  Generating qrc_resources.cpp
  Building Custom Rule D:/10_Source_Repos/21_robot/RobWork/build/acc-wp24-t09-wt/RobWork/RobWorkStudio/src/rwslibs/log/CMakeLists.txt
  ShowLog.cpp
  qrc_resources.cpp
  mocs_compilation_Release.cpp
  sdurws_log.vcxproj -> D:\10_Source_Repos\21_robot\RobWork\build\acc-wp24-t09-bld\RobWorkStudio\libs\Release\sdurws_log.lib
  Automatic MOC for target sdurws_playback
  Generating qrc_playback_resources.cpp
  Building Custom Rule D:/10_Source_Repos/21_robot/RobWork/build/acc-wp24-t09-wt/RobWork/RobWorkStudio/src/rwslibs/playback/CMakeLists.txt
  PlayBack.cpp
  Player.cpp
  StateDraw.cpp
  PlayBackSettings.cpp
  qrc_playback_resources.cpp
  mocs_compilation_Release.cpp
  sdurws_playback.vcxproj -> D:\10_Source_Repos\21_robot\RobWork\build\acc-wp24-t09-bld\RobWorkStudio\libs\Release\sdurws_playback.lib
  Automatic MOC for target sdurws_treeview
  Generating qrc_resources.cpp
  Building Custom Rule D:/10_Source_Repos/21_robot/RobWork/build/acc-wp24-t09-wt/RobWork/RobWorkStudio/src/rwslibs/treeview/CMakeLists.txt
  TreeView.cpp
  qrc_resources.cpp
  mocs_compilation_Release.cpp
  sdurws_treeview.vcxproj -> D:\10_Source_Repos\21_robot\RobWork\build\acc-wp24-t09-bld\RobWorkStudio\libs\Release\sdurws_treeview.lib
  Automatic MOC for target sdurws_ird_studio
  Building Custom Rule D:/10_Source_Repos/21_robot/RobWork/build/acc-wp24-t09-wt/RobWork/RobWorkStudio/src/rwslibs/industrialrobot/ui/CMakeLists.txt
  StudioMain.cpp
  UiPlugin.cpp
  DomainAssembly.cpp
  DomainModuleRunner.cpp
  PortAdapters.cpp
  DiagnosticsAssembly.cpp
  mocs_compilation_Release.cpp
    正在创建库 D:/10_Source_Repos/21_robot/RobWork/build/acc-wp24-t09-bld/RobWorkStudio/libs/Release/sdurws_ird_studio.lib 和对象 D:/10_Source_Repos/21_robot/RobWork/build/acc-wp24-t09-bld/RobWorkStudio/libs/Release/sdurws_ird_studio.exp
  sdurws_ird_studio.vcxproj -> D:\10_Source_Repos\21_robot\RobWork\build\acc-wp24-t09-bld\RobWorkStudio\bin\Release\sdurws_ird_studio.exe
  D:\10_Source_Repos\21_robot\RobWork\vcpkg\installed\x64-windows\bin\boost_filesystem-vc143-mt-x64-1_92.dll -> D:\10_Source_Repos\21_robot\RobWork\build\acc-wp24-t09-bld\RobWorkStudio\bin\Release\boost_filesystem-vc143-mt-x64-1_92.dll done
适用于 .NET Framework MSBuild 版本 17.12.6+db5f6012c

  Auto build dll exports
  sdurw_core.vcxproj -> D:\10_Source_Repos\21_robot\RobWork\build\acc-wp24-t09-bld\RobWork\bin\Release\sdurw_core.dll
  Auto build dll exports
  sdurw_common.vcxproj -> D:\10_Source_Repos\21_robot\RobWork\build\acc-wp24-t09-bld\RobWork\bin\Release\sdurw_common.dll
  Auto build dll exports
  sdurw_math.vcxproj -> D:\10_Source_Repos\21_robot\RobWork\build\acc-wp24-t09-bld\RobWork\bin\Release\sdurw_math.dll
  Automatic MOC for target sdurws_ird_core
  sdurws_ird_core.vcxproj -> D:\10_Source_Repos\21_robot\RobWork\build\acc-wp24-t09-bld\RobWorkStudio\libs\Release\sdurws_ird_core.lib
  Automatic MOC for target sdurws_ird_evidence
  sdurws_ird_evidence.vcxproj -> D:\10_Source_Repos\21_robot\RobWork\build\acc-wp24-t09-bld\RobWorkStudio\libs\Release\sdurws_ird_evidence.lib
  Automatic MOC for target sdurws_ird_execution_worker
  Building Custom Rule D:/10_Source_Repos/21_robot/RobWork/build/acc-wp24-t09-wt/RobWork/RobWorkStudio/src/rwslibs/industrialrobot/execution/CMakeLists.txt
  main.cpp
  ChannelProtocol.cpp
  Errors.cpp
  TaskTypes.cpp
  mocs_compilation_Release.cpp
D:\10_Source_Repos\21_robot\RobWork\build\acc-wp24-t09-wt\RobWork\RobWorkStudio\src\rwslibs\industrialrobot\execution\worker\main.cpp(54,9): warning C4005: “WIN32_LEAN_AND_MEAN”: 宏重定义 [D:\10_Source_Repos\21_robot\RobWork\build\acc-wp24-t09-bld\RobWorkStudio\src\rwslibs\industrialrobot\execution\sdurws_ird_execution_worker.vcxproj]
      D:\10_Source_Repos\21_robot\RobWork\build\acc-wp24-t09-wt\RobWork\RobWorkStudio\src\rwslibs\industrialrobot\execution\worker\main.cpp(54,9):
      之前在命令行上声明的“WIN32_LEAN_AND_MEAN”
  
D:\10_Source_Repos\21_robot\RobWork\build\acc-wp24-t09-wt\RobWork\RobWorkStudio\src\rwslibs\industrialrobot\execution\worker\main.cpp(55,9): warning C4005: “NOMINMAX”: 宏重定义 [D:\10_Source_Repos\21_robot\RobWork\build\acc-wp24-t09-bld\RobWorkStudio\src\rwslibs\industrialrobot\execution\sdurws_ird_execution_worker.vcxproj]
      D:\10_Source_Repos\21_robot\RobWork\build\acc-wp24-t09-wt\RobWork\RobWorkStudio\src\rwslibs\industrialrobot\execution\worker\main.cpp(55,9):
      之前在命令行上声明的“NOMINMAX”
  
D:\software\Microsoft Visual Studio\2022\Community\VC\Tools\MSVC\14.42.34433\include\xutility(4709,18): warning C4244: “=”: 从“const wchar_t”转换到“char”，可能丢失数据 [D:\10_Source_Repos\21_robot\RobWork\build\acc-wp24-t09-bld\RobWorkStudio\src\rwslibs\industrialrobot\execution\sdurws_ird_execution_worker.vcxproj]
  (编译源文件“../../../../../../acc-wp24-t09-wt/RobWork/RobWorkStudio/src/rwslibs/industrialrobot/execution/worker/main.cpp”)
      D:\software\Microsoft Visual Studio\2022\Community\VC\Tools\MSVC\14.42.34433\include\xutility(4709,18):
      模板实例化上下文(最早的实例化上下文)为
          D:\10_Source_Repos\21_robot\RobWork\build\acc-wp24-t09-wt\RobWork\RobWorkStudio\src\rwslibs\industrialrobot\execution\worker\main.cpp(299,37):
          查看对正在编译的函数 模板 实例化“std::basic_string<char,std::char_traits<char>,std::allocator<char>>::basic_string<std::_String_const_iterator<std::_String_val<std::_Simple_types<_Elem>>>,0>(_Iter,_Iter,const _Alloc &)”的引用
          with
          [
              _Elem=wchar_t,
              _Iter=std::_String_const_iterator<std::_String_val<std::_Simple_types<wchar_t>>>,
              _Alloc=std::allocator<char>
          ]
              D:\10_Source_Repos\21_robot\RobWork\build\acc-wp24-t09-wt\RobWork\RobWorkStudio\src\rwslibs\industrialrobot\execution\worker\main.cpp(299,37):
              请参阅 "`anonymous-namespace'::parseArgs" 中对 "std::basic_string<char,std::char_traits<char>,std::allocator<char>>::basic_string" 的第一个引用
          D:\software\Microsoft Visual Studio\2022\Community\VC\Tools\MSVC\14.42.34433\include\xstring(793,17):
          查看对正在编译的函数 模板 实例化“void std::basic_string<char,std::char_traits<char>,std::allocator<char>>::_Construct_from_iter<const wchar_t*,const wchar_t*,_Size_type>(_Iter,const _Sent,_Size)”的引用
          with
          [
              _Size_type=unsigned __int64,
              _Iter=const wchar_t *,
              _Sent=const wchar_t *,
              _Size=unsigned __int64
          ]
          D:\software\Microsoft Visual Studio\2022\Community\VC\Tools\MSVC\14.42.34433\include\xstring(949,18):
          查看对正在编译的函数 模板 实例化“_OutIt *std::_Copy_n_unchecked4<const wchar_t*,_Size,char*>(_InIt,_SizeTy,_OutIt)”的引用
          with
          [
              _OutIt=char *,
              _Size=unsigned __int64,
              _InIt=const wchar_t *,
              _SizeTy=unsigned __int64
          ]
  
  sdurws_ird_execution_worker.vcxproj -> D:\10_Source_Repos\21_robot\RobWork\build\acc-wp24-t09-bld\RobWorkStudio\bin\Release\sdurws_ird_execution_worker.exe
适用于 .NET Framework MSBuild 版本 17.12.6+db5f6012c

  pqp.vcxproj -> D:\10_Source_Repos\21_robot\RobWork\build\acc-wp24-t09-bld\RobWork\libs\Release\pqp.lib
  Auto build dll exports
  sdurw_core.vcxproj -> D:\10_Source_Repos\21_robot\RobWork\build\acc-wp24-t09-bld\RobWork\bin\Release\sdurw_core.dll
  Auto build dll exports
  sdurw_common.vcxproj -> D:\10_Source_Repos\21_robot\RobWork\build\acc-wp24-t09-bld\RobWork\bin\Release\sdurw_common.dll
  Auto build dll exports
  sdurw_math.vcxproj -> D:\10_Source_Repos\21_robot\RobWork\build\acc-wp24-t09-bld\RobWork\bin\Release\sdurw_math.dll
  Auto build dll exports
  sdurw_kinematics.vcxproj -> D:\10_Source_Repos\21_robot\RobWork\build\acc-wp24-t09-bld\RobWork\bin\Release\sdurw_kinematics.dll
  Auto build dll exports
  sdurw_geometry.vcxproj -> D:\10_Source_Repos\21_robot\RobWork\build\acc-wp24-t09-bld\RobWork\bin\Release\sdurw_geometry.dll
  Auto build dll exports
  sdurw_sensor.vcxproj -> D:\10_Source_Repos\21_robot\RobWork\build\acc-wp24-t09-bld\RobWork\bin\Release\sdurw_sensor.dll
  Auto build dll exports
  sdurw_models.vcxproj -> D:\10_Source_Repos\21_robot\RobWork\build\acc-wp24-t09-bld\RobWork\bin\Release\sdurw_models.dll
  Auto build dll exports
  sdurw_proximity.vcxproj -> D:\10_Source_Repos\21_robot\RobWork\build\acc-wp24-t09-bld\RobWork\bin\Release\sdurw_proximity.dll
  Auto build dll exports
  sdurw_trajectory.vcxproj -> D:\10_Source_Repos\21_robot\RobWork\build\acc-wp24-t09-bld\RobWork\bin\Release\sdurw_trajectory.dll
  Auto build dll exports
  sdurw_invkin.vcxproj -> D:\10_Source_Repos\21_robot\RobWork\build\acc-wp24-t09-bld\RobWork\bin\Release\sdurw_invkin.dll
  Auto build dll exports
  sdurw_algorithms.vcxproj -> D:\10_Source_Repos\21_robot\RobWork\build\acc-wp24-t09-bld\RobWork\bin\Release\sdurw_algorithms.dll
  Auto build dll exports
  sdurw_graphics.vcxproj -> D:\10_Source_Repos\21_robot\RobWork\build\acc-wp24-t09-bld\RobWork\bin\Release\sdurw_graphics.dll
  Auto build dll exports
  sdurw_graspplanning.vcxproj -> D:\10_Source_Repos\21_robot\RobWork\build\acc-wp24-t09-bld\RobWork\bin\Release\sdurw_graspplanning.dll
  Auto build dll exports
  sdurw_loaders.vcxproj -> D:\10_Source_Repos\21_robot\RobWork\build\acc-wp24-t09-bld\RobWork\bin\Release\sdurw_loaders.dll
  Auto build dll exports
  sdurw_pathplanning.vcxproj -> D:\10_Source_Repos\21_robot\RobWork\build\acc-wp24-t09-bld\RobWork\bin\Release\sdurw_pathplanning.dll
  Auto build dll exports
  sdurw_plugin.vcxproj -> D:\10_Source_Repos\21_robot\RobWork\build\acc-wp24-t09-bld\RobWork\bin\Release\sdurw_plugin.dll
  Auto build dll exports
  sdurw_task.vcxproj -> D:\10_Source_Repos\21_robot\RobWork\build\acc-wp24-t09-bld\RobWork\bin\Release\sdurw_task.dll
  Auto build dll exports
  sdurw_assembly.vcxproj -> D:\10_Source_Repos\21_robot\RobWork\build\acc-wp24-t09-bld\RobWork\bin\Release\sdurw_assembly.dll
  Auto build dll exports
  sdurw_control.vcxproj -> D:\10_Source_Repos\21_robot\RobWork\build\acc-wp24-t09-bld\RobWork\bin\Release\sdurw_control.dll
  Auto build dll exports
  sdurw_opengl.vcxproj -> D:\10_Source_Repos\21_robot\RobWork\build\acc-wp24-t09-bld\RobWork\bin\Release\sdurw_opengl.dll
  Auto build dll exports
  sdurw_pathplanners.vcxproj -> D:\10_Source_Repos\21_robot\RobWork\build\acc-wp24-t09-bld\RobWork\bin\Release\sdurw_pathplanners.dll
  yaobi.vcxproj -> D:\10_Source_Repos\21_robot\RobWork\build\acc-wp24-t09-bld\RobWork\libs\Release\yaobi.lib
  Auto build dll exports
  sdurw_proximitystrategies.vcxproj -> D:\10_Source_Repos\21_robot\RobWork\build\acc-wp24-t09-bld\RobWork\bin\Release\sdurw_proximitystrategies.dll
  Auto build dll exports
  sdurw_simulation.vcxproj -> D:\10_Source_Repos\21_robot\RobWork\build\acc-wp24-t09-bld\RobWork\bin\Release\sdurw_simulation.dll
  Automatic MOC and UIC for target sdurwsim
  Auto build dll exports
  sdurwsim.vcxproj -> D:\10_Source_Repos\21_robot\RobWork\build\acc-wp24-t09-bld\RobWorkSim\bin\Release\sdurwsim.dll
适用于 .NET Framework MSBuild 版本 17.12.6+db5f6012c

  Auto build dll exports
  sdurw_core.vcxproj -> D:\10_Source_Repos\21_robot\RobWork\build\acc-wp24-t09-bld\RobWork\bin\Release\sdurw_core.dll
  Auto build dll exports
  sdurw_common.vcxproj -> D:\10_Source_Repos\21_robot\RobWork\build\acc-wp24-t09-bld\RobWork\bin\Release\sdurw_common.dll
  Auto build dll exports
  sdurw_math.vcxproj -> D:\10_Source_Repos\21_robot\RobWork\build\acc-wp24-t09-bld\RobWork\bin\Release\sdurw_math.dll
  Auto build dll exports
  sdurw_kinematics.vcxproj -> D:\10_Source_Repos\21_robot\RobWork\build\acc-wp24-t09-bld\RobWork\bin\Release\sdurw_kinematics.dll
  Auto build dll exports
  sdurw_geometry.vcxproj -> D:\10_Source_Repos\21_robot\RobWork\build\acc-wp24-t09-bld\RobWork\bin\Release\sdurw_geometry.dll
  Auto build dll exports
  sdurw_sensor.vcxproj -> D:\10_Source_Repos\21_robot\RobWork\build\acc-wp24-t09-bld\RobWork\bin\Release\sdurw_sensor.dll
  Auto build dll exports
  sdurw_models.vcxproj -> D:\10_Source_Repos\21_robot\RobWork\build\acc-wp24-t09-bld\RobWork\bin\Release\sdurw_models.dll
  Auto build dll exports
  sdurw_graphics.vcxproj -> D:\10_Source_Repos\21_robot\RobWork\build\acc-wp24-t09-bld\RobWork\bin\Release\sdurw_graphics.dll
  Auto build dll exports
  sdurw_proximity.vcxproj -> D:\10_Source_Repos\21_robot\RobWork\build\acc-wp24-t09-bld\RobWork\bin\Release\sdurw_proximity.dll
  Auto build dll exports
  sdurw_trajectory.vcxproj -> D:\10_Source_Repos\21_robot\RobWork\build\acc-wp24-t09-bld\RobWork\bin\Release\sdurw_trajectory.dll
  Auto build dll exports
  sdurw_loaders.vcxproj -> D:\10_Source_Repos\21_robot\RobWork\build\acc-wp24-t09-bld\RobWork\bin\Release\sdurw_loaders.dll
  Building Custom Rule D:/10_Source_Repos/21_robot/RobWork/build/acc-wp24-t09-wt/RobWork/RobWork/src/rwlibs/calibration/CMakeLists.txt
  XmlCalibrationLoader.cpp
  XmlCalibrationSaver.cpp
  Calibration.cpp
  FixedFrameCalibration.cpp
  WorkCellCalibration.cpp
  Auto build dll exports
    正在创建库 D:/10_Source_Repos/21_robot/RobWork/build/acc-wp24-t09-bld/RobWork/libs/Release/sdurw_calibration.lib 和对象 D:/10_Source_Repos/21_robot/RobWork/build/acc-wp24-t09-bld/RobWork/libs/Release/sdurw_calibration.exp
  sdurw_calibration.vcxproj -> D:\10_Source_Repos\21_robot\RobWork\build\acc-wp24-t09-bld\RobWork\bin\Release\sdurw_calibration.dll
适用于 .NET Framework MSBuild 版本 17.12.6+db5f6012c

  pqp.vcxproj -> D:\10_Source_Repos\21_robot\RobWork\build\acc-wp24-t09-bld\RobWork\libs\Release\pqp.lib
  Auto build dll exports
  sdurw_core.vcxproj -> D:\10_Source_Repos\21_robot\RobWork\build\acc-wp24-t09-bld\RobWork\bin\Release\sdurw_core.dll
  Auto build dll exports
  sdurw_common.vcxproj -> D:\10_Source_Repos\21_robot\RobWork\build\acc-wp24-t09-bld\RobWork\bin\Release\sdurw_common.dll
  Auto build dll exports
  sdurw_math.vcxproj -> D:\10_Source_Repos\21_robot\RobWork\build\acc-wp24-t09-bld\RobWork\bin\Release\sdurw_math.dll
  Auto build dll exports
  sdurw_kinematics.vcxproj -> D:\10_Source_Repos\21_robot\RobWork\build\acc-wp24-t09-bld\RobWork\bin\Release\sdurw_kinematics.dll
  Auto build dll exports
  sdurw_geometry.vcxproj -> D:\10_Source_Repos\21_robot\RobWork\build\acc-wp24-t09-bld\RobWork\bin\Release\sdurw_geometry.dll
  Auto build dll exports
  sdurw_sensor.vcxproj -> D:\10_Source_Repos\21_robot\RobWork\build\acc-wp24-t09-bld\RobWork\bin\Release\sdurw_sensor.dll
  Auto build dll exports
  sdurw_models.vcxproj -> D:\10_Source_Repos\21_robot\RobWork\build\acc-wp24-t09-bld\RobWork\bin\Release\sdurw_models.dll
  Auto build dll exports
  sdurw_proximity.vcxproj -> D:\10_Source_Repos\21_robot\RobWork\build\acc-wp24-t09-bld\RobWork\bin\Release\sdurw_proximity.dll
  Auto build dll exports
  sdurw_trajectory.vcxproj -> D:\10_Source_Repos\21_robot\RobWork\build\acc-wp24-t09-bld\RobWork\bin\Release\sdurw_trajectory.dll
  Auto build dll exports
  sdurw_invkin.vcxproj -> D:\10_Source_Repos\21_robot\RobWork\build\acc-wp24-t09-bld\RobWork\bin\Release\sdurw_invkin.dll
  Auto build dll exports
  sdurw_pathplanning.vcxproj -> D:\10_Source_Repos\21_robot\RobWork\build\acc-wp24-t09-bld\RobWork\bin\Release\sdurw_pathplanning.dll
  Auto build dll exports
  sdurw_graphics.vcxproj -> D:\10_Source_Repos\21_robot\RobWork\build\acc-wp24-t09-bld\RobWork\bin\Release\sdurw_graphics.dll
  Auto build dll exports
  sdurw_loaders.vcxproj -> D:\10_Source_Repos\21_robot\RobWork\build\acc-wp24-t09-bld\RobWork\bin\Release\sdurw_loaders.dll
  yaobi.vcxproj -> D:\10_Source_Repos\21_robot\RobWork\build\acc-wp24-t09-bld\RobWork\libs\Release\yaobi.lib
  Auto build dll exports
  sdurw_proximitystrategies.vcxproj -> D:\10_Source_Repos\21_robot\RobWork\build\acc-wp24-t09-bld\RobWork\bin\Release\sdurw_proximitystrategies.dll
  Building Custom Rule D:/10_Source_Repos/21_robot/RobWork/build/acc-wp24-t09-wt/RobWork/RobWork/src/rwlibs/pathoptimization/CMakeLists.txt
  ClearanceOptimizer.cpp
  ClearanceCalculator.cpp
  MinimumClearanceCalculator.cpp
  PathLengthOptimizer.cpp
  Auto build dll exports
    正在创建库 D:/10_Source_Repos/21_robot/RobWork/build/acc-wp24-t09-bld/RobWork/libs/Release/sdurw_pathoptimization.lib 和对象 D:/10_Source_Repos/21_robot/RobWork/build/acc-wp24-t09-bld/RobWork/libs/Release/sdurw_pathoptimization.exp
  sdurw_pathoptimization.vcxproj -> D:\10_Source_Repos\21_robot\RobWork\build\acc-wp24-t09-bld\RobWork\bin\Release\sdurw_pathoptimization.dll
