适用于 .NET Framework MSBuild 版本 17.12.6+db5f6012c

  1>Checking Build System
  Automatic MOC for target qtpropertybrowser
  Building Custom Rule D:/10_Source_Repos/21_robot/acc-t17-r2-repro/RobWork/RobWork/ext/rwyaobi/CMakeLists.txt
  Building Custom Rule D:/10_Source_Repos/21_robot/acc-t17-r2-repro/RobWork/RobWork/ext/rwpqp/PQP/CMakeLists.txt
  Building Custom Rule D:/10_Source_Repos/21_robot/acc-t17-r2-repro/RobWork/RobWork/ext/csgjs/src/CMakeLists.txt
  Building Custom Rule D:/10_Source_Repos/21_robot/acc-t17-r2-repro/RobWork/RobWork/src/rw/core/CMakeLists.txt
  csgjs.cpp
  yaobi_mesh_interface.cpp
  yaobi_moments.cpp
  yaobi_obb_node.cpp
  yaobi_tree_builder.cpp
  yaobi_tri_overlap.cpp
  yaobi.cpp
  PQP.cpp
  Build.cpp
  BV.cpp
  Extension.cpp
  ExtensionPoint.cpp
  ExtensionRegistry.cpp
  Log.cpp
  LogStreamWriter.cpp
  Message.cpp
  RobWork.cpp
  Property.cpp
  TriDist.cpp
  PropertyBase.cpp
  PropertyMap.cpp
  PropertyValue.cpp
  PropertyValueBase.cpp
  AnyPtr.cpp
  PropertyType.cpp
  Event.cpp
  Exception.cpp
  LogWriter.cpp
  IOUtil.cpp
  Plugin.cpp
  StringUtil.cpp
  DOMElem.cpp
  DOMParser.cpp
  DOMCorePropertyMapLoader.cpp
  DOMCorePropertyMapSaver.cpp
  DOMCoreBasisTypes.cpp
  DOMPropertyMapFormat.cpp
  BoostXMLParser.cpp
  os.cpp
  Generating qrc_qtpropertybrowser.cpp
  sdurw_csgjs.vcxproj -> D:\10_Source_Repos\21_robot\acc-t17-r2-repro\build\RobWork\libs\Release\sdurw_csgjs.lib
  Building Custom Rule D:/10_Source_Repos/21_robot/acc-t17-r2-repro/RobWork/RobWorkStudio/ext/qtpropertybrowser/CMakeLists.txt
  pqp.vcxproj -> D:\10_Source_Repos\21_robot\acc-t17-r2-repro\build\RobWork\libs\Release\pqp.lib
  yaobi.vcxproj -> D:\10_Source_Repos\21_robot\acc-t17-r2-repro\build\RobWork\libs\Release\yaobi.lib
  qtpropertybrowser.cpp
  qtpropertymanager.cpp
  qteditorfactory.cpp
  qtvariantproperty.cpp
  qttreepropertybrowser.cpp
  qtbuttonpropertybrowser.cpp
  qtgroupboxpropertybrowser.cpp
  qtpropertybrowserutils.cpp
  qrc_qtpropertybrowser.cpp
  mocs_compilation_Release.cpp
D:\10_Source_Repos\21_robot\acc-t17-r2-repro\RobWork\RobWorkStudio\ext\qtpropertybrowser\src\qtvariantproperty.cpp(397,26): warning C4996: 'QVariant::Type': Use QMetaType::Type instead. [D:\10_Source_Repos\21_robot\acc-t17-r2-repro\build\RobWorkStudio\ext\qtpropertybrowser\qtpropertybrowser.vcxproj]
      D:\software\QT\6.11.1\msvc2022_64\include\QtCore\qvariant.h(149,70):
      参见“QVariant::Type”的声明
  
D:\10_Source_Repos\21_robot\acc-t17-r2-repro\RobWork\RobWorkStudio\ext\qtpropertybrowser\src\qtvariantproperty.cpp(401,26): warning C4996: 'QVariant::Type': Use QMetaType::Type instead. [D:\10_Source_Repos\21_robot\acc-t17-r2-repro\build\RobWorkStudio\ext\qtpropertybrowser\qtpropertybrowser.vcxproj]
      D:\software\QT\6.11.1\msvc2022_64\include\QtCore\qvariant.h(149,70):
      参见“QVariant::Type”的声明
  
D:\10_Source_Repos\21_robot\acc-t17-r2-repro\RobWork\RobWorkStudio\ext\qtpropertybrowser\src\qtvariantproperty.cpp(403,26): warning C4996: 'QVariant::Type': Use QMetaType::Type instead. [D:\10_Source_Repos\21_robot\acc-t17-r2-repro\build\RobWorkStudio\ext\qtpropertybrowser\qtpropertybrowser.vcxproj]
      D:\software\QT\6.11.1\msvc2022_64\include\QtCore\qvariant.h(149,70):
      参见“QVariant::Type”的声明
  
D:\10_Source_Repos\21_robot\acc-t17-r2-repro\RobWork\RobWorkStudio\ext\qtpropertybrowser\src\qtvariantproperty.cpp(966,46): warning C4996: 'QVariant::Type': Use QMetaType::Type instead. [D:\10_Source_Repos\21_robot\acc-t17-r2-repro\build\RobWorkStudio\ext\qtpropertybrowser\qtpropertybrowser.vcxproj]
      D:\software\QT\6.11.1\msvc2022_64\include\QtCore\qvariant.h(149,70):
      参见“QVariant::Type”的声明
  
D:\10_Source_Repos\21_robot\acc-t17-r2-repro\RobWork\RobWorkStudio\ext\qtpropertybrowser\src\qtvariantproperty.cpp(967,55): warning C4996: 'QVariant::Type': Use QMetaType::Type instead. [D:\10_Source_Repos\21_robot\acc-t17-r2-repro\build\RobWorkStudio\ext\qtpropertybrowser\qtpropertybrowser.vcxproj]
      D:\software\QT\6.11.1\msvc2022_64\include\QtCore\qvariant.h(149,70):
      参见“QVariant::Type”的声明
  
D:\10_Source_Repos\21_robot\acc-t17-r2-repro\RobWork\RobWorkStudio\ext\qtpropertybrowser\src\qtvariantproperty.cpp(967,99): warning C4996: 'QVariant::Type': Use QMetaType::Type instead. [D:\10_Source_Repos\21_robot\acc-t17-r2-repro\build\RobWorkStudio\ext\qtpropertybrowser\qtpropertybrowser.vcxproj]
      D:\software\QT\6.11.1\msvc2022_64\include\QtCore\qvariant.h(149,70):
      参见“QVariant::Type”的声明
  
D:\10_Source_Repos\21_robot\acc-t17-r2-repro\RobWork\RobWorkStudio\ext\qtpropertybrowser\src\qtvariantproperty.cpp(968,55): warning C4996: 'QVariant::Type': Use QMetaType::Type instead. [D:\10_Source_Repos\21_robot\acc-t17-r2-repro\build\RobWorkStudio\ext\qtpropertybrowser\qtpropertybrowser.vcxproj]
      D:\software\QT\6.11.1\msvc2022_64\include\QtCore\qvariant.h(149,70):
      参见“QVariant::Type”的声明
  
D:\10_Source_Repos\21_robot\acc-t17-r2-repro\RobWork\RobWorkStudio\ext\qtpropertybrowser\src\qtvariantproperty.cpp(968,99): warning C4996: 'QVariant::Type': Use QMetaType::Type instead. [D:\10_Source_Repos\21_robot\acc-t17-r2-repro\build\RobWorkStudio\ext\qtpropertybrowser\qtpropertybrowser.vcxproj]
      D:\software\QT\6.11.1\msvc2022_64\include\QtCore\qvariant.h(149,70):
      参见“QVariant::Type”的声明
  
D:\10_Source_Repos\21_robot\acc-t17-r2-repro\RobWork\RobWorkStudio\ext\qtpropertybrowser\src\qtvariantproperty.cpp(969,55): warning C4996: 'QVariant::Type': Use QMetaType::Type instead. [D:\10_Source_Repos\21_robot\acc-t17-r2-repro\build\RobWorkStudio\ext\qtpropertybrowser\qtpropertybrowser.vcxproj]
      D:\software\QT\6.11.1\msvc2022_64\include\QtCore\qvariant.h(149,70):
      参见“QVariant::Type”的声明
  
D:\10_Source_Repos\21_robot\acc-t17-r2-repro\RobWork\RobWorkStudio\ext\qtpropertybrowser\src\qtvariantproperty.cpp(969,102): warning C4996: 'QVariant::Type': Use QMetaType::Type instead. [D:\10_Source_Repos\21_robot\acc-t17-r2-repro\build\RobWorkStudio\ext\qtpropertybrowser\qtpropertybrowser.vcxproj]
      D:\software\QT\6.11.1\msvc2022_64\include\QtCore\qvariant.h(149,70):
      参见“QVariant::Type”的声明
  
D:\10_Source_Repos\21_robot\acc-t17-r2-repro\RobWork\RobWorkStudio\ext\qtpropertybrowser\src\qtvariantproperty.cpp(970,55): warning C4996: 'QVariant::Type': Use QMetaType::Type instead. [D:\10_Source_Repos\21_robot\acc-t17-r2-repro\build\RobWorkStudio\ext\qtpropertybrowser\qtpropertybrowser.vcxproj]
      D:\software\QT\6.11.1\msvc2022_64\include\QtCore\qvariant.h(149,70):
      参见“QVariant::Type”的声明
  
D:\10_Source_Repos\21_robot\acc-t17-r2-repro\RobWork\RobWorkStudio\ext\qtpropertybrowser\src\qtvariantproperty.cpp(970,100): warning C4996: 'QVariant::Type': Use QMetaType::Type instead. [D:\10_Source_Repos\21_robot\acc-t17-r2-repro\build\RobWorkStudio\ext\qtpropertybrowser\qtpropertybrowser.vcxproj]
      D:\software\QT\6.11.1\msvc2022_64\include\QtCore\qvariant.h(149,70):
      参见“QVariant::Type”的声明
  
D:\10_Source_Repos\21_robot\acc-t17-r2-repro\RobWork\RobWorkStudio\ext\qtpropertybrowser\src\qtvariantproperty.cpp(971,40): warning C4996: 'QVariant::Type': Use QMetaType::Type instead. [D:\10_Source_Repos\21_robot\acc-t17-r2-repro\build\RobWorkStudio\ext\qtpropertybrowser\qtpropertybrowser.vcxproj]
      D:\software\QT\6.11.1\msvc2022_64\include\QtCore\qvariant.h(149,70):
      参见“QVariant::Type”的声明
  
D:\10_Source_Repos\21_robot\acc-t17-r2-repro\RobWork\RobWorkStudio\ext\qtpropertybrowser\src\qtvariantproperty.cpp(971,57): warning C4996: 'QVariant::Type': Use QMetaType::Type instead. [D:\10_Source_Repos\21_robot\acc-t17-r2-repro\build\RobWorkStudio\ext\qtpropertybrowser\qtpropertybrowser.vcxproj]
      D:\software\QT\6.11.1\msvc2022_64\include\QtCore\qvariant.h(149,70):
      参见“QVariant::Type”的声明
  
D:\10_Source_Repos\21_robot\acc-t17-r2-repro\RobWork\RobWorkStudio\ext\qtpropertybrowser\src\qtvariantproperty.cpp(980,46): warning C4996: 'QVariant::Type': Use QMetaType::Type instead. [D:\10_Source_Repos\21_robot\acc-t17-r2-repro\build\RobWorkStudio\ext\qtpropertybrowser\qtpropertybrowser.vcxproj]
      D:\software\QT\6.11.1\msvc2022_64\include\QtCore\qvariant.h(149,70):
      参见“QVariant::Type”的声明
  
D:\10_Source_Repos\21_robot\acc-t17-r2-repro\RobWork\RobWorkStudio\ext\qtpropertybrowser\src\qtvariantproperty.cpp(981,55): warning C4996: 'QVariant::Type': Use QMetaType::Type instead. [D:\10_Source_Repos\21_robot\acc-t17-r2-repro\build\RobWorkStudio\ext\qtpropertybrowser\qtpropertybrowser.vcxproj]
      D:\software\QT\6.11.1\msvc2022_64\include\QtCore\qvariant.h(149,70):
      参见“QVariant::Type”的声明
  
D:\10_Source_Repos\21_robot\acc-t17-r2-repro\RobWork\RobWorkStudio\ext\qtpropertybrowser\src\qtvariantproperty.cpp(982,23): warning C4996: 'QVariant::Type': Use QMetaType::Type instead. [D:\10_Source_Repos\21_robot\acc-t17-r2-repro\build\RobWorkStudio\ext\qtpropertybrowser\qtpropertybrowser.vcxproj]
      D:\software\QT\6.11.1\msvc2022_64\include\QtCore\qvariant.h(149,70):
      参见“QVariant::Type”的声明
  
D:\10_Source_Repos\21_robot\acc-t17-r2-repro\RobWork\RobWorkStudio\ext\qtpropertybrowser\src\qtvariantproperty.cpp(983,55): warning C4996: 'QVariant::Type': Use QMetaType::Type instead. [D:\10_Source_Repos\21_robot\acc-t17-r2-repro\build\RobWorkStudio\ext\qtpropertybrowser\qtpropertybrowser.vcxproj]
      D:\software\QT\6.11.1\msvc2022_64\include\QtCore\qvariant.h(149,70):
      参见“QVariant::Type”的声明
  
D:\10_Source_Repos\21_robot\acc-t17-r2-repro\RobWork\RobWorkStudio\ext\qtpropertybrowser\src\qtvariantproperty.cpp(984,23): warning C4996: 'QVariant::Type': Use QMetaType::Type instead. [D:\10_Source_Repos\21_robot\acc-t17-r2-repro\build\RobWorkStudio\ext\qtpropertybrowser\qtpropertybrowser.vcxproj]
      D:\software\QT\6.11.1\msvc2022_64\include\QtCore\qvariant.h(149,70):
      参见“QVariant::Type”的声明
  
D:\10_Source_Repos\21_robot\acc-t17-r2-repro\RobWork\RobWorkStudio\ext\qtpropertybrowser\src\qtvariantproperty.cpp(985,55): warning C4996: 'QVariant::Type': Use QMetaType::Type instead. [D:\10_Source_Repos\21_robot\acc-t17-r2-repro\build\RobWorkStudio\ext\qtpropertybrowser\qtpropertybrowser.vcxproj]
      D:\software\QT\6.11.1\msvc2022_64\include\QtCore\qvariant.h(149,70):
      参见“QVariant::Type”的声明
  
D:\10_Source_Repos\21_robot\acc-t17-r2-repro\RobWork\RobWorkStudio\ext\qtpropertybrowser\src\qtvariantproperty.cpp(986,23): warning C4996: 'QVariant::Type': Use QMetaType::Type instead. [D:\10_Source_Repos\21_robot\acc-t17-r2-repro\build\RobWorkStudio\ext\qtpropertybrowser\qtpropertybrowser.vcxproj]
      D:\software\QT\6.11.1\msvc2022_64\include\QtCore\qvariant.h(149,70):
      参见“QVariant::Type”的声明
  
D:\10_Source_Repos\21_robot\acc-t17-r2-repro\RobWork\RobWorkStudio\ext\qtpropertybrowser\src\qtvariantproperty.cpp(987,55): warning C4996: 'QVariant::Type': Use QMetaType::Type instead. [D:\10_Source_Repos\21_robot\acc-t17-r2-repro\build\RobWorkStudio\ext\qtpropertybrowser\qtpropertybrowser.vcxproj]
      D:\software\QT\6.11.1\msvc2022_64\include\QtCore\qvariant.h(149,70):
      参见“QVariant::Type”的声明
  
D:\10_Source_Repos\21_robot\acc-t17-r2-repro\RobWork\RobWorkStudio\ext\qtpropertybrowser\src\qtvariantproperty.cpp(988,23): warning C4996: 'QVariant::Type': Use QMetaType::Type instead. [D:\10_Source_Repos\21_robot\acc-t17-r2-repro\build\RobWorkStudio\ext\qtpropertybrowser\qtpropertybrowser.vcxproj]
      D:\software\QT\6.11.1\msvc2022_64\include\QtCore\qvariant.h(149,70):
      参见“QVariant::Type”的声明
  
D:\10_Source_Repos\21_robot\acc-t17-r2-repro\RobWork\RobWorkStudio\ext\qtpropertybrowser\src\qtvariantproperty.cpp(989,55): warning C4996: 'QVariant::Type': Use QMetaType::Type instead. [D:\10_Source_Repos\21_robot\acc-t17-r2-repro\build\RobWorkStudio\ext\qtpropertybrowser\qtpropertybrowser.vcxproj]
      D:\software\QT\6.11.1\msvc2022_64\include\QtCore\qvariant.h(149,70):
      参见“QVariant::Type”的声明
  
D:\10_Source_Repos\21_robot\acc-t17-r2-repro\RobWork\RobWorkStudio\ext\qtpropertybrowser\src\qtvariantproperty.cpp(990,19): warning C4996: 'QVariant::Type': Use QMetaType::Type instead. [D:\10_Source_Repos\21_robot\acc-t17-r2-repro\build\RobWorkStudio\ext\qtpropertybrowser\qtpropertybrowser.vcxproj]
      D:\software\QT\6.11.1\msvc2022_64\include\QtCore\qvariant.h(149,70):
      参见“QVariant::Type”的声明
  
D:\10_Source_Repos\21_robot\acc-t17-r2-repro\RobWork\RobWorkStudio\ext\qtpropertybrowser\src\qtvariantproperty.cpp(991,40): warning C4996: 'QVariant::Type': Use QMetaType::Type instead. [D:\10_Source_Repos\21_robot\acc-t17-r2-repro\build\RobWorkStudio\ext\qtpropertybrowser\qtpropertybrowser.vcxproj]
      D:\software\QT\6.11.1\msvc2022_64\include\QtCore\qvariant.h(149,70):
      参见“QVariant::Type”的声明
  
D:\10_Source_Repos\21_robot\acc-t17-r2-repro\RobWork\RobWorkStudio\ext\qtpropertybrowser\src\qtvariantproperty.cpp(991,60): warning C4996: 'QVariant::Type': Use QMetaType::Type instead. [D:\10_Source_Repos\21_robot\acc-t17-r2-repro\build\RobWorkStudio\ext\qtpropertybrowser\qtpropertybrowser.vcxproj]
      D:\software\QT\6.11.1\msvc2022_64\include\QtCore\qvariant.h(149,70):
      参见“QVariant::Type”的声明
  
D:\10_Source_Repos\21_robot\acc-t17-r2-repro\RobWork\RobWorkStudio\ext\qtpropertybrowser\src\qtvariantproperty.cpp(1002,46): warning C4996: 'QVariant::Type': Use QMetaType::Type instead. [D:\10_Source_Repos\21_robot\acc-t17-r2-repro\build\RobWorkStudio\ext\qtpropertybrowser\qtpropertybrowser.vcxproj]
      D:\software\QT\6.11.1\msvc2022_64\include\QtCore\qvariant.h(149,70):
      参见“QVariant::Type”的声明
  
D:\10_Source_Repos\21_robot\acc-t17-r2-repro\RobWork\RobWorkStudio\ext\qtpropertybrowser\src\qtvariantproperty.cpp(1003,55): warning C4996: 'QVariant::Type': Use QMetaType::Type instead. [D:\10_Source_Repos\21_robot\acc-t17-r2-repro\build\RobWorkStudio\ext\qtpropertybrowser\qtpropertybrowser.vcxproj]
      D:\software\QT\6.11.1\msvc2022_64\include\QtCore\qvariant.h(149,70):
      参见“QVariant::Type”的声明
  
D:\10_Source_Repos\21_robot\acc-t17-r2-repro\RobWork\RobWorkStudio\ext\qtpropertybrowser\src\qtvariantproperty.cpp(1003,104): warning C4996: 'QVariant::Type': Use QMetaType::Type instead. [D:\10_Source_Repos\21_robot\acc-t17-r2-repro\build\RobWorkStudio\ext\qtpropertybrowser\qtpropertybrowser.vcxproj]
      D:\software\QT\6.11.1\msvc2022_64\include\QtCore\qvariant.h(149,70):
      参见“QVariant::Type”的声明
  
D:\10_Source_Repos\21_robot\acc-t17-r2-repro\RobWork\RobWorkStudio\ext\qtpropertybrowser\src\qtvariantproperty.cpp(1004,40): warning C4996: 'QVariant::Type': Use QMetaType::Type instead. [D:\10_Source_Repos\21_robot\acc-t17-r2-repro\build\RobWorkStudio\ext\qtpropertybrowser\qtpropertybrowser.vcxproj]
      D:\software\QT\6.11.1\msvc2022_64\include\QtCore\qvariant.h(149,70):
      参见“QVariant::Type”的声明
  
D:\10_Source_Repos\21_robot\acc-t17-r2-repro\RobWork\RobWorkStudio\ext\qtpropertybrowser\src\qtvariantproperty.cpp(1004,58): warning C4996: 'QVariant::Type': Use QMetaType::Type instead. [D:\10_Source_Repos\21_robot\acc-t17-r2-repro\build\RobWorkStudio\ext\qtpropertybrowser\qtpropertybrowser.vcxproj]
      D:\software\QT\6.11.1\msvc2022_64\include\QtCore\qvariant.h(149,70):
      参见“QVariant::Type”的声明
  
D:\10_Source_Repos\21_robot\acc-t17-r2-repro\RobWork\RobWorkStudio\ext\qtpropertybrowser\src\qtvariantproperty.cpp(1011,46): warning C4996: 'QVariant::Type': Use QMetaType::Type instead. [D:\10_Source_Repos\21_robot\acc-t17-r2-repro\build\RobWorkStudio\ext\qtpropertybrowser\qtpropertybrowser.vcxproj]
      D:\software\QT\6.11.1\msvc2022_64\include\QtCore\qvariant.h(149,70):
      参见“QVariant::Type”的声明
  
D:\10_Source_Repos\21_robot\acc-t17-r2-repro\RobWork\RobWorkStudio\ext\qtpropertybrowser\src\qtvariantproperty.cpp(1012,40): warning C4996: 'QVariant::Type': Use QMetaType::Type instead. [D:\10_Source_Repos\21_robot\acc-t17-r2-repro\build\RobWorkStudio\ext\qtpropertybrowser\qtpropertybrowser.vcxproj]
      D:\software\QT\6.11.1\msvc2022_64\include\QtCore\qvariant.h(149,70):
      参见“QVariant::Type”的声明
  
D:\10_Source_Repos\21_robot\acc-t17-r2-repro\RobWork\RobWorkStudio\ext\qtpropertybrowser\src\qtvariantproperty.cpp(1012,60): warning C4996: 'QVariant::Type': Use QMetaType::Type instead. [D:\10_Source_Repos\21_robot\acc-t17-r2-repro\build\RobWorkStudio\ext\qtpropertybrowser\qtpropertybrowser.vcxproj]
      D:\software\QT\6.11.1\msvc2022_64\include\QtCore\qvariant.h(149,70):
      参见“QVariant::Type”的声明
  
D:\10_Source_Repos\21_robot\acc-t17-r2-repro\RobWork\RobWorkStudio\ext\qtpropertybrowser\src\qtvariantproperty.cpp(1013,55): warning C4996: 'QVariant::Type': Use QMetaType::Type instead. [D:\10_Source_Repos\21_robot\acc-t17-r2-repro\build\RobWorkStudio\ext\qtpropertybrowser\qtpropertybrowser.vcxproj]
      D:\software\QT\6.11.1\msvc2022_64\include\QtCore\qvariant.h(149,70):
      参见“QVariant::Type”的声明
  
D:\10_Source_Repos\21_robot\acc-t17-r2-repro\RobWork\RobWorkStudio\ext\qtpropertybrowser\src\qtvariantproperty.cpp(1014,23): warning C4996: 'QVariant::Type': Use QMetaType::Type instead. [D:\10_Source_Repos\21_robot\acc-t17-r2-repro\build\RobWorkStudio\ext\qtpropertybrowser\qtpropertybrowser.vcxproj]
      D:\software\QT\6.11.1\msvc2022_64\include\QtCore\qvariant.h(149,70):
      参见“QVariant::Type”的声明
  
D:\10_Source_Repos\21_robot\acc-t17-r2-repro\RobWork\RobWorkStudio\ext\qtpropertybrowser\src\qtvariantproperty.cpp(1015,55): warning C4996: 'QVariant::Type': Use QMetaType::Type instead. [D:\10_Source_Repos\21_robot\acc-t17-r2-repro\build\RobWorkStudio\ext\qtpropertybrowser\qtpropertybrowser.vcxproj]
      D:\software\QT\6.11.1\msvc2022_64\include\QtCore\qvariant.h(149,70):
      参见“QVariant::Type”的声明
  
D:\10_Source_Repos\21_robot\acc-t17-r2-repro\RobWork\RobWorkStudio\ext\qtpropertybrowser\src\qtvariantproperty.cpp(1016,23): warning C4996: 'QVariant::Type': Use QMetaType::Type instead. [D:\10_Source_Repos\21_robot\acc-t17-r2-repro\build\RobWorkStudio\ext\qtpropertybrowser\qtpropertybrowser.vcxproj]
      D:\software\QT\6.11.1\msvc2022_64\include\QtCore\qvariant.h(149,70):
      参见“QVariant::Type”的声明
  
D:\10_Source_Repos\21_robot\acc-t17-r2-repro\RobWork\RobWorkStudio\ext\qtpropertybrowser\src\qtvariantproperty.cpp(1017,55): warning C4996: 'QVariant::Type': Use QMetaType::Type instead. [D:\10_Source_Repos\21_robot\acc-t17-r2-repro\build\RobWorkStudio\ext\qtpropertybrowser\qtpropertybrowser.vcxproj]
      D:\software\QT\6.11.1\msvc2022_64\include\QtCore\qvariant.h(149,70):
      参见“QVariant::Type”的声明
  
D:\10_Source_Repos\21_robot\acc-t17-r2-repro\RobWork\RobWorkStudio\ext\qtpropertybrowser\src\qtvariantproperty.cpp(1018,19): warning C4996: 'QVariant::Type': Use QMetaType::Type instead. [D:\10_Source_Repos\21_robot\acc-t17-r2-repro\build\RobWorkStudio\ext\qtpropertybrowser\qtpropertybrowser.vcxproj]
      D:\software\QT\6.11.1\msvc2022_64\include\QtCore\qvariant.h(149,70):
      参见“QVariant::Type”的声明
  
D:\10_Source_Repos\21_robot\acc-t17-r2-repro\RobWork\RobWorkStudio\ext\qtpropertybrowser\src\qtvariantproperty.cpp(1031,46): warning C4996: 'QVariant::Type': Use QMetaType::Type instead. [D:\10_Source_Repos\21_robot\acc-t17-r2-repro\build\RobWorkStudio\ext\qtpropertybrowser\qtpropertybrowser.vcxproj]
      D:\software\QT\6.11.1\msvc2022_64\include\QtCore\qvariant.h(149,70):
      参见“QVariant::Type”的声明
  
D:\10_Source_Repos\21_robot\acc-t17-r2-repro\RobWork\RobWorkStudio\ext\qtpropertybrowser\src\qtvariantproperty.cpp(1032,40): warning C4996: 'QVariant::Type': Use QMetaType::Type instead. [D:\10_Source_Repos\21_robot\acc-t17-r2-repro\build\RobWorkStudio\ext\qtpropertybrowser\qtpropertybrowser.vcxproj]
      D:\software\QT\6.11.1\msvc2022_64\include\QtCore\qvariant.h(149,70):
      参见“QVariant::Type”的声明
  
D:\10_Source_Repos\21_robot\acc-t17-r2-repro\RobWork\RobWorkStudio\ext\qtpropertybrowser\src\qtvariantproperty.cpp(1032,58): warning C4996: 'QVariant::Type': Use QMetaType::Type instead. [D:\10_Source_Repos\21_robot\acc-t17-r2-repro\build\RobWorkStudio\ext\qtpropertybrowser\qtpropertybrowser.vcxproj]
      D:\software\QT\6.11.1\msvc2022_64\include\QtCore\qvariant.h(149,70):
      参见“QVariant::Type”的声明
  
D:\10_Source_Repos\21_robot\acc-t17-r2-repro\RobWork\RobWorkStudio\ext\qtpropertybrowser\src\qtvariantproperty.cpp(1033,55): warning C4996: 'QVariant::Type': Use QMetaType::Type instead. [D:\10_Source_Repos\21_robot\acc-t17-r2-repro\build\RobWorkStudio\ext\qtpropertybrowser\qtpropertybrowser.vcxproj]
      D:\software\QT\6.11.1\msvc2022_64\include\QtCore\qvariant.h(149,70):
      参见“QVariant::Type”的声明
  
D:\10_Source_Repos\21_robot\acc-t17-r2-repro\RobWork\RobWorkStudio\ext\qtpropertybrowser\src\qtvariantproperty.cpp(1034,23): warning C4996: 'QVariant::Type': Use QMetaType::Type instead. [D:\10_Source_Repos\21_robot\acc-t17-r2-repro\build\RobWorkStudio\ext\qtpropertybrowser\qtpropertybrowser.vcxproj]
      D:\software\QT\6.11.1\msvc2022_64\include\QtCore\qvariant.h(149,70):
      参见“QVariant::Type”的声明
  
D:\10_Source_Repos\21_robot\acc-t17-r2-repro\RobWork\RobWorkStudio\ext\qtpropertybrowser\src\qtvariantproperty.cpp(1035,55): warning C4996: 'QVariant::Type': Use QMetaType::Type instead. [D:\10_Source_Repos\21_robot\acc-t17-r2-repro\build\RobWorkStudio\ext\qtpropertybrowser\qtpropertybrowser.vcxproj]
      D:\software\QT\6.11.1\msvc2022_64\include\QtCore\qvariant.h(149,70):
      参见“QVariant::Type”的声明
  
D:\10_Source_Repos\21_robot\acc-t17-r2-repro\RobWork\RobWorkStudio\ext\qtpropertybrowser\src\qtvariantproperty.cpp(1036,23): warning C4996: 'QVariant::Type': Use QMetaType::Type instead. [D:\10_Source_Repos\21_robot\acc-t17-r2-repro\build\RobWorkStudio\ext\qtpropertybrowser\qtpropertybrowser.vcxproj]
      D:\software\QT\6.11.1\msvc2022_64\include\QtCore\qvariant.h(149,70):
      参见“QVariant::Type”的声明
  
D:\10_Source_Repos\21_robot\acc-t17-r2-repro\RobWork\RobWorkStudio\ext\qtpropertybrowser\src\qtvariantproperty.cpp(1043,46): warning C4996: 'QVariant::Type': Use QMetaType::Type instead. [D:\10_Source_Repos\21_robot\acc-t17-r2-repro\build\RobWorkStudio\ext\qtpropertybrowser\qtpropertybrowser.vcxproj]
      D:\software\QT\6.11.1\msvc2022_64\include\QtCore\qvariant.h(149,70):
      参见“QVariant::Type”的声明
  
D:\10_Source_Repos\21_robot\acc-t17-r2-repro\RobWork\RobWorkStudio\ext\qtpropertybrowser\src\qtvariantproperty.cpp(1044,40): warning C4996: 'QVariant::Type': Use QMetaType::Type instead. [D:\10_Source_Repos\21_robot\acc-t17-r2-repro\build\RobWorkStudio\ext\qtpropertybrowser\qtpropertybrowser.vcxproj]
      D:\software\QT\6.11.1\msvc2022_64\include\QtCore\qvariant.h(149,70):
      参见“QVariant::Type”的声明
  
D:\10_Source_Repos\21_robot\acc-t17-r2-repro\RobWork\RobWorkStudio\ext\qtpropertybrowser\src\qtvariantproperty.cpp(1044,58): warning C4996: 'QVariant::Type': Use QMetaType::Type instead. [D:\10_Source_Repos\21_robot\acc-t17-r2-repro\build\RobWorkStudio\ext\qtpropertybrowser\qtpropertybrowser.vcxproj]
      D:\software\QT\6.11.1\msvc2022_64\include\QtCore\qvariant.h(149,70):
      参见“QVariant::Type”的声明
  
D:\10_Source_Repos\21_robot\acc-t17-r2-repro\RobWork\RobWorkStudio\ext\qtpropertybrowser\src\qtvariantproperty.cpp(1049,46): warning C4996: 'QVariant::Type': Use QMetaType::Type instead. [D:\10_Source_Repos\21_robot\acc-t17-r2-repro\build\RobWorkStudio\ext\qtpropertybrowser\qtpropertybrowser.vcxproj]
      D:\software\QT\6.11.1\msvc2022_64\include\QtCore\qvariant.h(149,70):
      参见“QVariant::Type”的声明
  
D:\10_Source_Repos\21_robot\acc-t17-r2-repro\RobWork\RobWorkStudio\ext\qtpropertybrowser\src\qtvariantproperty.cpp(1050,40): warning C4996: 'QVariant::Type': Use QMetaType::Type instead. [D:\10_Source_Repos\21_robot\acc-t17-r2-repro\build\RobWorkStudio\ext\qtpropertybrowser\qtpropertybrowser.vcxproj]
      D:\software\QT\6.11.1\msvc2022_64\include\QtCore\qvariant.h(149,70):
      参见“QVariant::Type”的声明
  
D:\10_Source_Repos\21_robot\acc-t17-r2-repro\RobWork\RobWorkStudio\ext\qtpropertybrowser\src\qtvariantproperty.cpp(1050,62): warning C4996: 'QVariant::Type': Use QMetaType::Type instead. [D:\10_Source_Repos\21_robot\acc-t17-r2-repro\build\RobWorkStudio\ext\qtpropertybrowser\qtpropertybrowser.vcxproj]
      D:\software\QT\6.11.1\msvc2022_64\include\QtCore\qvariant.h(149,70):
      参见“QVariant::Type”的声明
  
D:\10_Source_Repos\21_robot\acc-t17-r2-repro\RobWork\RobWorkStudio\ext\qtpropertybrowser\src\qtvariantproperty.cpp(1055,46): warning C4996: 'QVariant::Type': Use QMetaType::Type instead. [D:\10_Source_Repos\21_robot\acc-t17-r2-repro\build\RobWorkStudio\ext\qtpropertybrowser\qtpropertybrowser.vcxproj]
      D:\software\QT\6.11.1\msvc2022_64\include\QtCore\qvariant.h(149,70):
      参见“QVariant::Type”的声明
  
D:\10_Source_Repos\21_robot\acc-t17-r2-repro\RobWork\RobWorkStudio\ext\qtpropertybrowser\src\qtvariantproperty.cpp(1056,40): warning C4996: 'QVariant::Type': Use QMetaType::Type instead. [D:\10_Source_Repos\21_robot\acc-t17-r2-repro\build\RobWorkStudio\ext\qtpropertybrowser\qtpropertybrowser.vcxproj]
      D:\software\QT\6.11.1\msvc2022_64\include\QtCore\qvariant.h(149,70):
      参见“QVariant::Type”的声明
  
D:\10_Source_Repos\21_robot\acc-t17-r2-repro\RobWork\RobWorkStudio\ext\qtpropertybrowser\src\qtvariantproperty.cpp(1056,65): warning C4996: 'QVariant::Type': Use QMetaType::Type instead. [D:\10_Source_Repos\21_robot\acc-t17-r2-repro\build\RobWorkStudio\ext\qtpropertybrowser\qtpropertybrowser.vcxproj]
      D:\software\QT\6.11.1\msvc2022_64\include\QtCore\qvariant.h(149,70):
      参见“QVariant::Type”的声明
  
D:\10_Source_Repos\21_robot\acc-t17-r2-repro\RobWork\RobWorkStudio\ext\qtpropertybrowser\src\qtvariantproperty.cpp(1061,46): warning C4996: 'QVariant::Type': Use QMetaType::Type instead. [D:\10_Source_Repos\21_robot\acc-t17-r2-repro\build\RobWorkStudio\ext\qtpropertybrowser\qtpropertybrowser.vcxproj]
      D:\software\QT\6.11.1\msvc2022_64\include\QtCore\qvariant.h(149,70):
      参见“QVariant::Type”的声明
  
D:\10_Source_Repos\21_robot\acc-t17-r2-repro\RobWork\RobWorkStudio\ext\qtpropertybrowser\src\qtvariantproperty.cpp(1062,40): warning C4996: 'QVariant::Type': Use QMetaType::Type instead. [D:\10_Source_Repos\21_robot\acc-t17-r2-repro\build\RobWorkStudio\ext\qtpropertybrowser\qtpropertybrowser.vcxproj]
      D:\software\QT\6.11.1\msvc2022_64\include\QtCore\qvariant.h(149,70):
      参见“QVariant::Type”的声明
  
D:\10_Source_Repos\21_robot\acc-t17-r2-repro\RobWork\RobWorkStudio\ext\qtpropertybrowser\src\qtvariantproperty.cpp(1062,58): warning C4996: 'QVariant::Type': Use QMetaType::Type instead. [D:\10_Source_Repos\21_robot\acc-t17-r2-repro\build\RobWorkStudio\ext\qtpropertybrowser\qtpropertybrowser.vcxproj]
      D:\software\QT\6.11.1\msvc2022_64\include\QtCore\qvariant.h(149,70):
      参见“QVariant::Type”的声明
  
D:\10_Source_Repos\21_robot\acc-t17-r2-repro\RobWork\RobWorkStudio\ext\qtpropertybrowser\src\qtvariantproperty.cpp(1067,46): warning C4996: 'QVariant::Type': Use QMetaType::Type instead. [D:\10_Source_Repos\21_robot\acc-t17-r2-repro\build\RobWorkStudio\ext\qtpropertybrowser\qtpropertybrowser.vcxproj]
      D:\software\QT\6.11.1\msvc2022_64\include\QtCore\qvariant.h(149,70):
      参见“QVariant::Type”的声明
  
D:\10_Source_Repos\21_robot\acc-t17-r2-repro\RobWork\RobWorkStudio\ext\qtpropertybrowser\src\qtvariantproperty.cpp(1068,40): warning C4996: 'QVariant::Type': Use QMetaType::Type instead. [D:\10_Source_Repos\21_robot\acc-t17-r2-repro\build\RobWorkStudio\ext\qtpropertybrowser\qtpropertybrowser.vcxproj]
      D:\software\QT\6.11.1\msvc2022_64\include\QtCore\qvariant.h(149,70):
      参见“QVariant::Type”的声明
  
D:\10_Source_Repos\21_robot\acc-t17-r2-repro\RobWork\RobWorkStudio\ext\qtpropertybrowser\src\qtvariantproperty.cpp(1068,60): warning C4996: 'QVariant::Type': Use QMetaType::Type instead. [D:\10_Source_Repos\21_robot\acc-t17-r2-repro\build\RobWorkStudio\ext\qtpropertybrowser\qtpropertybrowser.vcxproj]
      D:\software\QT\6.11.1\msvc2022_64\include\QtCore\qvariant.h(149,70):
      参见“QVariant::Type”的声明
  
D:\10_Source_Repos\21_robot\acc-t17-r2-repro\RobWork\RobWorkStudio\ext\qtpropertybrowser\src\qtvariantproperty.cpp(1079,46): warning C4996: 'QVariant::Type': Use QMetaType::Type instead. [D:\10_Source_Repos\21_robot\acc-t17-r2-repro\build\RobWorkStudio\ext\qtpropertybrowser\qtpropertybrowser.vcxproj]
      D:\software\QT\6.11.1\msvc2022_64\include\QtCore\qvariant.h(149,70):
      参见“QVariant::Type”的声明
  
D:\10_Source_Repos\21_robot\acc-t17-r2-repro\RobWork\RobWorkStudio\ext\qtpropertybrowser\src\qtvariantproperty.cpp(1080,40): warning C4996: 'QVariant::Type': Use QMetaType::Type instead. [D:\10_Source_Repos\21_robot\acc-t17-r2-repro\build\RobWorkStudio\ext\qtpropertybrowser\qtpropertybrowser.vcxproj]
      D:\software\QT\6.11.1\msvc2022_64\include\QtCore\qvariant.h(149,70):
      参见“QVariant::Type”的声明
  
D:\10_Source_Repos\21_robot\acc-t17-r2-repro\RobWork\RobWorkStudio\ext\qtpropertybrowser\src\qtvariantproperty.cpp(1080,59): warning C4996: 'QVariant::Type': Use QMetaType::Type instead. [D:\10_Source_Repos\21_robot\acc-t17-r2-repro\build\RobWorkStudio\ext\qtpropertybrowser\qtpropertybrowser.vcxproj]
      D:\software\QT\6.11.1\msvc2022_64\include\QtCore\qvariant.h(149,70):
      参见“QVariant::Type”的声明
  
D:\10_Source_Repos\21_robot\acc-t17-r2-repro\RobWork\RobWorkStudio\ext\qtpropertybrowser\src\qtvariantproperty.cpp(1091,46): warning C4996: 'QVariant::Type': Use QMetaType::Type instead. [D:\10_Source_Repos\21_robot\acc-t17-r2-repro\build\RobWorkStudio\ext\qtpropertybrowser\qtpropertybrowser.vcxproj]
      D:\software\QT\6.11.1\msvc2022_64\include\QtCore\qvariant.h(149,70):
      参见“QVariant::Type”的声明
  
D:\10_Source_Repos\21_robot\acc-t17-r2-repro\RobWork\RobWorkStudio\ext\qtpropertybrowser\src\qtvariantproperty.cpp(1092,40): warning C4996: 'QVariant::Type': Use QMetaType::Type instead. [D:\10_Source_Repos\21_robot\acc-t17-r2-repro\build\RobWorkStudio\ext\qtpropertybrowser\qtpropertybrowser.vcxproj]
      D:\software\QT\6.11.1\msvc2022_64\include\QtCore\qvariant.h(149,70):
      参见“QVariant::Type”的声明
  
D:\10_Source_Repos\21_robot\acc-t17-r2-repro\RobWork\RobWorkStudio\ext\qtpropertybrowser\src\qtvariantproperty.cpp(1092,60): warning C4996: 'QVariant::Type': Use QMetaType::Type instead. [D:\10_Source_Repos\21_robot\acc-t17-r2-repro\build\RobWorkStudio\ext\qtpropertybrowser\qtpropertybrowser.vcxproj]
      D:\software\QT\6.11.1\msvc2022_64\include\QtCore\qvariant.h(149,70):
      参见“QVariant::Type”的声明
  
D:\10_Source_Repos\21_robot\acc-t17-r2-repro\RobWork\RobWorkStudio\ext\qtpropertybrowser\src\qtvariantproperty.cpp(1093,55): warning C4996: 'QVariant::Type': Use QMetaType::Type instead. [D:\10_Source_Repos\21_robot\acc-t17-r2-repro\build\RobWorkStudio\ext\qtpropertybrowser\qtpropertybrowser.vcxproj]
      D:\software\QT\6.11.1\msvc2022_64\include\QtCore\qvariant.h(149,70):
      参见“QVariant::Type”的声明
  
D:\10_Source_Repos\21_robot\acc-t17-r2-repro\RobWork\RobWorkStudio\ext\qtpropertybrowser\src\qtvariantproperty.cpp(1094,23): warning C4996: 'QVariant::Type': Use QMetaType::Type instead. [D:\10_Source_Repos\21_robot\acc-t17-r2-repro\build\RobWorkStudio\ext\qtpropertybrowser\qtpropertybrowser.vcxproj]
      D:\software\QT\6.11.1\msvc2022_64\include\QtCore\qvariant.h(149,70):
      参见“QVariant::Type”的声明
  
D:\10_Source_Repos\21_robot\acc-t17-r2-repro\RobWork\RobWorkStudio\ext\qtpropertybrowser\src\qtvariantproperty.cpp(1107,46): warning C4996: 'QVariant::Type': Use QMetaType::Type instead. [D:\10_Source_Repos\21_robot\acc-t17-r2-repro\build\RobWorkStudio\ext\qtpropertybrowser\qtpropertybrowser.vcxproj]
      D:\software\QT\6.11.1\msvc2022_64\include\QtCore\qvariant.h(149,70):
      参见“QVariant::Type”的声明
  
D:\10_Source_Repos\21_robot\acc-t17-r2-repro\RobWork\RobWorkStudio\ext\qtpropertybrowser\src\qtvariantproperty.cpp(1108,40): warning C4996: 'QVariant::Type': Use QMetaType::Type instead. [D:\10_Source_Repos\21_robot\acc-t17-r2-repro\build\RobWorkStudio\ext\qtpropertybrowser\qtpropertybrowser.vcxproj]
      D:\software\QT\6.11.1\msvc2022_64\include\QtCore\qvariant.h(149,70):
      参见“QVariant::Type”的声明
  
D:\10_Source_Repos\21_robot\acc-t17-r2-repro\RobWork\RobWorkStudio\ext\qtpropertybrowser\src\qtvariantproperty.cpp(1108,58): warning C4996: 'QVariant::Type': Use QMetaType::Type instead. [D:\10_Source_Repos\21_robot\acc-t17-r2-repro\build\RobWorkStudio\ext\qtpropertybrowser\qtpropertybrowser.vcxproj]
      D:\software\QT\6.11.1\msvc2022_64\include\QtCore\qvariant.h(149,70):
      参见“QVariant::Type”的声明
  
D:\10_Source_Repos\21_robot\acc-t17-r2-repro\RobWork\RobWorkStudio\ext\qtpropertybrowser\src\qtvariantproperty.cpp(1109,55): warning C4996: 'QVariant::Type': Use QMetaType::Type instead. [D:\10_Source_Repos\21_robot\acc-t17-r2-repro\build\RobWorkStudio\ext\qtpropertybrowser\qtpropertybrowser.vcxproj]
      D:\software\QT\6.11.1\msvc2022_64\include\QtCore\qvariant.h(149,70):
      参见“QVariant::Type”的声明
  
D:\10_Source_Repos\21_robot\acc-t17-r2-repro\RobWork\RobWorkStudio\ext\qtpropertybrowser\src\qtvariantproperty.cpp(1110,23): warning C4996: 'QVariant::Type': Use QMetaType::Type instead. [D:\10_Source_Repos\21_robot\acc-t17-r2-repro\build\RobWorkStudio\ext\qtpropertybrowser\qtpropertybrowser.vcxproj]
      D:\software\QT\6.11.1\msvc2022_64\include\QtCore\qvariant.h(149,70):
      参见“QVariant::Type”的声明
  
D:\10_Source_Repos\21_robot\acc-t17-r2-repro\RobWork\RobWorkStudio\ext\qtpropertybrowser\src\qtvariantproperty.cpp(1111,55): warning C4996: 'QVariant::Type': Use QMetaType::Type instead. [D:\10_Source_Repos\21_robot\acc-t17-r2-repro\build\RobWorkStudio\ext\qtpropertybrowser\qtpropertybrowser.vcxproj]
      D:\software\QT\6.11.1\msvc2022_64\include\QtCore\qvariant.h(149,70):
      参见“QVariant::Type”的声明
  
D:\10_Source_Repos\21_robot\acc-t17-r2-repro\RobWork\RobWorkStudio\ext\qtpropertybrowser\src\qtvariantproperty.cpp(1112,23): warning C4996: 'QVariant::Type': Use QMetaType::Type instead. [D:\10_Source_Repos\21_robot\acc-t17-r2-repro\build\RobWorkStudio\ext\qtpropertybrowser\qtpropertybrowser.vcxproj]
      D:\software\QT\6.11.1\msvc2022_64\include\QtCore\qvariant.h(149,70):
      参见“QVariant::Type”的声明
  
D:\10_Source_Repos\21_robot\acc-t17-r2-repro\RobWork\RobWorkStudio\ext\qtpropertybrowser\src\qtvariantproperty.cpp(1127,46): warning C4996: 'QVariant::Type': Use QMetaType::Type instead. [D:\10_Source_Repos\21_robot\acc-t17-r2-repro\build\RobWorkStudio\ext\qtpropertybrowser\qtpropertybrowser.vcxproj]
      D:\software\QT\6.11.1\msvc2022_64\include\QtCore\qvariant.h(149,70):
      参见“QVariant::Type”的声明
  
D:\10_Source_Repos\21_robot\acc-t17-r2-repro\RobWork\RobWorkStudio\ext\qtpropertybrowser\src\qtvariantproperty.cpp(1128,40): warning C4996: 'QVariant::Type': Use QMetaType::Type instead. [D:\10_Source_Repos\21_robot\acc-t17-r2-repro\build\RobWorkStudio\ext\qtpropertybrowser\qtpropertybrowser.vcxproj]
      D:\software\QT\6.11.1\msvc2022_64\include\QtCore\qvariant.h(149,70):
      参见“QVariant::Type”的声明
  
D:\10_Source_Repos\21_robot\acc-t17-r2-repro\RobWork\RobWorkStudio\ext\qtpropertybrowser\src\qtvariantproperty.cpp(1128,59): warning C4996: 'QVariant::Type': Use QMetaType::Type instead. [D:\10_Source_Repos\21_robot\acc-t17-r2-repro\build\RobWorkStudio\ext\qtpropertybrowser\qtpropertybrowser.vcxproj]
      D:\software\QT\6.11.1\msvc2022_64\include\QtCore\qvariant.h(149,70):
      参见“QVariant::Type”的声明
  
D:\10_Source_Repos\21_robot\acc-t17-r2-repro\RobWork\RobWorkStudio\ext\qtpropertybrowser\src\qtvariantproperty.cpp(1129,55): warning C4996: 'QVariant::Type': Use QMetaType::Type instead. [D:\10_Source_Repos\21_robot\acc-t17-r2-repro\build\RobWorkStudio\ext\qtpropertybrowser\qtpropertybrowser.vcxproj]
      D:\software\QT\6.11.1\msvc2022_64\include\QtCore\qvariant.h(149,70):
      参见“QVariant::Type”的声明
  
D:\10_Source_Repos\21_robot\acc-t17-r2-repro\RobWork\RobWorkStudio\ext\qtpropertybrowser\src\qtvariantproperty.cpp(1130,23): warning C4996: 'QVariant::Type': Use QMetaType::Type instead. [D:\10_Source_Repos\21_robot\acc-t17-r2-repro\build\RobWorkStudio\ext\qtpropertybrowser\qtpropertybrowser.vcxproj]
      D:\software\QT\6.11.1\msvc2022_64\include\QtCore\qvariant.h(149,70):
      参见“QVariant::Type”的声明
  
D:\10_Source_Repos\21_robot\acc-t17-r2-repro\RobWork\RobWorkStudio\ext\qtpropertybrowser\src\qtvariantproperty.cpp(1131,55): warning C4996: 'QVariant::Type': Use QMetaType::Type instead. [D:\10_Source_Repos\21_robot\acc-t17-r2-repro\build\RobWorkStudio\ext\qtpropertybrowser\qtpropertybrowser.vcxproj]
      D:\software\QT\6.11.1\msvc2022_64\include\QtCore\qvariant.h(149,70):
      参见“QVariant::Type”的声明
  
D:\10_Source_Repos\21_robot\acc-t17-r2-repro\RobWork\RobWorkStudio\ext\qtpropertybrowser\src\qtvariantproperty.cpp(1132,23): warning C4996: 'QVariant::Type': Use QMetaType::Type instead. [D:\10_Source_Repos\21_robot\acc-t17-r2-repro\build\RobWorkStudio\ext\qtpropertybrowser\qtpropertybrowser.vcxproj]
      D:\software\QT\6.11.1\msvc2022_64\include\QtCore\qvariant.h(149,70):
      参见“QVariant::Type”的声明
  
D:\10_Source_Repos\21_robot\acc-t17-r2-repro\RobWork\RobWorkStudio\ext\qtpropertybrowser\src\qtvariantproperty.cpp(1133,55): warning C4996: 'QVariant::Type': Use QMetaType::Type instead. [D:\10_Source_Repos\21_robot\acc-t17-r2-repro\build\RobWorkStudio\ext\qtpropertybrowser\qtpropertybrowser.vcxproj]
      D:\software\QT\6.11.1\msvc2022_64\include\QtCore\qvariant.h(149,70):
      参见“QVariant::Type”的声明
  
D:\10_Source_Repos\21_robot\acc-t17-r2-repro\RobWork\RobWorkStudio\ext\qtpropertybrowser\src\qtvariantproperty.cpp(1134,23): warning C4996: 'QVariant::Type': Use QMetaType::Type instead. [D:\10_Source_Repos\21_robot\acc-t17-r2-repro\build\RobWorkStudio\ext\qtpropertybrowser\qtpropertybrowser.vcxproj]
      D:\software\QT\6.11.1\msvc2022_64\include\QtCore\qvariant.h(149,70):
      参见“QVariant::Type”的声明
  
D:\10_Source_Repos\21_robot\acc-t17-r2-repro\RobWork\RobWorkStudio\ext\qtpropertybrowser\src\qtvariantproperty.cpp(1151,46): warning C4996: 'QVariant::Type': Use QMetaType::Type instead. [D:\10_Source_Repos\21_robot\acc-t17-r2-repro\build\RobWorkStudio\ext\qtpropertybrowser\qtpropertybrowser.vcxproj]
      D:\software\QT\6.11.1\msvc2022_64\include\QtCore\qvariant.h(149,70):
      参见“QVariant::Type”的声明
  
D:\10_Source_Repos\21_robot\acc-t17-r2-repro\RobWork\RobWorkStudio\ext\qtpropertybrowser\src\qtvariantproperty.cpp(1152,40): warning C4996: 'QVariant::Type': Use QMetaType::Type instead. [D:\10_Source_Repos\21_robot\acc-t17-r2-repro\build\RobWorkStudio\ext\qtpropertybrowser\qtpropertybrowser.vcxproj]
      D:\software\QT\6.11.1\msvc2022_64\include\QtCore\qvariant.h(149,70):
      参见“QVariant::Type”的声明
  
D:\10_Source_Repos\21_robot\acc-t17-r2-repro\RobWork\RobWorkStudio\ext\qtpropertybrowser\src\qtvariantproperty.cpp(1152,58): warning C4996: 'QVariant::Type': Use QMetaType::Type instead. [D:\10_Source_Repos\21_robot\acc-t17-r2-repro\build\RobWorkStudio\ext\qtpropertybrowser\qtpropertybrowser.vcxproj]
      D:\software\QT\6.11.1\msvc2022_64\include\QtCore\qvariant.h(149,70):
      参见“QVariant::Type”的声明
  
D:\10_Source_Repos\21_robot\acc-t17-r2-repro\RobWork\RobWorkStudio\ext\qtpropertybrowser\src\qtvariantproperty.cpp(1153,55): warning C4996: 'QVariant::Type': Use QMetaType::Type instead. [D:\10_Source_Repos\21_robot\acc-t17-r2-repro\build\RobWorkStudio\ext\qtpropertybrowser\qtpropertybrowser.vcxproj]
      D:\software\QT\6.11.1\msvc2022_64\include\QtCore\qvariant.h(149,70):
      参见“QVariant::Type”的声明
  
D:\10_Source_Repos\21_robot\acc-t17-r2-repro\RobWork\RobWorkStudio\ext\qtpropertybrowser\src\qtvariantproperty.cpp(1154,23): warning C4996: 'QVariant::Type': Use QMetaType::Type instead. [D:\10_Source_Repos\21_robot\acc-t17-r2-repro\build\RobWorkStudio\ext\qtpropertybrowser\qtpropertybrowser.vcxproj]
      D:\software\QT\6.11.1\msvc2022_64\include\QtCore\qvariant.h(149,70):
      参见“QVariant::Type”的声明
  
D:\10_Source_Repos\21_robot\acc-t17-r2-repro\RobWork\RobWorkStudio\ext\qtpropertybrowser\src\qtvariantproperty.cpp(1169,46): warning C4996: 'QVariant::Type': Use QMetaType::Type instead. [D:\10_Source_Repos\21_robot\acc-t17-r2-repro\build\RobWorkStudio\ext\qtpropertybrowser\qtpropertybrowser.vcxproj]
      D:\software\QT\6.11.1\msvc2022_64\include\QtCore\qvariant.h(149,70):
      参见“QVariant::Type”的声明
  
D:\10_Source_Repos\21_robot\acc-t17-r2-repro\RobWork\RobWorkStudio\ext\qtpropertybrowser\src\qtvariantproperty.cpp(1170,40): warning C4996: 'QVariant::Type': Use QMetaType::Type instead. [D:\10_Source_Repos\21_robot\acc-t17-r2-repro\build\RobWorkStudio\ext\qtpropertybrowser\qtpropertybrowser.vcxproj]
      D:\software\QT\6.11.1\msvc2022_64\include\QtCore\qvariant.h(149,70):
      参见“QVariant::Type”的声明
  
D:\10_Source_Repos\21_robot\acc-t17-r2-repro\RobWork\RobWorkStudio\ext\qtpropertybrowser\src\qtvariantproperty.cpp(1170,59): warning C4996: 'QVariant::Type': Use QMetaType::Type instead. [D:\10_Source_Repos\21_robot\acc-t17-r2-repro\build\RobWorkStudio\ext\qtpropertybrowser\qtpropertybrowser.vcxproj]
      D:\software\QT\6.11.1\msvc2022_64\include\QtCore\qvariant.h(149,70):
      参见“QVariant::Type”的声明
  
D:\10_Source_Repos\21_robot\acc-t17-r2-repro\RobWork\RobWorkStudio\ext\qtpropertybrowser\src\qtvariantproperty.cpp(1171,55): warning C4996: 'QVariant::Type': Use QMetaType::Type instead. [D:\10_Source_Repos\21_robot\acc-t17-r2-repro\build\RobWorkStudio\ext\qtpropertybrowser\qtpropertybrowser.vcxproj]
      D:\software\QT\6.11.1\msvc2022_64\include\QtCore\qvariant.h(149,70):
      参见“QVariant::Type”的声明
  
D:\10_Source_Repos\21_robot\acc-t17-r2-repro\RobWork\RobWorkStudio\ext\qtpropertybrowser\src\qtvariantproperty.cpp(1172,23): warning C4996: 'QVariant::Type': Use QMetaType::Type instead. [D:\10_Source_Repos\21_robot\acc-t17-r2-repro\build\RobWorkStudio\ext\qtpropertybrowser\qtpropertybrowser.vcxproj]
      D:\software\QT\6.11.1\msvc2022_64\include\QtCore\qvariant.h(149,70):
      参见“QVariant::Type”的声明
  
D:\10_Source_Repos\21_robot\acc-t17-r2-repro\RobWork\RobWorkStudio\ext\qtpropertybrowser\src\qtvariantproperty.cpp(1173,55): warning C4996: 'QVariant::Type': Use QMetaType::Type instead. [D:\10_Source_Repos\21_robot\acc-t17-r2-repro\build\RobWorkStudio\ext\qtpropertybrowser\qtpropertybrowser.vcxproj]
      D:\software\QT\6.11.1\msvc2022_64\include\QtCore\qvariant.h(149,70):
      参见“QVariant::Type”的声明
  
D:\10_Source_Repos\21_robot\acc-t17-r2-repro\RobWork\RobWorkStudio\ext\qtpropertybrowser\src\qtvariantproperty.cpp(1174,23): warning C4996: 'QVariant::Type': Use QMetaType::Type instead. [D:\10_Source_Repos\21_robot\acc-t17-r2-repro\build\RobWorkStudio\ext\qtpropertybrowser\qtpropertybrowser.vcxproj]
      D:\software\QT\6.11.1\msvc2022_64\include\QtCore\qvariant.h(149,70):
      参见“QVariant::Type”的声明
  
D:\10_Source_Repos\21_robot\acc-t17-r2-repro\RobWork\RobWorkStudio\ext\qtpropertybrowser\src\qtvariantproperty.cpp(1191,46): warning C4996: 'QVariant::Type': Use QMetaType::Type instead. [D:\10_Source_Repos\21_robot\acc-t17-r2-repro\build\RobWorkStudio\ext\qtpropertybrowser\qtpropertybrowser.vcxproj]
      D:\software\QT\6.11.1\msvc2022_64\include\QtCore\qvariant.h(149,70):
      参见“QVariant::Type”的声明
  
D:\10_Source_Repos\21_robot\acc-t17-r2-repro\RobWork\RobWorkStudio\ext\qtpropertybrowser\src\qtvariantproperty.cpp(1192,40): warning C4996: 'QVariant::Type': Use QMetaType::Type instead. [D:\10_Source_Repos\21_robot\acc-t17-r2-repro\build\RobWorkStudio\ext\qtpropertybrowser\qtpropertybrowser.vcxproj]
      D:\software\QT\6.11.1\msvc2022_64\include\QtCore\qvariant.h(149,70):
      参见“QVariant::Type”的声明
  
D:\10_Source_Repos\21_robot\acc-t17-r2-repro\RobWork\RobWorkStudio\ext\qtpropertybrowser\src\qtvariantproperty.cpp(1192,59): warning C4996: 'QVariant::Type': Use QMetaType::Type instead. [D:\10_Source_Repos\21_robot\acc-t17-r2-repro\build\RobWorkStudio\ext\qtpropertybrowser\qtpropertybrowser.vcxproj]
      D:\software\QT\6.11.1\msvc2022_64\include\QtCore\qvariant.h(149,70):
      参见“QVariant::Type”的声明
  
D:\10_Source_Repos\21_robot\acc-t17-r2-repro\RobWork\RobWorkStudio\ext\qtpropertybrowser\src\qtvariantproperty.cpp(1205,50): warning C4996: 'QVariant::Type': Use QMetaType::Type instead. [D:\10_Source_Repos\21_robot\acc-t17-r2-repro\build\RobWorkStudio\ext\qtpropertybrowser\qtpropertybrowser.vcxproj]
      D:\software\QT\6.11.1\msvc2022_64\include\QtCore\qvariant.h(149,70):
      参见“QVariant::Type”的声明
  
D:\10_Source_Repos\21_robot\acc-t17-r2-repro\RobWork\RobWorkStudio\ext\qtpropertybrowser\src\qtvariantproperty.cpp(1207,23): warning C4996: 'QVariant::Type': Use QMetaType::Type instead. [D:\10_Source_Repos\21_robot\acc-t17-r2-repro\build\RobWorkStudio\ext\qtpropertybrowser\qtpropertybrowser.vcxproj]
      D:\software\QT\6.11.1\msvc2022_64\include\QtCore\qvariant.h(149,70):
      参见“QVariant::Type”的声明
  
D:\10_Source_Repos\21_robot\acc-t17-r2-repro\RobWork\RobWorkStudio\ext\qtpropertybrowser\src\qtvariantproperty.cpp(1218,46): warning C4996: 'QVariant::Type': Use QMetaType::Type instead. [D:\10_Source_Repos\21_robot\acc-t17-r2-repro\build\RobWorkStudio\ext\qtpropertybrowser\qtpropertybrowser.vcxproj]
      D:\software\QT\6.11.1\msvc2022_64\include\QtCore\qvariant.h(149,70):
      参见“QVariant::Type”的声明
  
D:\10_Source_Repos\21_robot\acc-t17-r2-repro\RobWork\RobWorkStudio\ext\qtpropertybrowser\src\qtvariantproperty.cpp(1219,40): warning C4996: 'QVariant::Type': Use QMetaType::Type instead. [D:\10_Source_Repos\21_robot\acc-t17-r2-repro\build\RobWorkStudio\ext\qtpropertybrowser\qtpropertybrowser.vcxproj]
      D:\software\QT\6.11.1\msvc2022_64\include\QtCore\qvariant.h(149,70):
      参见“QVariant::Type”的声明
  
D:\10_Source_Repos\21_robot\acc-t17-r2-repro\RobWork\RobWorkStudio\ext\qtpropertybrowser\src\qtvariantproperty.cpp(1219,64): warning C4996: 'QVariant::Type': Use QMetaType::Type instead. [D:\10_Source_Repos\21_robot\acc-t17-r2-repro\build\RobWorkStudio\ext\qtpropertybrowser\qtpropertybrowser.vcxproj]
      D:\software\QT\6.11.1\msvc2022_64\include\QtCore\qvariant.h(149,70):
      参见“QVariant::Type”的声明
  
D:\10_Source_Repos\21_robot\acc-t17-r2-repro\RobWork\RobWorkStudio\ext\qtpropertybrowser\src\qtvariantproperty.cpp(1237,46): warning C4996: 'QVariant::Type': Use QMetaType::Type instead. [D:\10_Source_Repos\21_robot\acc-t17-r2-repro\build\RobWorkStudio\ext\qtpropertybrowser\qtpropertybrowser.vcxproj]
      D:\software\QT\6.11.1\msvc2022_64\include\QtCore\qvariant.h(149,70):
      参见“QVariant::Type”的声明
  
D:\10_Source_Repos\21_robot\acc-t17-r2-repro\RobWork\RobWorkStudio\ext\qtpropertybrowser\src\qtvariantproperty.cpp(1238,40): warning C4996: 'QVariant::Type': Use QMetaType::Type instead. [D:\10_Source_Repos\21_robot\acc-t17-r2-repro\build\RobWorkStudio\ext\qtpropertybrowser\qtpropertybrowser.vcxproj]
      D:\software\QT\6.11.1\msvc2022_64\include\QtCore\qvariant.h(149,70):
      参见“QVariant::Type”的声明
  
D:\10_Source_Repos\21_robot\acc-t17-r2-repro\RobWork\RobWorkStudio\ext\qtpropertybrowser\src\qtvariantproperty.cpp(1238,58): warning C4996: 'QVariant::Type': Use QMetaType::Type instead. [D:\10_Source_Repos\21_robot\acc-t17-r2-repro\build\RobWorkStudio\ext\qtpropertybrowser\qtpropertybrowser.vcxproj]
      D:\software\QT\6.11.1\msvc2022_64\include\QtCore\qvariant.h(149,70):
      参见“QVariant::Type”的声明
  
D:\10_Source_Repos\21_robot\acc-t17-r2-repro\RobWork\RobWorkStudio\ext\qtpropertybrowser\src\qtvariantproperty.cpp(1258,46): warning C4996: 'QVariant::Type': Use QMetaType::Type instead. [D:\10_Source_Repos\21_robot\acc-t17-r2-repro\build\RobWorkStudio\ext\qtpropertybrowser\qtpropertybrowser.vcxproj]
      D:\software\QT\6.11.1\msvc2022_64\include\QtCore\qvariant.h(149,70):
      参见“QVariant::Type”的声明
  
D:\10_Source_Repos\21_robot\acc-t17-r2-repro\RobWork\RobWorkStudio\ext\qtpropertybrowser\src\qtvariantproperty.cpp(1259,40): warning C4996: 'QVariant::Type': Use QMetaType::Type instead. [D:\10_Source_Repos\21_robot\acc-t17-r2-repro\build\RobWorkStudio\ext\qtpropertybrowser\qtpropertybrowser.vcxproj]
      D:\software\QT\6.11.1\msvc2022_64\include\QtCore\qvariant.h(149,70):
      参见“QVariant::Type”的声明
  
D:\10_Source_Repos\21_robot\acc-t17-r2-repro\RobWork\RobWorkStudio\ext\qtpropertybrowser\src\qtvariantproperty.cpp(1259,60): warning C4996: 'QVariant::Type': Use QMetaType::Type instead. [D:\10_Source_Repos\21_robot\acc-t17-r2-repro\build\RobWorkStudio\ext\qtpropertybrowser\qtpropertybrowser.vcxproj]
      D:\software\QT\6.11.1\msvc2022_64\include\QtCore\qvariant.h(149,70):
      参见“QVariant::Type”的声明
  
D:\10_Source_Repos\21_robot\acc-t17-r2-repro\RobWork\RobWorkStudio\ext\qtpropertybrowser\src\qtvariantproperty.cpp(1266,50): warning C4996: 'QVariant::Type': Use QMetaType::Type instead. [D:\10_Source_Repos\21_robot\acc-t17-r2-repro\build\RobWorkStudio\ext\qtpropertybrowser\qtpropertybrowser.vcxproj]
      D:\software\QT\6.11.1\msvc2022_64\include\QtCore\qvariant.h(149,70):
      参见“QVariant::Type”的声明
  
D:\10_Source_Repos\21_robot\acc-t17-r2-repro\RobWork\RobWorkStudio\ext\qtpropertybrowser\src\qtvariantproperty.cpp(1268,23): warning C4996: 'QVariant::Type': Use QMetaType::Type instead. [D:\10_Source_Repos\21_robot\acc-t17-r2-repro\build\RobWorkStudio\ext\qtpropertybrowser\qtpropertybrowser.vcxproj]
      D:\software\QT\6.11.1\msvc2022_64\include\QtCore\qvariant.h(149,70):
      参见“QVariant::Type”的声明
  
D:\10_Source_Repos\21_robot\acc-t17-r2-repro\RobWork\RobWorkStudio\ext\qtpropertybrowser\src\qtvariantproperty.cpp(1283,51): warning C4996: 'QVariant::Type': Use QMetaType::Type instead. [D:\10_Source_Repos\21_robot\acc-t17-r2-repro\build\RobWorkStudio\ext\qtpropertybrowser\qtpropertybrowser.vcxproj]
      D:\software\QT\6.11.1\msvc2022_64\include\QtCore\qvariant.h(149,70):
      参见“QVariant::Type”的声明
  
D:\10_Source_Repos\21_robot\acc-t17-r2-repro\RobWork\RobWorkStudio\ext\qtpropertybrowser\src\qtpropertybrowserutils.cpp(357,12): warning C4996: 'QKeyCombination::operator int': Use QKeyCombination instead of int [D:\10_Source_Repos\21_robot\acc-t17-r2-repro\build\RobWorkStudio\ext\qtpropertybrowser\qtpropertybrowser.vcxproj]
D:\10_Source_Repos\21_robot\acc-t17-r2-repro\RobWork\RobWorkStudio\ext\qtpropertybrowser\src\qtpropertybrowserutils.cpp(358,12): warning C4996: 'QKeyCombination::operator int': Use QKeyCombination instead of int [D:\10_Source_Repos\21_robot\acc-t17-r2-repro\build\RobWorkStudio\ext\qtpropertybrowser\qtpropertybrowser.vcxproj]
D:\10_Source_Repos\21_robot\acc-t17-r2-repro\RobWork\RobWorkStudio\ext\qtpropertybrowser\src\qtpropertybrowserutils.cpp(359,12): warning C4996: 'QKeyCombination::operator int': Use QKeyCombination instead of int [D:\10_Source_Repos\21_robot\acc-t17-r2-repro\build\RobWorkStudio\ext\qtpropertybrowser\qtpropertybrowser.vcxproj]
D:\10_Source_Repos\21_robot\acc-t17-r2-repro\RobWork\RobWorkStudio\ext\qtpropertybrowser\src\qtpropertybrowserutils.cpp(360,12): warning C4996: 'QKeyCombination::operator int': Use QKeyCombination instead of int [D:\10_Source_Repos\21_robot\acc-t17-r2-repro\build\RobWorkStudio\ext\qtpropertybrowser\qtpropertybrowser.vcxproj]
D:\10_Source_Repos\21_robot\acc-t17-r2-repro\RobWork\RobWorkStudio\ext\qtpropertybrowser\src\qtvariantproperty.cpp(1632,70): warning C4996: 'QVariant::Type': Use QMetaType::Type instead. [D:\10_Source_Repos\21_robot\acc-t17-r2-repro\build\RobWorkStudio\ext\qtpropertybrowser\qtpropertybrowser.vcxproj]
D:\10_Source_Repos\21_robot\acc-t17-r2-repro\RobWork\RobWorkStudio\ext\qtpropertybrowser\src\qtvariantproperty.cpp(1632,37): warning C4996: 'QVariant::canConvert': 被声明为已否决 [D:\10_Source_Repos\21_robot\acc-t17-r2-repro\build\RobWorkStudio\ext\qtpropertybrowser\qtpropertybrowser.vcxproj]
D:\10_Source_Repos\21_robot\acc-t17-r2-repro\RobWork\RobWorkStudio\ext\qtpropertybrowser\src\qtvariantproperty.cpp(1736,46): warning C4996: 'QVariant::Type': Use QMetaType::Type instead. [D:\10_Source_Repos\21_robot\acc-t17-r2-repro\build\RobWorkStudio\ext\qtpropertybrowser\qtpropertybrowser.vcxproj]
D:\10_Source_Repos\21_robot\acc-t17-r2-repro\RobWork\RobWorkStudio\ext\qtpropertybrowser\src\qtvariantproperty.cpp(1736,24): warning C4996: 'QVariant::canConvert': 被声明为已否决 [D:\10_Source_Repos\21_robot\acc-t17-r2-repro\build\RobWorkStudio\ext\qtpropertybrowser\qtpropertybrowser.vcxproj]
D:\10_Source_Repos\21_robot\acc-t17-r2-repro\RobWork\RobWorkStudio\ext\qtpropertybrowser\src\qtvariantproperty.cpp(2014,65): warning C4996: 'QVariant::Type': Use QMetaType::Type instead. [D:\10_Source_Repos\21_robot\acc-t17-r2-repro\build\RobWorkStudio\ext\qtpropertybrowser\qtpropertybrowser.vcxproj]
      D:\software\QT\6.11.1\msvc2022_64\include\QtCore\qvariant.h(149,70):
      参见“QVariant::Type”的声明
  
D:\10_Source_Repos\21_robot\acc-t17-r2-repro\RobWork\RobWorkStudio\ext\qtpropertybrowser\src\qtvariantproperty.cpp(2015,38): warning C4996: 'QVariant::Type': Use QMetaType::Type instead. [D:\10_Source_Repos\21_robot\acc-t17-r2-repro\build\RobWorkStudio\ext\qtpropertybrowser\qtpropertybrowser.vcxproj]
      D:\software\QT\6.11.1\msvc2022_64\include\QtCore\qvariant.h(149,70):
      参见“QVariant::Type”的声明
  
D:\10_Source_Repos\21_robot\acc-t17-r2-repro\RobWork\RobWorkStudio\ext\qtpropertybrowser\src\qtvariantproperty.cpp(2018,71): warning C4996: 'QVariant::Type': Use QMetaType::Type instead. [D:\10_Source_Repos\21_robot\acc-t17-r2-repro\build\RobWorkStudio\ext\qtpropertybrowser\qtpropertybrowser.vcxproj]
      D:\software\QT\6.11.1\msvc2022_64\include\QtCore\qvariant.h(149,70):
      参见“QVariant::Type”的声明
  
D:\10_Source_Repos\21_robot\acc-t17-r2-repro\RobWork\RobWorkStudio\ext\qtpropertybrowser\src\qtvariantproperty.cpp(2019,38): warning C4996: 'QVariant::Type': Use QMetaType::Type instead. [D:\10_Source_Repos\21_robot\acc-t17-r2-repro\build\RobWorkStudio\ext\qtpropertybrowser\qtpropertybrowser.vcxproj]
      D:\software\QT\6.11.1\msvc2022_64\include\QtCore\qvariant.h(149,70):
      参见“QVariant::Type”的声明
  
D:\10_Source_Repos\21_robot\acc-t17-r2-repro\RobWork\RobWorkStudio\ext\qtpropertybrowser\src\qtvariantproperty.cpp(2022,66): warning C4996: 'QVariant::Type': Use QMetaType::Type instead. [D:\10_Source_Repos\21_robot\acc-t17-r2-repro\build\RobWorkStudio\ext\qtpropertybrowser\qtpropertybrowser.vcxproj]
      D:\software\QT\6.11.1\msvc2022_64\include\QtCore\qvariant.h(149,70):
      参见“QVariant::Type”的声明
  
D:\10_Source_Repos\21_robot\acc-t17-r2-repro\RobWork\RobWorkStudio\ext\qtpropertybrowser\src\qtvariantproperty.cpp(2023,38): warning C4996: 'QVariant::Type': Use QMetaType::Type instead. [D:\10_Source_Repos\21_robot\acc-t17-r2-repro\build\RobWorkStudio\ext\qtpropertybrowser\qtpropertybrowser.vcxproj]
      D:\software\QT\6.11.1\msvc2022_64\include\QtCore\qvariant.h(149,70):
      参见“QVariant::Type”的声明
  
D:\10_Source_Repos\21_robot\acc-t17-r2-repro\RobWork\RobWorkStudio\ext\qtpropertybrowser\src\qtvariantproperty.cpp(2026,66): warning C4996: 'QVariant::Type': Use QMetaType::Type instead. [D:\10_Source_Repos\21_robot\acc-t17-r2-repro\build\RobWorkStudio\ext\qtpropertybrowser\qtpropertybrowser.vcxproj]
      D:\software\QT\6.11.1\msvc2022_64\include\QtCore\qvariant.h(149,70):
      参见“QVariant::Type”的声明
  
D:\10_Source_Repos\21_robot\acc-t17-r2-repro\RobWork\RobWorkStudio\ext\qtpropertybrowser\src\qtvariantproperty.cpp(2027,38): warning C4996: 'QVariant::Type': Use QMetaType::Type instead. [D:\10_Source_Repos\21_robot\acc-t17-r2-repro\build\RobWorkStudio\ext\qtpropertybrowser\qtpropertybrowser.vcxproj]
      D:\software\QT\6.11.1\msvc2022_64\include\QtCore\qvariant.h(149,70):
      参见“QVariant::Type”的声明
  
D:\10_Source_Repos\21_robot\acc-t17-r2-repro\RobWork\RobWorkStudio\ext\qtpropertybrowser\src\qtvariantproperty.cpp(2030,66): warning C4996: 'QVariant::Type': Use QMetaType::Type instead. [D:\10_Source_Repos\21_robot\acc-t17-r2-repro\build\RobWorkStudio\ext\qtpropertybrowser\qtpropertybrowser.vcxproj]
      D:\software\QT\6.11.1\msvc2022_64\include\QtCore\qvariant.h(149,70):
      参见“QVariant::Type”的声明
  
D:\10_Source_Repos\21_robot\acc-t17-r2-repro\RobWork\RobWorkStudio\ext\qtpropertybrowser\src\qtvariantproperty.cpp(2031,38): warning C4996: 'QVariant::Type': Use QMetaType::Type instead. [D:\10_Source_Repos\21_robot\acc-t17-r2-repro\build\RobWorkStudio\ext\qtpropertybrowser\qtpropertybrowser.vcxproj]
      D:\software\QT\6.11.1\msvc2022_64\include\QtCore\qvariant.h(149,70):
      参见“QVariant::Type”的声明
  
D:\10_Source_Repos\21_robot\acc-t17-r2-repro\RobWork\RobWorkStudio\ext\qtpropertybrowser\src\qtvariantproperty.cpp(2034,66): warning C4996: 'QVariant::Type': Use QMetaType::Type instead. [D:\10_Source_Repos\21_robot\acc-t17-r2-repro\build\RobWorkStudio\ext\qtpropertybrowser\qtpropertybrowser.vcxproj]
      D:\software\QT\6.11.1\msvc2022_64\include\QtCore\qvariant.h(149,70):
      参见“QVariant::Type”的声明
  
D:\10_Source_Repos\21_robot\acc-t17-r2-repro\RobWork\RobWorkStudio\ext\qtpropertybrowser\src\qtvariantproperty.cpp(2035,38): warning C4996: 'QVariant::Type': Use QMetaType::Type instead. [D:\10_Source_Repos\21_robot\acc-t17-r2-repro\build\RobWorkStudio\ext\qtpropertybrowser\qtpropertybrowser.vcxproj]
      D:\software\QT\6.11.1\msvc2022_64\include\QtCore\qvariant.h(149,70):
      参见“QVariant::Type”的声明
  
D:\10_Source_Repos\21_robot\acc-t17-r2-repro\RobWork\RobWorkStudio\ext\qtpropertybrowser\src\qtvariantproperty.cpp(2038,70): warning C4996: 'QVariant::Type': Use QMetaType::Type instead. [D:\10_Source_Repos\21_robot\acc-t17-r2-repro\build\RobWorkStudio\ext\qtpropertybrowser\qtpropertybrowser.vcxproj]
      D:\software\QT\6.11.1\msvc2022_64\include\QtCore\qvariant.h(149,70):
      参见“QVariant::Type”的声明
  
D:\10_Source_Repos\21_robot\acc-t17-r2-repro\RobWork\RobWorkStudio\ext\qtpropertybrowser\src\qtvariantproperty.cpp(2039,38): warning C4996: 'QVariant::Type': Use QMetaType::Type instead. [D:\10_Source_Repos\21_robot\acc-t17-r2-repro\build\RobWorkStudio\ext\qtpropertybrowser\qtpropertybrowser.vcxproj]
      D:\software\QT\6.11.1\msvc2022_64\include\QtCore\qvariant.h(149,70):
      参见“QVariant::Type”的声明
  
D:\10_Source_Repos\21_robot\acc-t17-r2-repro\RobWork\RobWorkStudio\ext\qtpropertybrowser\src\qtvariantproperty.cpp(2042,75): warning C4996: 'QVariant::Type': Use QMetaType::Type instead. [D:\10_Source_Repos\21_robot\acc-t17-r2-repro\build\RobWorkStudio\ext\qtpropertybrowser\qtpropertybrowser.vcxproj]
      D:\software\QT\6.11.1\msvc2022_64\include\QtCore\qvariant.h(149,70):
      参见“QVariant::Type”的声明
  
D:\10_Source_Repos\21_robot\acc-t17-r2-repro\RobWork\RobWorkStudio\ext\qtpropertybrowser\src\qtvariantproperty.cpp(2043,38): warning C4996: 'QVariant::Type': Use QMetaType::Type instead. [D:\10_Source_Repos\21_robot\acc-t17-r2-repro\build\RobWorkStudio\ext\qtpropertybrowser\qtpropertybrowser.vcxproj]
      D:\software\QT\6.11.1\msvc2022_64\include\QtCore\qvariant.h(149,70):
      参见“QVariant::Type”的声明
  
D:\10_Source_Repos\21_robot\acc-t17-r2-repro\RobWork\RobWorkStudio\ext\qtpropertybrowser\src\qtvariantproperty.cpp(2046,68): warning C4996: 'QVariant::Type': Use QMetaType::Type instead. [D:\10_Source_Repos\21_robot\acc-t17-r2-repro\build\RobWorkStudio\ext\qtpropertybrowser\qtpropertybrowser.vcxproj]
      D:\software\QT\6.11.1\msvc2022_64\include\QtCore\qvariant.h(149,70):
      参见“QVariant::Type”的声明
  
D:\10_Source_Repos\21_robot\acc-t17-r2-repro\RobWork\RobWorkStudio\ext\qtpropertybrowser\src\qtvariantproperty.cpp(2047,38): warning C4996: 'QVariant::Type': Use QMetaType::Type instead. [D:\10_Source_Repos\21_robot\acc-t17-r2-repro\build\RobWorkStudio\ext\qtpropertybrowser\qtpropertybrowser.vcxproj]
      D:\software\QT\6.11.1\msvc2022_64\include\QtCore\qvariant.h(149,70):
      参见“QVariant::Type”的声明
  
D:\10_Source_Repos\21_robot\acc-t17-r2-repro\RobWork\RobWorkStudio\ext\qtpropertybrowser\src\qtvariantproperty.cpp(2050,70): warning C4996: 'QVariant::Type': Use QMetaType::Type instead. [D:\10_Source_Repos\21_robot\acc-t17-r2-repro\build\RobWorkStudio\ext\qtpropertybrowser\qtpropertybrowser.vcxproj]
      D:\software\QT\6.11.1\msvc2022_64\include\QtCore\qvariant.h(149,70):
      参见“QVariant::Type”的声明
  
D:\10_Source_Repos\21_robot\acc-t17-r2-repro\RobWork\RobWorkStudio\ext\qtpropertybrowser\src\qtvariantproperty.cpp(2051,38): warning C4996: 'QVariant::Type': Use QMetaType::Type instead. [D:\10_Source_Repos\21_robot\acc-t17-r2-repro\build\RobWorkStudio\ext\qtpropertybrowser\qtpropertybrowser.vcxproj]
      D:\software\QT\6.11.1\msvc2022_64\include\QtCore\qvariant.h(149,70):
      参见“QVariant::Type”的声明
  
D:\10_Source_Repos\21_robot\acc-t17-r2-repro\RobWork\RobWorkStudio\ext\qtpropertybrowser\src\qtvariantproperty.cpp(2054,69): warning C4996: 'QVariant::Type': Use QMetaType::Type instead. [D:\10_Source_Repos\21_robot\acc-t17-r2-repro\build\RobWorkStudio\ext\qtpropertybrowser\qtpropertybrowser.vcxproj]
      D:\software\QT\6.11.1\msvc2022_64\include\QtCore\qvariant.h(149,70):
      参见“QVariant::Type”的声明
  
D:\10_Source_Repos\21_robot\acc-t17-r2-repro\RobWork\RobWorkStudio\ext\qtpropertybrowser\src\qtvariantproperty.cpp(2055,38): warning C4996: 'QVariant::Type': Use QMetaType::Type instead. [D:\10_Source_Repos\21_robot\acc-t17-r2-repro\build\RobWorkStudio\ext\qtpropertybrowser\qtpropertybrowser.vcxproj]
      D:\software\QT\6.11.1\msvc2022_64\include\QtCore\qvariant.h(149,70):
      参见“QVariant::Type”的声明
  
D:\10_Source_Repos\21_robot\acc-t17-r2-repro\RobWork\RobWorkStudio\ext\qtpropertybrowser\src\qtvariantproperty.cpp(2058,68): warning C4996: 'QVariant::Type': Use QMetaType::Type instead. [D:\10_Source_Repos\21_robot\acc-t17-r2-repro\build\RobWorkStudio\ext\qtpropertybrowser\qtpropertybrowser.vcxproj]
      D:\software\QT\6.11.1\msvc2022_64\include\QtCore\qvariant.h(149,70):
      参见“QVariant::Type”的声明
  
D:\10_Source_Repos\21_robot\acc-t17-r2-repro\RobWork\RobWorkStudio\ext\qtpropertybrowser\src\qtvariantproperty.cpp(2059,38): warning C4996: 'QVariant::Type': Use QMetaType::Type instead. [D:\10_Source_Repos\21_robot\acc-t17-r2-repro\build\RobWorkStudio\ext\qtpropertybrowser\qtpropertybrowser.vcxproj]
      D:\software\QT\6.11.1\msvc2022_64\include\QtCore\qvariant.h(149,70):
      参见“QVariant::Type”的声明
  
D:\10_Source_Repos\21_robot\acc-t17-r2-repro\RobWork\RobWorkStudio\ext\qtpropertybrowser\src\qtpropertymanager.cpp(430,39): warning C4996: 'QLocale::countryToString': Use territoryToString(Territory) instead [D:\10_Source_Repos\21_robot\acc-t17-r2-repro\build\RobWorkStudio\ext\qtpropertybrowser\qtpropertybrowser.vcxproj]
D:\10_Source_Repos\21_robot\acc-t17-r2-repro\RobWork\RobWorkStudio\ext\qtpropertybrowser\src\qtpropertymanager.cpp(455,30): warning C4996: 'QLocale::countriesForLanguage': Query territory() on each entry from matchingLocales() instead [D:\10_Source_Repos\21_robot\acc-t17-r2-repro\build\RobWorkStudio\ext\qtpropertybrowser\qtpropertybrowser.vcxproj]
D:\10_Source_Repos\21_robot\acc-t17-r2-repro\RobWork\RobWorkStudio\ext\qtpropertybrowser\src\qtpropertymanager.cpp(457,33): warning C4996: 'QLocale::country': Use territory() instead [D:\10_Source_Repos\21_robot\acc-t17-r2-repro\build\RobWorkStudio\ext\qtpropertybrowser\qtpropertybrowser.vcxproj]
D:\10_Source_Repos\21_robot\acc-t17-r2-repro\RobWork\RobWorkStudio\ext\qtpropertybrowser\src\qtpropertymanager.cpp(469,42): warning C4996: 'QLocale::countryToString': Use territoryToString(Territory) instead [D:\10_Source_Repos\21_robot\acc-t17-r2-repro\build\RobWorkStudio\ext\qtpropertybrowser\qtpropertybrowser.vcxproj]
D:\10_Source_Repos\21_robot\acc-t17-r2-repro\RobWork\RobWorkStudio\ext\qtpropertybrowser\src\qtpropertymanager.cpp(2464,43): warning C4996: 'QLocale::country': Use territory() instead [D:\10_Source_Repos\21_robot\acc-t17-r2-repro\build\RobWorkStudio\ext\qtpropertybrowser\qtpropertybrowser.vcxproj]
D:\10_Source_Repos\21_robot\acc-t17-r2-repro\RobWork\RobWorkStudio\ext\qtpropertybrowser\src\qtpropertymanager.cpp(2471,43): warning C4996: 'QLocale::country': Use territory() instead [D:\10_Source_Repos\21_robot\acc-t17-r2-repro\build\RobWorkStudio\ext\qtpropertybrowser\qtpropertybrowser.vcxproj]
D:\10_Source_Repos\21_robot\acc-t17-r2-repro\RobWork\RobWorkStudio\ext\qtpropertybrowser\src\qtpropertymanager.cpp(2587,59): warning C4996: 'QLocale::country': Use territory() instead [D:\10_Source_Repos\21_robot\acc-t17-r2-repro\build\RobWorkStudio\ext\qtpropertybrowser\qtpropertybrowser.vcxproj]
D:\10_Source_Repos\21_robot\acc-t17-r2-repro\RobWork\RobWorkStudio\ext\qtpropertybrowser\src\qtpropertymanager.cpp(2616,59): warning C4996: 'QLocale::country': Use territory() instead [D:\10_Source_Repos\21_robot\acc-t17-r2-repro\build\RobWorkStudio\ext\qtpropertybrowser\qtpropertybrowser.vcxproj]
D:\10_Source_Repos\21_robot\acc-t17-r2-repro\RobWork\RobWorkStudio\ext\qtpropertybrowser\src\qtpropertymanager.cpp(2638,59): warning C4996: 'QLocale::country': Use territory() instead [D:\10_Source_Repos\21_robot\acc-t17-r2-repro\build\RobWorkStudio\ext\qtpropertybrowser\qtpropertybrowser.vcxproj]
D:\10_Source_Repos\21_robot\acc-t17-r2-repro\RobWork\RobWorkStudio\ext\qtpropertybrowser\src\qteditorfactory.cpp(1736,14): warning C4996: 'QString::count': Use size() or length() instead. [D:\10_Source_Repos\21_robot\acc-t17-r2-repro\build\RobWorkStudio\ext\qtpropertybrowser\qtpropertybrowser.vcxproj]
  qtpropertybrowser.vcxproj -> D:\10_Source_Repos\21_robot\acc-t17-r2-repro\build\RobWorkStudio\libs\Release\qtpropertybrowser.lib
  Auto build dll exports
    正在创建库 D:/10_Source_Repos/21_robot/acc-t17-r2-repro/build/RobWork/libs/Release/sdurw_core.lib 和对象 D:/10_Source_Repos/21_robot/acc-t17-r2-repro/build/RobWork/libs/Release/sdurw_core.exp
  sdurw_core.vcxproj -> D:\10_Source_Repos\21_robot\acc-t17-r2-repro\build\RobWork\bin\Release\sdurw_core.dll
  D:\10_Source_Repos\21_robot\RobWork\vcpkg\installed\x64-windows\bin\boost_filesystem-vc143-mt-x64-1_92.dll -> D:\10_Source_Repos\21_robot\acc-t17-r2-repro\build\RobWork\bin\Release\boost_filesystem-vc143-mt-x64-1_92.dll done
  D:\10_Source_Repos\21_robot\RobWork\vcpkg\installed\x64-windows\bin\boost_program_options-vc143-mt-x64-1_92.dll -> D:\10_Source_Repos\21_robot\acc-t17-r2-repro\build\RobWork\bin\Release\boost_program_options-vc143-mt-x64-1_92.dll done
  Building Custom Rule D:/10_Source_Repos/21_robot/acc-t17-r2-repro/RobWork/RobWork/src/rw/common/CMakeLists.txt
  Building Custom Rule D:/10_Source_Repos/21_robot/acc-t17-r2-repro/RobWork/RobWork/src/rw/plugin/CMakeLists.txt
  Archive.cpp
  BINArchive.cpp
  Cache.cpp
  ConcatVectorIterator.cpp
  FileCache.cpp
  INIArchive.cpp
  InputArchive.cpp
  LogBufferedChar.cpp
  LogBufferedMsg.cpp
  LogFileWriter.cpp
  LogMultiWriter.cpp
  OutputArchive.cpp
  PairMap.cpp
  ProgramOptions.cpp
  Serializable.cpp
  ThreadPool.cpp
  ThreadSafeQueue.cpp
  ThreadSafeStack.cpp
  ThreadSafeVariable.cpp
  ThreadTask.cpp
  Timer.cpp
  TimerUtil.cpp
  VectorIterator.cpp
  DynamicLibraryLoader.cpp
  DynamicLibraryLoaderBase.cpp
  PluginFactory.cpp
  PluginFactoryBase.cpp
  PluginRepository.cpp
  Auto build dll exports
    正在创建库 D:/10_Source_Repos/21_robot/acc-t17-r2-repro/build/RobWork/libs/Release/sdurw_plugin.lib 和对象 D:/10_Source_Repos/21_robot/acc-t17-r2-repro/build/RobWork/libs/Release/sdurw_plugin.exp
  sdurw_plugin.vcxproj -> D:\10_Source_Repos\21_robot\acc-t17-r2-repro\build\RobWork\bin\Release\sdurw_plugin.dll
  Auto build dll exports
    正在创建库 D:/10_Source_Repos/21_robot/acc-t17-r2-repro/build/RobWork/libs/Release/sdurw_common.lib 和对象 D:/10_Source_Repos/21_robot/acc-t17-r2-repro/build/RobWork/libs/Release/sdurw_common.exp
  sdurw_common.vcxproj -> D:\10_Source_Repos\21_robot\acc-t17-r2-repro\build\RobWork\bin\Release\sdurw_common.dll
  D:\10_Source_Repos\21_robot\RobWork\vcpkg\installed\x64-windows\bin\boost_thread-vc143-mt-x64-1_92.dll -> D:\10_Source_Repos\21_robot\acc-t17-r2-repro\build\RobWork\bin\Release\boost_thread-vc143-mt-x64-1_92.dll done
  Building Custom Rule D:/10_Source_Repos/21_robot/acc-t17-r2-repro/RobWork/RobWork/src/rw/math/CMakeLists.txt
  CameraMatrix.cpp
  EAA.cpp
  EigenDecomposition.cpp
  InertiaMatrix.cpp
  Jacobian.cpp
  Line2D.cpp
  Line2DPolar.cpp
  LinearAlgebra.cpp
  Math.cpp
  Metric.cpp
  MetricFactory.cpp
  MetricUtil.cpp
  PerspectiveTransform2D.cpp
  Polynomial.cpp
  PolynomialND.cpp
  PolynomialSolver.cpp
  Pose2D.cpp
  Pose6D.cpp
  ProjectionMatrix.cpp
  Q.cpp
  Quaternion.cpp
  RPY.cpp
  Random.cpp
  Rotation2D.cpp
  Rotation3D.cpp
  Rotation3DVector.cpp
  Statistics.cpp
  Transform2D.cpp
  Transform3D.cpp
  Transform3DVector.cpp
  Vector.cpp
  Vector2D.cpp
  Vector3D.cpp
  VectorND.cpp
  VelocityScrew6D.cpp
  Wrench6D.cpp
D:\10_Source_Repos\21_robot\acc-t17-r2-repro\RobWork\RobWork\src\rw\math\LinearAlgebra.cpp(32,15): warning C4996: 'Eigen::MatrixBase<Derived>::jacobiSvd': Options should be specified using method's template parameter. [D:\10_Source_Repos\21_robot\acc-t17-r2-repro\build\RobWork\src\rw\math\sdurw_math.vcxproj]
D:\10_Source_Repos\21_robot\acc-t17-r2-repro\RobWork\RobWork\src\rw\math\LinearAlgebra.cpp(32,15): warning C4996:         with [D:\10_Source_Repos\21_robot\acc-t17-r2-repro\build\RobWork\src\rw\math\sdurw_math.vcxproj]
D:\10_Source_Repos\21_robot\acc-t17-r2-repro\RobWork\RobWork\src\rw\math\LinearAlgebra.cpp(32,15): warning C4996:         [ [D:\10_Source_Repos\21_robot\acc-t17-r2-repro\build\RobWork\src\rw\math\sdurw_math.vcxproj]
D:\10_Source_Repos\21_robot\acc-t17-r2-repro\RobWork\RobWork\src\rw\math\LinearAlgebra.cpp(32,15): warning C4996:             Derived=Eigen::Matrix<double,-1,-1,0,-1,-1> [D:\10_Source_Repos\21_robot\acc-t17-r2-repro\build\RobWork\src\rw\math\sdurw_math.vcxproj]
D:\10_Source_Repos\21_robot\acc-t17-r2-repro\RobWork\RobWork\src\rw\math\LinearAlgebra.cpp(32,15): warning C4996:         ] [D:\10_Source_Repos\21_robot\acc-t17-r2-repro\build\RobWork\src\rw\math\sdurw_math.vcxproj]
D:\10_Source_Repos\21_robot\acc-t17-r2-repro\RobWork\RobWork\src\rw\math\LinearAlgebra.cpp(44,16): warning C4996: 'Eigen::MatrixBase<Derived>::jacobiSvd': Options should be specified using method's template parameter. [D:\10_Source_Repos\21_robot\acc-t17-r2-repro\build\RobWork\src\rw\math\sdurw_math.vcxproj]
D:\10_Source_Repos\21_robot\acc-t17-r2-repro\RobWork\RobWork\src\rw\math\LinearAlgebra.cpp(44,16): warning C4996:         with [D:\10_Source_Repos\21_robot\acc-t17-r2-repro\build\RobWork\src\rw\math\sdurw_math.vcxproj]
D:\10_Source_Repos\21_robot\acc-t17-r2-repro\RobWork\RobWork\src\rw\math\LinearAlgebra.cpp(44,16): warning C4996:         [ [D:\10_Source_Repos\21_robot\acc-t17-r2-repro\build\RobWork\src\rw\math\sdurw_math.vcxproj]
D:\10_Source_Repos\21_robot\acc-t17-r2-repro\RobWork\RobWork\src\rw\math\LinearAlgebra.cpp(44,16): warning C4996:             Derived=Eigen::Matrix<double,-1,-1,0,-1,-1> [D:\10_Source_Repos\21_robot\acc-t17-r2-repro\build\RobWork\src\rw\math\sdurw_math.vcxproj]
D:\10_Source_Repos\21_robot\acc-t17-r2-repro\RobWork\RobWork\src\rw\math\LinearAlgebra.cpp(44,16): warning C4996:         ] [D:\10_Source_Repos\21_robot\acc-t17-r2-repro\build\RobWork\src\rw\math\sdurw_math.vcxproj]
D:\10_Source_Repos\21_robot\acc-t17-r2-repro\RobWork\RobWork\src\rw\math\LinearAlgebra.cpp(59,11): warning C4996: 'Eigen::MatrixBase<Derived>::jacobiSvd': Options should be specified using method's template parameter. [D:\10_Source_Repos\21_robot\acc-t17-r2-repro\build\RobWork\src\rw\math\sdurw_math.vcxproj]
D:\10_Source_Repos\21_robot\acc-t17-r2-repro\RobWork\RobWork\src\rw\math\LinearAlgebra.cpp(59,11): warning C4996:         with [D:\10_Source_Repos\21_robot\acc-t17-r2-repro\build\RobWork\src\rw\math\sdurw_math.vcxproj]
D:\10_Source_Repos\21_robot\acc-t17-r2-repro\RobWork\RobWork\src\rw\math\LinearAlgebra.cpp(59,11): warning C4996:         [ [D:\10_Source_Repos\21_robot\acc-t17-r2-repro\build\RobWork\src\rw\math\sdurw_math.vcxproj]
D:\10_Source_Repos\21_robot\acc-t17-r2-repro\RobWork\RobWork\src\rw\math\LinearAlgebra.cpp(59,11): warning C4996:             Derived=Eigen::Matrix<double,-1,-1,0,-1,-1> [D:\10_Source_Repos\21_robot\acc-t17-r2-repro\build\RobWork\src\rw\math\sdurw_math.vcxproj]
D:\10_Source_Repos\21_robot\acc-t17-r2-repro\RobWork\RobWork\src\rw\math\LinearAlgebra.cpp(59,11): warning C4996:         ] [D:\10_Source_Repos\21_robot\acc-t17-r2-repro\build\RobWork\src\rw\math\sdurw_math.vcxproj]
D:\10_Source_Repos\21_robot\acc-t17-r2-repro\RobWork\RobWork\src\rw\math\Quaternion.cpp(64,27): warning C4244: “=”: 从“double”转换到“T”，可能丢失数据 [D:\10_Source_Repos\21_robot\acc-t17-r2-repro\build\RobWork\src\rw\math\sdurw_math.vcxproj]
D:\10_Source_Repos\21_robot\acc-t17-r2-repro\RobWork\RobWork\src\rw\math\Quaternion.cpp(64,27): warning C4244:         with [D:\10_Source_Repos\21_robot\acc-t17-r2-repro\build\RobWork\src\rw\math\sdurw_math.vcxproj]
D:\10_Source_Repos\21_robot\acc-t17-r2-repro\RobWork\RobWork\src\rw\math\Quaternion.cpp(64,27): warning C4244:         [ [D:\10_Source_Repos\21_robot\acc-t17-r2-repro\build\RobWork\src\rw\math\sdurw_math.vcxproj]
D:\10_Source_Repos\21_robot\acc-t17-r2-repro\RobWork\RobWork\src\rw\math\Quaternion.cpp(64,27): warning C4244:             T=float [D:\10_Source_Repos\21_robot\acc-t17-r2-repro\build\RobWork\src\rw\math\sdurw_math.vcxproj]
D:\10_Source_Repos\21_robot\acc-t17-r2-repro\RobWork\RobWork\src\rw\math\Quaternion.cpp(64,27): warning C4244:         ] [D:\10_Source_Repos\21_robot\acc-t17-r2-repro\build\RobWork\src\rw\math\sdurw_math.vcxproj]
      D:\10_Source_Repos\21_robot\acc-t17-r2-repro\RobWork\RobWork\src\rw\math\Quaternion.cpp(64,27):
      模板实例化上下文(最早的实例化上下文)为
          D:\10_Source_Repos\21_robot\acc-t17-r2-repro\RobWork\RobWork\src\rw\math\Quaternion.hpp(629,56):
          查看对正在编译的 类 模板 实例化“rw::math::Quaternion<float>”的引用
          D:\10_Source_Repos\21_robot\acc-t17-r2-repro\RobWork\RobWork\src\rw\math\Quaternion.cpp(61,1):
          在编译 类 模板 成员函数“rw::math::Quaternion<float> rw::math::Quaternion<float>::pow(double) const”时
  
D:\10_Source_Repos\21_robot\acc-t17-r2-repro\RobWork\RobWork\src\rw\math\Quaternion.hpp(276,50): warning C4244: “初始化”: 从“T”转换到“T”，可能丢失数据 [D:\10_Source_Repos\21_robot\acc-t17-r2-repro\build\RobWork\src\rw\math\sdurw_math.vcxproj]
D:\10_Source_Repos\21_robot\acc-t17-r2-repro\RobWork\RobWork\src\rw\math\Quaternion.hpp(276,50): warning C4244:         with [D:\10_Source_Repos\21_robot\acc-t17-r2-repro\build\RobWork\src\rw\math\sdurw_math.vcxproj]
D:\10_Source_Repos\21_robot\acc-t17-r2-repro\RobWork\RobWork\src\rw\math\Quaternion.hpp(276,50): warning C4244:         [ [D:\10_Source_Repos\21_robot\acc-t17-r2-repro\build\RobWork\src\rw\math\sdurw_math.vcxproj]
D:\10_Source_Repos\21_robot\acc-t17-r2-repro\RobWork\RobWork\src\rw\math\Quaternion.hpp(276,50): warning C4244:             T=double [D:\10_Source_Repos\21_robot\acc-t17-r2-repro\build\RobWork\src\rw\math\sdurw_math.vcxproj]
D:\10_Source_Repos\21_robot\acc-t17-r2-repro\RobWork\RobWork\src\rw\math\Quaternion.hpp(276,50): warning C4244:         ] [D:\10_Source_Repos\21_robot\acc-t17-r2-repro\build\RobWork\src\rw\math\sdurw_math.vcxproj]
D:\10_Source_Repos\21_robot\acc-t17-r2-repro\RobWork\RobWork\src\rw\math\Quaternion.hpp(276,50): warning C4244:         and [D:\10_Source_Repos\21_robot\acc-t17-r2-repro\build\RobWork\src\rw\math\sdurw_math.vcxproj]
D:\10_Source_Repos\21_robot\acc-t17-r2-repro\RobWork\RobWork\src\rw\math\Quaternion.hpp(276,50): warning C4244:         [ [D:\10_Source_Repos\21_robot\acc-t17-r2-repro\build\RobWork\src\rw\math\sdurw_math.vcxproj]
D:\10_Source_Repos\21_robot\acc-t17-r2-repro\RobWork\RobWork\src\rw\math\Quaternion.hpp(276,50): warning C4244:             T=float [D:\10_Source_Repos\21_robot\acc-t17-r2-repro\build\RobWork\src\rw\math\sdurw_math.vcxproj]
D:\10_Source_Repos\21_robot\acc-t17-r2-repro\RobWork\RobWork\src\rw\math\Quaternion.hpp(276,50): warning C4244:         ] [D:\10_Source_Repos\21_robot\acc-t17-r2-repro\build\RobWork\src\rw\math\sdurw_math.vcxproj]
  (编译源文件“../../../../../RobWork/RobWork/src/rw/math/Quaternion.cpp”)
      D:\10_Source_Repos\21_robot\acc-t17-r2-repro\RobWork\RobWork\src\rw\math\Quaternion.hpp(276,50):
      模板实例化上下文(最早的实例化上下文)为
          D:\10_Source_Repos\21_robot\acc-t17-r2-repro\RobWork\RobWork\src\rw\math\Quaternion.hpp(540,26):
          在编译 类 模板 成员函数“rw::math::Quaternion<float> &rw::math::Quaternion<float>::operator =(const rw::math::Rotation3D<double> &)”时
          D:\10_Source_Repos\21_robot\acc-t17-r2-repro\RobWork\RobWork\src\rw\math\Quaternion.hpp(542,19):
          查看对正在编译的函数 模板 实例化“void rw::math::Quaternion<float>::setRotation<double>(const rw::math::Rotation3D<double> &)”的引用
  
D:\10_Source_Repos\21_robot\acc-t17-r2-repro\RobWork\RobWork\src\rw\math\Quaternion.hpp(276,24): warning C4244: “初始化”: 从“T”转换到“const T”，可能丢失数据 [D:\10_Source_Repos\21_robot\acc-t17-r2-repro\build\RobWork\src\rw\math\sdurw_math.vcxproj]
D:\10_Source_Repos\21_robot\acc-t17-r2-repro\RobWork\RobWork\src\rw\math\Quaternion.hpp(276,24): warning C4244:         with [D:\10_Source_Repos\21_robot\acc-t17-r2-repro\build\RobWork\src\rw\math\sdurw_math.vcxproj]
D:\10_Source_Repos\21_robot\acc-t17-r2-repro\RobWork\RobWork\src\rw\math\Quaternion.hpp(276,24): warning C4244:         [ [D:\10_Source_Repos\21_robot\acc-t17-r2-repro\build\RobWork\src\rw\math\sdurw_math.vcxproj]
D:\10_Source_Repos\21_robot\acc-t17-r2-repro\RobWork\RobWork\src\rw\math\Quaternion.hpp(276,24): warning C4244:             T=double [D:\10_Source_Repos\21_robot\acc-t17-r2-repro\build\RobWork\src\rw\math\sdurw_math.vcxproj]
D:\10_Source_Repos\21_robot\acc-t17-r2-repro\RobWork\RobWork\src\rw\math\Quaternion.hpp(276,24): warning C4244:         ] [D:\10_Source_Repos\21_robot\acc-t17-r2-repro\build\RobWork\src\rw\math\sdurw_math.vcxproj]
D:\10_Source_Repos\21_robot\acc-t17-r2-repro\RobWork\RobWork\src\rw\math\Quaternion.hpp(276,24): warning C4244:         and [D:\10_Source_Repos\21_robot\acc-t17-r2-repro\build\RobWork\src\rw\math\sdurw_math.vcxproj]
D:\10_Source_Repos\21_robot\acc-t17-r2-repro\RobWork\RobWork\src\rw\math\Quaternion.hpp(276,24): warning C4244:         [ [D:\10_Source_Repos\21_robot\acc-t17-r2-repro\build\RobWork\src\rw\math\sdurw_math.vcxproj]
D:\10_Source_Repos\21_robot\acc-t17-r2-repro\RobWork\RobWork\src\rw\math\Quaternion.hpp(276,24): warning C4244:             T=float [D:\10_Source_Repos\21_robot\acc-t17-r2-repro\build\RobWork\src\rw\math\sdurw_math.vcxproj]
D:\10_Source_Repos\21_robot\acc-t17-r2-repro\RobWork\RobWork\src\rw\math\Quaternion.hpp(276,24): warning C4244:         ] [D:\10_Source_Repos\21_robot\acc-t17-r2-repro\build\RobWork\src\rw\math\sdurw_math.vcxproj]
  (编译源文件“../../../../../RobWork/RobWork/src/rw/math/Quaternion.cpp”)
  
D:\10_Source_Repos\21_robot\acc-t17-r2-repro\RobWork\RobWork\src\rw\math\VectorND.hpp(444,21): warning C4244: “参数”: 从“double”转换到“const float”，可能丢失数据 [D:\10_Source_Repos\21_robot\acc-t17-r2-repro\build\RobWork\src\rw\math\sdurw_math.vcxproj]
  (编译源文件“../../../../../RobWork/RobWork/src/rw/math/VectorND.cpp”)
      D:\10_Source_Repos\21_robot\acc-t17-r2-repro\RobWork\RobWork\src\rw\math\VectorND.hpp(444,21):
      模板实例化上下文(最早的实例化上下文)为
          D:\10_Source_Repos\21_robot\acc-t17-r2-repro\RobWork\RobWork\src\rw\math\VectorND.hpp(764,57):
          查看对正在编译的 类 模板 实例化“rw::math::VectorND<2,float>”的引用
          D:\10_Source_Repos\21_robot\acc-t17-r2-repro\RobWork\RobWork\src\rw\math\VectorND.hpp(442,27):
          在编译 类 模板 成员函数“rw::math::VectorND<2,float> &rw::math::VectorND<2,float>::operator /=(double)”时
  
D:\10_Source_Repos\21_robot\acc-t17-r2-repro\RobWork\RobWork\src\rw\math\VectorND.hpp(435,21): warning C4244: “参数”: 从“double”转换到“const float”，可能丢失数据 [D:\10_Source_Repos\21_robot\acc-t17-r2-repro\build\RobWork\src\rw\math\sdurw_math.vcxproj]
  (编译源文件“../../../../../RobWork/RobWork/src/rw/math/VectorND.cpp”)
      D:\10_Source_Repos\21_robot\acc-t17-r2-repro\RobWork\RobWork\src\rw\math\VectorND.hpp(435,21):
      模板实例化上下文(最早的实例化上下文)为
          D:\10_Source_Repos\21_robot\acc-t17-r2-repro\RobWork\RobWork\src\rw\math\VectorND.hpp(433,27):
          在编译 类 模板 成员函数“rw::math::VectorND<2,float> &rw::math::VectorND<2,float>::operator *=(double)”时
  
  Auto build dll exports
    正在创建库 D:/10_Source_Repos/21_robot/acc-t17-r2-repro/build/RobWork/libs/Release/sdurw_math.lib 和对象 D:/10_Source_Repos/21_robot/acc-t17-r2-repro/build/RobWork/libs/Release/sdurw_math.exp
  sdurw_math.vcxproj -> D:\10_Source_Repos\21_robot\acc-t17-r2-repro\build\RobWork\bin\Release\sdurw_math.dll
  Building Custom Rule D:/10_Source_Repos/21_robot/acc-t17-r2-repro/RobWork/RobWork/src/rw/kinematics/CMakeLists.txt
  Automatic MOC for target sdurws_ird_core
  Building Custom Rule D:/10_Source_Repos/21_robot/acc-t17-r2-repro/RobWork/RobWorkStudio/src/rwslibs/industrialrobot/core/CMakeLists.txt
  Core.cpp
  Identity.cpp
  Digest.cpp
  Provenance.cpp
  Units.cpp
  Compare.cpp
  Evaluation.cpp
  DiagData.cpp
  Events.cpp
  mocs_compilation_Release.cpp
  FixedFrame.cpp
  FKRange.cpp
  FKTable.cpp
  Frame.cpp
  FrameType.cpp
  FrameMap.cpp
  Kinematics.cpp
  MovableFrame.cpp
  State.cpp
  QState.cpp
  TreeState.cpp
D:\10_Source_Repos\21_robot\acc-t17-r2-repro\RobWork\RobWorkStudio\src\rwslibs\industrialrobot\core\src\Units.cpp(174,16): warning C4099: “sdurws::ird::core::Quantity<sdurws::ird::core::QuantityKind::Length>”: 类型名称以前使用“struct”现在使用的是“class” [D:\10_Source_Repos\21_robot\acc-t17-r2-repro\build\RobWorkStudio\src\rwslibs\industrialrobot\core\sdurws_ird_core.vcxproj]
      D:\10_Source_Repos\21_robot\acc-t17-r2-repro\RobWork\RobWorkStudio\src\rwslibs\industrialrobot\core\include\sdurws\ird\core\Units.hpp(111,8):
      参见“sdurws::ird::core::Quantity<sdurws::ird::core::QuantityKind::Length>”的声明
  
D:\10_Source_Repos\21_robot\acc-t17-r2-repro\RobWork\RobWorkStudio\src\rwslibs\industrialrobot\core\src\Units.cpp(175,16): warning C4099: “sdurws::ird::core::Quantity<sdurws::ird::core::QuantityKind::Angle>”: 类型名称以前使用“struct”现在使用的是“class” [D:\10_Source_Repos\21_robot\acc-t17-r2-repro\build\RobWorkStudio\src\rwslibs\industrialrobot\core\sdurws_ird_core.vcxproj]
      D:\10_Source_Repos\21_robot\acc-t17-r2-repro\RobWork\RobWorkStudio\src\rwslibs\industrialrobot\core\include\sdurws\ird\core\Units.hpp(111,8):
      参见“sdurws::ird::core::Quantity<sdurws::ird::core::QuantityKind::Angle>”的声明
  
D:\10_Source_Repos\21_robot\acc-t17-r2-repro\RobWork\RobWorkStudio\src\rwslibs\industrialrobot\core\src\Units.cpp(176,16): warning C4099: “sdurws::ird::core::Quantity<sdurws::ird::core::QuantityKind::Mass>”: 类型名称以前使用“struct”现在使用的是“class” [D:\10_Source_Repos\21_robot\acc-t17-r2-repro\build\RobWorkStudio\src\rwslibs\industrialrobot\core\sdurws_ird_core.vcxproj]
      D:\10_Source_Repos\21_robot\acc-t17-r2-repro\RobWork\RobWorkStudio\src\rwslibs\industrialrobot\core\include\sdurws\ird\core\Units.hpp(111,8):
      参见“sdurws::ird::core::Quantity<sdurws::ird::core::QuantityKind::Mass>”的声明
  
D:\10_Source_Repos\21_robot\acc-t17-r2-repro\RobWork\RobWorkStudio\src\rwslibs\industrialrobot\core\src\Units.cpp(177,16): warning C4099: “sdurws::ird::core::Quantity<sdurws::ird::core::QuantityKind::Time>”: 类型名称以前使用“struct”现在使用的是“class” [D:\10_Source_Repos\21_robot\acc-t17-r2-repro\build\RobWorkStudio\src\rwslibs\industrialrobot\core\sdurws_ird_core.vcxproj]
      D:\10_Source_Repos\21_robot\acc-t17-r2-repro\RobWork\RobWorkStudio\src\rwslibs\industrialrobot\core\include\sdurws\ird\core\Units.hpp(111,8):
      参见“sdurws::ird::core::Quantity<sdurws::ird::core::QuantityKind::Time>”的声明
  
D:\10_Source_Repos\21_robot\acc-t17-r2-repro\RobWork\RobWorkStudio\src\rwslibs\industrialrobot\core\src\Units.cpp(178,16): warning C4099: “sdurws::ird::core::Quantity<sdurws::ird::core::QuantityKind::Force>”: 类型名称以前使用“struct”现在使用的是“class” [D:\10_Source_Repos\21_robot\acc-t17-r2-repro\build\RobWorkStudio\src\rwslibs\industrialrobot\core\sdurws_ird_core.vcxproj]
      D:\10_Source_Repos\21_robot\acc-t17-r2-repro\RobWork\RobWorkStudio\src\rwslibs\industrialrobot\core\include\sdurws\ird\core\Units.hpp(111,8):
      参见“sdurws::ird::core::Quantity<sdurws::ird::core::QuantityKind::Force>”的声明
  
D:\10_Source_Repos\21_robot\acc-t17-r2-repro\RobWork\RobWorkStudio\src\rwslibs\industrialrobot\core\src\Units.cpp(179,16): warning C4099: “sdurws::ird::core::Quantity<sdurws::ird::core::QuantityKind::Torque>”: 类型名称以前使用“struct”现在使用的是“class” [D:\10_Source_Repos\21_robot\acc-t17-r2-repro\build\RobWorkStudio\src\rwslibs\industrialrobot\core\sdurws_ird_core.vcxproj]
      D:\10_Source_Repos\21_robot\acc-t17-r2-repro\RobWork\RobWorkStudio\src\rwslibs\industrialrobot\core\include\sdurws\ird\core\Units.hpp(111,8):
      参见“sdurws::ird::core::Quantity<sdurws::ird::core::QuantityKind::Torque>”的声明
  
D:\10_Source_Repos\21_robot\acc-t17-r2-repro\RobWork\RobWorkStudio\src\rwslibs\industrialrobot\core\src\Units.cpp(180,16): warning C4099: “sdurws::ird::core::Quantity<sdurws::ird::core::QuantityKind::Inertia>”: 类型名称以前使用“struct”现在使用的是“class” [D:\10_Source_Repos\21_robot\acc-t17-r2-repro\build\RobWorkStudio\src\rwslibs\industrialrobot\core\sdurws_ird_core.vcxproj]
      D:\10_Source_Repos\21_robot\acc-t17-r2-repro\RobWork\RobWorkStudio\src\rwslibs\industrialrobot\core\include\sdurws\ird\core\Units.hpp(111,8):
      参见“sdurws::ird::core::Quantity<sdurws::ird::core::QuantityKind::Inertia>”的声明
  
D:\10_Source_Repos\21_robot\acc-t17-r2-repro\RobWork\RobWorkStudio\src\rwslibs\industrialrobot\core\src\Units.cpp(181,16): warning C4099: “sdurws::ird::core::Quantity<sdurws::ird::core::QuantityKind::Power>”: 类型名称以前使用“struct”现在使用的是“class” [D:\10_Source_Repos\21_robot\acc-t17-r2-repro\build\RobWorkStudio\src\rwslibs\industrialrobot\core\sdurws_ird_core.vcxproj]
      D:\10_Source_Repos\21_robot\acc-t17-r2-repro\RobWork\RobWorkStudio\src\rwslibs\industrialrobot\core\include\sdurws\ird\core\Units.hpp(111,8):
      参见“sdurws::ird::core::Quantity<sdurws::ird::core::QuantityKind::Power>”的声明
  
D:\10_Source_Repos\21_robot\acc-t17-r2-repro\RobWork\RobWorkStudio\src\rwslibs\industrialrobot\core\src\Units.cpp(182,16): warning C4099: “sdurws::ird::core::Quantity<sdurws::ird::core::QuantityKind::LinearVelocity>”: 类型名称以前使用“struct”现在使用的是“class” [D:\10_Source_Repos\21_robot\acc-t17-r2-repro\build\RobWorkStudio\src\rwslibs\industrialrobot\core\sdurws_ird_core.vcxproj]
      D:\10_Source_Repos\21_robot\acc-t17-r2-repro\RobWork\RobWorkStudio\src\rwslibs\industrialrobot\core\include\sdurws\ird\core\Units.hpp(111,8):
      参见“sdurws::ird::core::Quantity<sdurws::ird::core::QuantityKind::LinearVelocity>”的声明
  
D:\10_Source_Repos\21_robot\acc-t17-r2-repro\RobWork\RobWorkStudio\src\rwslibs\industrialrobot\core\src\Units.cpp(183,16): warning C4099: “sdurws::ird::core::Quantity<sdurws::ird::core::QuantityKind::AngularVelocity>”: 类型名称以前使用“struct”现在使用的是“class” [D:\10_Source_Repos\21_robot\acc-t17-r2-repro\build\RobWorkStudio\src\rwslibs\industrialrobot\core\sdurws_ird_core.vcxproj]
      D:\10_Source_Repos\21_robot\acc-t17-r2-repro\RobWork\RobWorkStudio\src\rwslibs\industrialrobot\core\include\sdurws\ird\core\Units.hpp(111,8):
      参见“sdurws::ird::core::Quantity<sdurws::ird::core::QuantityKind::AngularVelocity>”的声明
  
D:\10_Source_Repos\21_robot\acc-t17-r2-repro\RobWork\RobWorkStudio\src\rwslibs\industrialrobot\core\src\Units.cpp(184,16): warning C4099: “sdurws::ird::core::Quantity<sdurws::ird::core::QuantityKind::LinearAcceleration>”: 类型名称以前使用“struct”现在使用的是“class” [D:\10_Source_Repos\21_robot\acc-t17-r2-repro\build\RobWorkStudio\src\rwslibs\industrialrobot\core\sdurws_ird_core.vcxproj]
      D:\10_Source_Repos\21_robot\acc-t17-r2-repro\RobWork\RobWorkStudio\src\rwslibs\industrialrobot\core\include\sdurws\ird\core\Units.hpp(111,8):
      参见“sdurws::ird::core::Quantity<sdurws::ird::core::QuantityKind::LinearAcceleration>”的声明
  
D:\10_Source_Repos\21_robot\acc-t17-r2-repro\RobWork\RobWorkStudio\src\rwslibs\industrialrobot\core\src\Units.cpp(185,16): warning C4099: “sdurws::ird::core::Quantity<sdurws::ird::core::QuantityKind::AngularAcceleration>”: 类型名称以前使用“struct”现在使用的是“class” [D:\10_Source_Repos\21_robot\acc-t17-r2-repro\build\RobWorkStudio\src\rwslibs\industrialrobot\core\sdurws_ird_core.vcxproj]
      D:\10_Source_Repos\21_robot\acc-t17-r2-repro\RobWork\RobWorkStudio\src\rwslibs\industrialrobot\core\include\sdurws\ird\core\Units.hpp(111,8):
      参见“sdurws::ird::core::Quantity<sdurws::ird::core::QuantityKind::AngularAcceleration>”的声明
  
D:\10_Source_Repos\21_robot\acc-t17-r2-repro\RobWork\RobWorkStudio\src\rwslibs\industrialrobot\core\src\Units.cpp(186,16): warning C4099: “sdurws::ird::core::Quantity<sdurws::ird::core::QuantityKind::Voltage>”: 类型名称以前使用“struct”现在使用的是“class” [D:\10_Source_Repos\21_robot\acc-t17-r2-repro\build\RobWorkStudio\src\rwslibs\industrialrobot\core\sdurws_ird_core.vcxproj]
      D:\10_Source_Repos\21_robot\acc-t17-r2-repro\RobWork\RobWorkStudio\src\rwslibs\industrialrobot\core\include\sdurws\ird\core\Units.hpp(111,8):
      参见“sdurws::ird::core::Quantity<sdurws::ird::core::QuantityKind::Voltage>”的声明
  
D:\10_Source_Repos\21_robot\acc-t17-r2-repro\RobWork\RobWorkStudio\src\rwslibs\industrialrobot\core\src\Units.cpp(187,16): warning C4099: “sdurws::ird::core::Quantity<sdurws::ird::core::QuantityKind::Dimensionless>”: 类型名称以前使用“struct”现在使用的是“class” [D:\10_Source_Repos\21_robot\acc-t17-r2-repro\build\RobWorkStudio\src\rwslibs\industrialrobot\core\sdurws_ird_core.vcxproj]
      D:\10_Source_Repos\21_robot\acc-t17-r2-repro\RobWork\RobWorkStudio\src\rwslibs\industrialrobot\core\include\sdurws\ird\core\Units.hpp(111,8):
      参见“sdurws::ird::core::Quantity<sdurws::ird::core::QuantityKind::Dimensionless>”的声明
  
  StateCache.cpp
  StateStructure.cpp
  StateData.cpp
  StateSetup.cpp
  FramePairMap.cpp
  StatelessData.cpp
  Stateless.cpp
  sdurws_ird_core.vcxproj -> D:\10_Source_Repos\21_robot\acc-t17-r2-repro\build\RobWorkStudio\libs\Release\sdurws_ird_core.lib
  Auto build dll exports
    正在创建库 D:/10_Source_Repos/21_robot/acc-t17-r2-repro/build/RobWork/libs/Release/sdurw_kinematics.lib 和对象 D:/10_Source_Repos/21_robot/acc-t17-r2-repro/build/RobWork/libs/Release/sdurw_kinematics.exp
  sdurw_kinematics.vcxproj -> D:\10_Source_Repos\21_robot\acc-t17-r2-repro\build\RobWork\bin\Release\sdurw_kinematics.dll
  Automatic MOC for target sdurws_ird_diagnostics
  Building Custom Rule D:/10_Source_Repos/21_robot/acc-t17-r2-repro/RobWork/RobWork/src/rw/geometry/CMakeLists.txt
  Automatic MOC for target sdurws_ird_project
  Building Custom Rule D:/10_Source_Repos/21_robot/acc-t17-r2-repro/RobWork/RobWorkStudio/src/rwslibs/industrialrobot/diagnostics/CMakeLists.txt
  Building Custom Rule D:/10_Source_Repos/21_robot/acc-t17-r2-repro/RobWork/RobWorkStudio/src/rwslibs/industrialrobot/project/CMakeLists.txt
  Diagnostics.cpp
  Errors.cpp
  DiagCodes.cpp
  ParamSchema.cpp
  Catalog.cpp
  Factory.cpp
  Confirmable.cpp
  Aggregation.cpp
  Logging.cpp
  Redaction.cpp
  CrashReport.cpp
  mocs_compilation_Release.cpp
  Project.cpp
  Codec.cpp
  ObjectStore.cpp
  RevisionIndex.cpp
  TxEngine.cpp
  ProjectStoreImpl.cpp
  QueryPortImpl.cpp
  CommandServiceImpl.cpp
  ConfirmationFlow.cpp
  DraftServiceImpl.cpp
  UndoRedoServiceImpl.cpp
  ArchiveServiceImpl.cpp
  AtomicFile.cpp
  StoreLock.cpp
  PathCanonical.cpp
  mocs_compilation_Release.cpp
  AABB.cpp
  BSphere.cpp
  BV.cpp
  BVCollider.cpp
  BVDistanceCalc.cpp
  Box.cpp
  Cone.cpp
  Contour2D.cpp
  ConvexHull2D.cpp
  ConvexHull3D.cpp
  ConvexHullND.cpp
  Covariance.cpp
  Cylinder.cpp
  Delaunay.cpp
  DistanceUtil.cpp
  Geometry.cpp
  GeometryData.cpp
  GeometryUtil.cpp
  HyperSphere.cpp
  IndexedArray.cpp
  IndexedTriArray.cpp
  IndexedTriMesh.cpp
  IndexedTriangle.cpp
  IntersectUtil.cpp
  Line.cpp
  Model3D.cpp
  OBB.cpp
  OBBCollider.cpp
  OBBFactory.cpp
  OBBToleranceCollider.cpp
  Object3D.cpp
  PlainTriMesh.cpp
  Plane.cpp
  PointCloud.cpp
  PolygonUtil.cpp
  Primitive.cpp
  Pyramid.cpp
  QHull3D.cpp
  QHullND.cpp
  Ray.cpp
  Sphere.cpp
  SphereDistanceCalc.cpp
  TriMesh.cpp
  TriMeshSurfaceSampler.cpp
  TriTriIntersectDeviller.cpp
  TriTriIntersectMoller.cpp
  Triangle.cpp
  TriangleUtil.cpp
  Triangulate.cpp
  Tube.cpp
D:\10_Source_Repos\21_robot\acc-t17-r2-repro\RobWork\RobWork\src\rw\geometry\Object3D.hpp(280,22): warning C4244: “参数”: 从“double”转换到“T”，可能丢失数据 [D:\10_Source_Repos\21_robot\acc-t17-r2-repro\build\RobWork\src\rw\geometry\sdurw_geometry.vcxproj]
D:\10_Source_Repos\21_robot\acc-t17-r2-repro\RobWork\RobWork\src\rw\geometry\Object3D.hpp(280,22): warning C4244:         with [D:\10_Source_Repos\21_robot\acc-t17-r2-repro\build\RobWork\src\rw\geometry\sdurw_geometry.vcxproj]
D:\10_Source_Repos\21_robot\acc-t17-r2-repro\RobWork\RobWork\src\rw\geometry\Object3D.hpp(280,22): warning C4244:         [ [D:\10_Source_Repos\21_robot\acc-t17-r2-repro\build\RobWork\src\rw\geometry\sdurw_geometry.vcxproj]
D:\10_Source_Repos\21_robot\acc-t17-r2-repro\RobWork\RobWork\src\rw\geometry\Object3D.hpp(280,22): warning C4244:             T=float [D:\10_Source_Repos\21_robot\acc-t17-r2-repro\build\RobWork\src\rw\geometry\sdurw_geometry.vcxproj]
D:\10_Source_Repos\21_robot\acc-t17-r2-repro\RobWork\RobWork\src\rw\geometry\Object3D.hpp(280,22): warning C4244:         ] [D:\10_Source_Repos\21_robot\acc-t17-r2-repro\build\RobWork\src\rw\geometry\sdurw_geometry.vcxproj]
  AnalyticUtil.cpp
  (编译源文件“../../../../../RobWork/RobWork/src/rw/geometry/Model3D.cpp”)
      D:\10_Source_Repos\21_robot\acc-t17-r2-repro\RobWork\RobWork\src\rw\geometry\Object3D.hpp(280,22):
      模板实例化上下文(最早的实例化上下文)为
          D:\10_Source_Repos\21_robot\acc-t17-r2-repro\RobWork\RobWork\src\rw\geometry\Model3D.cpp(202,59):
          查看对正在编译的 类 模板 实例化“rw::geometry::Object3D<uint32_t>”的引用
          D:\10_Source_Repos\21_robot\acc-t17-r2-repro\RobWork\RobWork\src\rw\geometry\Object3D.hpp(277,14):
          在编译 类 模板 成员函数“void rw::geometry::Object3D<uint32_t>::scale(double)”时
  
D:\10_Source_Repos\21_robot\acc-t17-r2-repro\RobWork\RobWork\src\rw\geometry\Object3D.hpp(284,22): warning C4244: “参数”: 从“double”转换到“T”，可能丢失数据 [D:\10_Source_Repos\21_robot\acc-t17-r2-repro\build\RobWork\src\rw\geometry\sdurw_geometry.vcxproj]
D:\10_Source_Repos\21_robot\acc-t17-r2-repro\RobWork\RobWork\src\rw\geometry\Object3D.hpp(284,22): warning C4244:         with [D:\10_Source_Repos\21_robot\acc-t17-r2-repro\build\RobWork\src\rw\geometry\sdurw_geometry.vcxproj]
D:\10_Source_Repos\21_robot\acc-t17-r2-repro\RobWork\RobWork\src\rw\geometry\Object3D.hpp(284,22): warning C4244:         [ [D:\10_Source_Repos\21_robot\acc-t17-r2-repro\build\RobWork\src\rw\geometry\sdurw_geometry.vcxproj]
D:\10_Source_Repos\21_robot\acc-t17-r2-repro\RobWork\RobWork\src\rw\geometry\Object3D.hpp(284,22): warning C4244:             T=float [D:\10_Source_Repos\21_robot\acc-t17-r2-repro\build\RobWork\src\rw\geometry\sdurw_geometry.vcxproj]
D:\10_Source_Repos\21_robot\acc-t17-r2-repro\RobWork\RobWork\src\rw\geometry\Object3D.hpp(284,22): warning C4244:         ] [D:\10_Source_Repos\21_robot\acc-t17-r2-repro\build\RobWork\src\rw\geometry\sdurw_geometry.vcxproj]
  (编译源文件“../../../../../RobWork/RobWork/src/rw/geometry/Model3D.cpp”)
  
D:\10_Source_Repos\21_robot\acc-t17-r2-repro\RobWork\RobWork\src\rw\geometry\Object3D.hpp(286,32): warning C4244: “参数”: 从“double”转换到“T”，可能丢失数据 [D:\10_Source_Repos\21_robot\acc-t17-r2-repro\build\RobWork\src\rw\geometry\sdurw_geometry.vcxproj]
D:\10_Source_Repos\21_robot\acc-t17-r2-repro\RobWork\RobWork\src\rw\geometry\Object3D.hpp(286,32): warning C4244:         with [D:\10_Source_Repos\21_robot\acc-t17-r2-repro\build\RobWork\src\rw\geometry\sdurw_geometry.vcxproj]
D:\10_Source_Repos\21_robot\acc-t17-r2-repro\RobWork\RobWork\src\rw\geometry\Object3D.hpp(286,32): warning C4244:         [ [D:\10_Source_Repos\21_robot\acc-t17-r2-repro\build\RobWork\src\rw\geometry\sdurw_geometry.vcxproj]
D:\10_Source_Repos\21_robot\acc-t17-r2-repro\RobWork\RobWork\src\rw\geometry\Object3D.hpp(286,32): warning C4244:             T=float [D:\10_Source_Repos\21_robot\acc-t17-r2-repro\build\RobWork\src\rw\geometry\sdurw_geometry.vcxproj]
D:\10_Source_Repos\21_robot\acc-t17-r2-repro\RobWork\RobWork\src\rw\geometry\Object3D.hpp(286,32): warning C4244:         ] [D:\10_Source_Repos\21_robot\acc-t17-r2-repro\build\RobWork\src\rw\geometry\sdurw_geometry.vcxproj]
  (编译源文件“../../../../../RobWork/RobWork/src/rw/geometry/Model3D.cpp”)
  
D:\10_Source_Repos\21_robot\acc-t17-r2-repro\RobWork\RobWork\src\rw\geometry\Object3D.hpp(287,27): warning C4244: “参数”: 从“double”转换到“T”，可能丢失数据 [D:\10_Source_Repos\21_robot\acc-t17-r2-repro\build\RobWork\src\rw\geometry\sdurw_geometry.vcxproj]
D:\10_Source_Repos\21_robot\acc-t17-r2-repro\RobWork\RobWork\src\rw\geometry\Object3D.hpp(287,27): warning C4244:         with [D:\10_Source_Repos\21_robot\acc-t17-r2-repro\build\RobWork\src\rw\geometry\sdurw_geometry.vcxproj]
D:\10_Source_Repos\21_robot\acc-t17-r2-repro\RobWork\RobWork\src\rw\geometry\Object3D.hpp(287,27): warning C4244:         [ [D:\10_Source_Repos\21_robot\acc-t17-r2-repro\build\RobWork\src\rw\geometry\sdurw_geometry.vcxproj]
D:\10_Source_Repos\21_robot\acc-t17-r2-repro\RobWork\RobWork\src\rw\geometry\Object3D.hpp(287,27): warning C4244:             T=float [D:\10_Source_Repos\21_robot\acc-t17-r2-repro\build\RobWork\src\rw\geometry\sdurw_geometry.vcxproj]
D:\10_Source_Repos\21_robot\acc-t17-r2-repro\RobWork\RobWork\src\rw\geometry\Object3D.hpp(287,27): warning C4244:         ] [D:\10_Source_Repos\21_robot\acc-t17-r2-repro\build\RobWork\src\rw\geometry\sdurw_geometry.vcxproj]
  (编译源文件“../../../../../RobWork/RobWork/src/rw/geometry/Model3D.cpp”)
  
D:\10_Source_Repos\21_robot\acc-t17-r2-repro\RobWork\RobWork\src\rw\geometry\Object3D.hpp(288,27): warning C4244: “参数”: 从“double”转换到“T”，可能丢失数据 [D:\10_Source_Repos\21_robot\acc-t17-r2-repro\build\RobWork\src\rw\geometry\sdurw_geometry.vcxproj]
D:\10_Source_Repos\21_robot\acc-t17-r2-repro\RobWork\RobWork\src\rw\geometry\Object3D.hpp(288,27): warning C4244:         with [D:\10_Source_Repos\21_robot\acc-t17-r2-repro\build\RobWork\src\rw\geometry\sdurw_geometry.vcxproj]
D:\10_Source_Repos\21_robot\acc-t17-r2-repro\RobWork\RobWork\src\rw\geometry\Object3D.hpp(288,27): warning C4244:         [ [D:\10_Source_Repos\21_robot\acc-t17-r2-repro\build\RobWork\src\rw\geometry\sdurw_geometry.vcxproj]
D:\10_Source_Repos\21_robot\acc-t17-r2-repro\RobWork\RobWork\src\rw\geometry\Object3D.hpp(288,27): warning C4244:             T=float [D:\10_Source_Repos\21_robot\acc-t17-r2-repro\build\RobWork\src\rw\geometry\sdurw_geometry.vcxproj]
D:\10_Source_Repos\21_robot\acc-t17-r2-repro\RobWork\RobWork\src\rw\geometry\Object3D.hpp(288,27): warning C4244:         ] [D:\10_Source_Repos\21_robot\acc-t17-r2-repro\build\RobWork\src\rw\geometry\sdurw_geometry.vcxproj]
  (编译源文件“../../../../../RobWork/RobWork/src/rw/geometry/Model3D.cpp”)
  
  BREP.cpp
  Curve.cpp
  Face.cpp
  GenericFace.cpp
  ImplicitBREP.cpp
  ImplicitFace.cpp
  ImplicitShell.cpp
  sdurws_ird_diagnostics.vcxproj -> D:\10_Source_Repos\21_robot\acc-t17-r2-repro\build\RobWorkStudio\libs\Release\sdurws_ird_diagnostics.lib
  Automatic MOC for target sdurws_ird_ui
  ImplicitSurface.cpp
  ImplicitTorus.cpp
  IndexedFaceArray.cpp
  ParametricCurve.cpp
  Shell.cpp
  Surface.cpp
  IndexedQuadraticFaceArray.cpp
  PlainQuadraticShell.cpp
  QuadraticBREP.cpp
  QuadraticCurve.cpp
  QuadraticFace.cpp
  QuadraticShell.cpp
  QuadraticSurface.cpp
  QuadraticUtil.cpp
  TriDistanceCalc.cpp
  TriTriToleranceIntersect.cpp
  Building Custom Rule D:/10_Source_Repos/21_robot/acc-t17-r2-repro/RobWork/RobWorkStudio/src/rwslibs/industrialrobot/ui/CMakeLists.txt
  sdurws_ird_project.vcxproj -> D:\10_Source_Repos\21_robot\acc-t17-r2-repro\build\RobWorkStudio\libs\Release\sdurws_ird_project.lib
  Ui.cpp
  WorkbenchShell.cpp
  WorkbenchContent.cpp
  ShellSupport.cpp
  StatusProjection.cpp
  View3DPlaceholder.cpp
  CommandRegistry.cpp
  GlobalShortcutRegistry.cpp
  CommandPalette.cpp
  PolicySummaryCard.cpp
  FormEditCommon.cpp
  ParamTablePanel.cpp
  UiText.cpp
  StageNavigationModel.cpp
  AboutDialog.cpp
  UiSessionController.cpp
  DraftController.cpp
  DiagnosticPresentation.cpp
  CommandInteractionBridge.cpp
  TaskPresentation.cpp
  mocs_compilation_Release.cpp
  sdurws_ird_ui.vcxproj -> D:\10_Source_Repos\21_robot\acc-t17-r2-repro\build\RobWorkStudio\libs\Release\sdurws_ird_ui.lib
  Auto build dll exports
    正在创建库 D:/10_Source_Repos/21_robot/acc-t17-r2-repro/build/RobWork/libs/Release/sdurw_geometry.lib 和对象 D:/10_Source_Repos/21_robot/acc-t17-r2-repro/build/RobWork/libs/Release/sdurw_geometry.exp
  sdurw_geometry.vcxproj -> D:\10_Source_Repos\21_robot\acc-t17-r2-repro\build\RobWork\bin\Release\sdurw_geometry.dll
  D:\10_Source_Repos\21_robot\RobWork\vcpkg\installed\x64-windows\bin\qhull_r.dll -> D:\10_Source_Repos\21_robot\acc-t17-r2-repro\build\RobWork\bin\Release\qhull_r.dll done
  Building Custom Rule D:/10_Source_Repos/21_robot/acc-t17-r2-repro/RobWork/RobWork/src/rwlibs/geometry/analytic_geometry/CMakeLists.txt
  Building Custom Rule D:/10_Source_Repos/21_robot/acc-t17-r2-repro/RobWork/RobWork/src/rw/sensor/CMakeLists.txt
  QuadraticTestObjects.cpp
  Camera.cpp
  CameraFirewire.cpp
  CameraListener.cpp
  CameraModel.cpp
  Contact2D.cpp
  Contact3D.cpp
  FTSensor.cpp
  FTSensorModel.cpp
  Image.cpp
  ImageUtil.cpp
  RGBDCameraModel.cpp
  Scanner.cpp
  Scanner1D.cpp
  Scanner25D.cpp
  Scanner25DModel.cpp
  Scanner2D.cpp
  Scanner2DModel.cpp
  Sensor.cpp
  SensorModel.cpp
  StereoCameraModel.cpp
  TactileArray.cpp
  TactileArrayModel.cpp
  TactileArrayUtil.cpp
  Auto build dll exports
    正在创建库 D:/10_Source_Repos/21_robot/acc-t17-r2-repro/build/RobWork/libs/Release/sdurw_analytic_geometry.lib 和对象 D:/10_Source_Repos/21_robot/acc-t17-r2-repro/build/RobWork/libs/Release/sdurw_analytic_geometry.exp
  sdurw_analytic_geometry.vcxproj -> D:\10_Source_Repos\21_robot\acc-t17-r2-repro\build\RobWork\bin\Release\sdurw_analytic_geometry.dll
  Building Custom Rule D:/10_Source_Repos/21_robot/acc-t17-r2-repro/RobWork/RobWork/src/rwlibs/geometry/analytic_geometry/CMakeLists.txt
  AnalyticGeometryPlugin.cpp
  Auto build dll exports
    正在创建库 D:/10_Source_Repos/21_robot/acc-t17-r2-repro/build/RobWork/libs/Release/sdurw_sensor.lib 和对象 D:/10_Source_Repos/21_robot/acc-t17-r2-repro/build/RobWork/libs/Release/sdurw_sensor.exp
  sdurw_sensor.vcxproj -> D:\10_Source_Repos\21_robot\acc-t17-r2-repro\build\RobWork\bin\Release\sdurw_sensor.dll
    正在创建库 D:/10_Source_Repos/21_robot/acc-t17-r2-repro/build/RobWork/bin/Release/sdurw_analytic_geometry.rwplugin.lib 和对象 D:/10_Source_Repos/21_robot/acc-t17-r2-repro/build/RobWork/bin/Release/sdurw_analytic_geometry.rwplugin.exp
  sdurw_analytic_geometry.rwplugin.vcxproj -> D:\10_Source_Repos\21_robot\acc-t17-r2-repro\build\RobWork\bin\Release\sdurw_analytic_geometry.rwplugin.dll
  Building Custom Rule D:/10_Source_Repos/21_robot/acc-t17-r2-repro/RobWork/RobWork/src/rw/graspplanning/CMakeLists.txt
  Building Custom Rule D:/10_Source_Repos/21_robot/acc-t17-r2-repro/RobWork/RobWork/src/rw/models/CMakeLists.txt
  CompositeDevice.cpp
  CompositeJointDevice.cpp
  ControllerModel.cpp
  DeformableObject.cpp
  DependentJoint.cpp
  DependentPrismaticJoint.cpp
  DependentRevoluteJoint.cpp
  Device.cpp
  DeviceJacobianCalculator.cpp
  DHParameterSet.cpp
  JacobianCalculator.cpp
  JacobianUtil.cpp
  Joint.cpp
  JointDevice.cpp
  JointDeviceJacobianCalculator.cpp
  MobileDevice.cpp
  Object.cpp
  ParallelDevice.cpp
  ParallelLeg.cpp
  PrismaticJoint.cpp
  PrismaticSphericalJoint.cpp
  PrismaticUniversalJoint.cpp
  RevoluteJoint.cpp
  RigidBodyInfo.cpp
  RigidObject.cpp
  SE3Device.cpp
  SerialDevice.cpp
  SphericalJoint.cpp
  TreeDevice.cpp
  ApproachMeasure3D.cpp
  CMDistCCPMeasure3D.cpp
  CompositeContactFilter.cpp
  UniversalJoint.cpp
  CompositeGraspFilter.cpp
  ContactDistThresFilter.cpp
  ContactValidateFilter.cpp
  Contour2DInfoMap.cpp
  CurvatureThresFilter.cpp
  DiceContactG3D.cpp
  GWSMeasure3D.cpp
  VirtualJoint.cpp
  WorkCell.cpp
  Grasp2D.cpp
  Grasp3D.cpp
  GraspQualityMeasure3D.cpp
  GraspTable.cpp
  GraspValidateFilter.cpp
  PlaneClearanceFilter.cpp
  SemiForceClosureFilter.cpp
  WrenchMeasure3D.cpp
  QualityMeasure2D.cpp
  Models.cpp
D:\10_Source_Repos\21_robot\acc-t17-r2-repro\RobWork\RobWork\src\rw\geometry\Object3D.hpp(280,22): warning C4244: “参数”: 从“double”转换到“T”，可能丢失数据 [D:\10_Source_Repos\21_robot\acc-t17-r2-repro\build\RobWork\src\rw\models\sdurw_models.vcxproj]
D:\10_Source_Repos\21_robot\acc-t17-r2-repro\RobWork\RobWork\src\rw\geometry\Object3D.hpp(280,22): warning C4244:         with [D:\10_Source_Repos\21_robot\acc-t17-r2-repro\build\RobWork\src\rw\models\sdurw_models.vcxproj]
D:\10_Source_Repos\21_robot\acc-t17-r2-repro\RobWork\RobWork\src\rw\geometry\Object3D.hpp(280,22): warning C4244:         [ [D:\10_Source_Repos\21_robot\acc-t17-r2-repro\build\RobWork\src\rw\models\sdurw_models.vcxproj]
D:\10_Source_Repos\21_robot\acc-t17-r2-repro\RobWork\RobWork\src\rw\geometry\Object3D.hpp(280,22): warning C4244:             T=float [D:\10_Source_Repos\21_robot\acc-t17-r2-repro\build\RobWork\src\rw\models\sdurw_models.vcxproj]
D:\10_Source_Repos\21_robot\acc-t17-r2-repro\RobWork\RobWork\src\rw\geometry\Object3D.hpp(280,22): warning C4244:         ] [D:\10_Source_Repos\21_robot\acc-t17-r2-repro\build\RobWork\src\rw\models\sdurw_models.vcxproj]
  (编译源文件“../../../../../RobWork/RobWork/src/rw/models/DeformableObject.cpp”)
      D:\10_Source_Repos\21_robot\acc-t17-r2-repro\RobWork\RobWork\src\rw\geometry\Object3D.hpp(280,22):
      模板实例化上下文(最早的实例化上下文)为
          D:\10_Source_Repos\21_robot\acc-t17-r2-repro\RobWork\RobWork\src\rw\models\DeformableObject.cpp(23,36):
          查看对正在编译的 类 模板 实例化“rw::geometry::Object3D<uint16_t>”的引用
          D:\10_Source_Repos\21_robot\acc-t17-r2-repro\RobWork\RobWork\src\rw\geometry\Object3D.hpp(277,14):
          在编译 类 模板 成员函数“void rw::geometry::Object3D<uint16_t>::scale(double)”时
  
D:\10_Source_Repos\21_robot\acc-t17-r2-repro\RobWork\RobWork\src\rw\geometry\Object3D.hpp(284,22): warning C4244: “参数”: 从“double”转换到“T”，可能丢失数据 [D:\10_Source_Repos\21_robot\acc-t17-r2-repro\build\RobWork\src\rw\models\sdurw_models.vcxproj]
D:\10_Source_Repos\21_robot\acc-t17-r2-repro\RobWork\RobWork\src\rw\geometry\Object3D.hpp(284,22): warning C4244:         with [D:\10_Source_Repos\21_robot\acc-t17-r2-repro\build\RobWork\src\rw\models\sdurw_models.vcxproj]
D:\10_Source_Repos\21_robot\acc-t17-r2-repro\RobWork\RobWork\src\rw\geometry\Object3D.hpp(284,22): warning C4244:         [ [D:\10_Source_Repos\21_robot\acc-t17-r2-repro\build\RobWork\src\rw\models\sdurw_models.vcxproj]
D:\10_Source_Repos\21_robot\acc-t17-r2-repro\RobWork\RobWork\src\rw\geometry\Object3D.hpp(284,22): warning C4244:             T=float [D:\10_Source_Repos\21_robot\acc-t17-r2-repro\build\RobWork\src\rw\models\sdurw_models.vcxproj]
D:\10_Source_Repos\21_robot\acc-t17-r2-repro\RobWork\RobWork\src\rw\geometry\Object3D.hpp(284,22): warning C4244:         ] [D:\10_Source_Repos\21_robot\acc-t17-r2-repro\build\RobWork\src\rw\models\sdurw_models.vcxproj]
  (编译源文件“../../../../../RobWork/RobWork/src/rw/models/DeformableObject.cpp”)
  
D:\10_Source_Repos\21_robot\acc-t17-r2-repro\RobWork\RobWork\src\rw\geometry\Object3D.hpp(286,32): warning C4244: “参数”: 从“double”转换到“T”，可能丢失数据 [D:\10_Source_Repos\21_robot\acc-t17-r2-repro\build\RobWork\src\rw\models\sdurw_models.vcxproj]
D:\10_Source_Repos\21_robot\acc-t17-r2-repro\RobWork\RobWork\src\rw\geometry\Object3D.hpp(286,32): warning C4244:         with [D:\10_Source_Repos\21_robot\acc-t17-r2-repro\build\RobWork\src\rw\models\sdurw_models.vcxproj]
D:\10_Source_Repos\21_robot\acc-t17-r2-repro\RobWork\RobWork\src\rw\geometry\Object3D.hpp(286,32): warning C4244:         [ [D:\10_Source_Repos\21_robot\acc-t17-r2-repro\build\RobWork\src\rw\models\sdurw_models.vcxproj]
D:\10_Source_Repos\21_robot\acc-t17-r2-repro\RobWork\RobWork\src\rw\geometry\Object3D.hpp(286,32): warning C4244:             T=float [D:\10_Source_Repos\21_robot\acc-t17-r2-repro\build\RobWork\src\rw\models\sdurw_models.vcxproj]
D:\10_Source_Repos\21_robot\acc-t17-r2-repro\RobWork\RobWork\src\rw\geometry\Object3D.hpp(286,32): warning C4244:         ] [D:\10_Source_Repos\21_robot\acc-t17-r2-repro\build\RobWork\src\rw\models\sdurw_models.vcxproj]
  (编译源文件“../../../../../RobWork/RobWork/src/rw/models/DeformableObject.cpp”)
  
D:\10_Source_Repos\21_robot\acc-t17-r2-repro\RobWork\RobWork\src\rw\geometry\Object3D.hpp(287,27): warning C4244: “参数”: 从“double”转换到“T”，可能丢失数据 [D:\10_Source_Repos\21_robot\acc-t17-r2-repro\build\RobWork\src\rw\models\sdurw_models.vcxproj]
D:\10_Source_Repos\21_robot\acc-t17-r2-repro\RobWork\RobWork\src\rw\geometry\Object3D.hpp(287,27): warning C4244:         with [D:\10_Source_Repos\21_robot\acc-t17-r2-repro\build\RobWork\src\rw\models\sdurw_models.vcxproj]
D:\10_Source_Repos\21_robot\acc-t17-r2-repro\RobWork\RobWork\src\rw\geometry\Object3D.hpp(287,27): warning C4244:         [ [D:\10_Source_Repos\21_robot\acc-t17-r2-repro\build\RobWork\src\rw\models\sdurw_models.vcxproj]
D:\10_Source_Repos\21_robot\acc-t17-r2-repro\RobWork\RobWork\src\rw\geometry\Object3D.hpp(287,27): warning C4244:             T=float [D:\10_Source_Repos\21_robot\acc-t17-r2-repro\build\RobWork\src\rw\models\sdurw_models.vcxproj]
D:\10_Source_Repos\21_robot\acc-t17-r2-repro\RobWork\RobWork\src\rw\geometry\Object3D.hpp(287,27): warning C4244:         ] [D:\10_Source_Repos\21_robot\acc-t17-r2-repro\build\RobWork\src\rw\models\sdurw_models.vcxproj]
  (编译源文件“../../../../../RobWork/RobWork/src/rw/models/DeformableObject.cpp”)
  
D:\10_Source_Repos\21_robot\acc-t17-r2-repro\RobWork\RobWork\src\rw\geometry\Object3D.hpp(288,27): warning C4244: “参数”: 从“double”转换到“T”，可能丢失数据 [D:\10_Source_Repos\21_robot\acc-t17-r2-repro\build\RobWork\src\rw\models\sdurw_models.vcxproj]
D:\10_Source_Repos\21_robot\acc-t17-r2-repro\RobWork\RobWork\src\rw\geometry\Object3D.hpp(288,27): warning C4244:         with [D:\10_Source_Repos\21_robot\acc-t17-r2-repro\build\RobWork\src\rw\models\sdurw_models.vcxproj]
D:\10_Source_Repos\21_robot\acc-t17-r2-repro\RobWork\RobWork\src\rw\geometry\Object3D.hpp(288,27): warning C4244:         [ [D:\10_Source_Repos\21_robot\acc-t17-r2-repro\build\RobWork\src\rw\models\sdurw_models.vcxproj]
D:\10_Source_Repos\21_robot\acc-t17-r2-repro\RobWork\RobWork\src\rw\geometry\Object3D.hpp(288,27): warning C4244:             T=float [D:\10_Source_Repos\21_robot\acc-t17-r2-repro\build\RobWork\src\rw\models\sdurw_models.vcxproj]
D:\10_Source_Repos\21_robot\acc-t17-r2-repro\RobWork\RobWork\src\rw\geometry\Object3D.hpp(288,27): warning C4244:         ] [D:\10_Source_Repos\21_robot\acc-t17-r2-repro\build\RobWork\src\rw\models\sdurw_models.vcxproj]
  (编译源文件“../../../../../RobWork/RobWork/src/rw/models/DeformableObject.cpp”)
  
  Auto build dll exports
    正在创建库 D:/10_Source_Repos/21_robot/acc-t17-r2-repro/build/RobWork/libs/Release/sdurw_models.lib 和对象 D:/10_Source_Repos/21_robot/acc-t17-r2-repro/build/RobWork/libs/Release/sdurw_models.exp
  sdurw_models.vcxproj -> D:\10_Source_Repos\21_robot\acc-t17-r2-repro\build\RobWork\bin\Release\sdurw_models.dll
  Auto build dll exports
    正在创建库 D:/10_Source_Repos/21_robot/acc-t17-r2-repro/build/RobWork/libs/Release/sdurw_graspplanning.lib 和对象 D:/10_Source_Repos/21_robot/acc-t17-r2-repro/build/RobWork/libs/Release/sdurw_graspplanning.exp
  sdurw_graspplanning.vcxproj -> D:\10_Source_Repos\21_robot\acc-t17-r2-repro\build\RobWork\bin\Release\sdurw_graspplanning.dll
  Building Custom Rule D:/10_Source_Repos/21_robot/acc-t17-r2-repro/RobWork/RobWork/src/rw/proximity/CMakeLists.txt
  Building Custom Rule D:/10_Source_Repos/21_robot/acc-t17-r2-repro/RobWork/RobWork/src/rw/trajectory/CMakeLists.txt
  Building Custom Rule D:/10_Source_Repos/21_robot/acc-t17-r2-repro/RobWork/RobWork/src/rwlibs/control/CMakeLists.txt
  Building Custom Rule D:/10_Source_Repos/21_robot/acc-t17-r2-repro/RobWork/RobWork/src/rw/graphics/CMakeLists.txt
  BasicFilterStrategy.cpp
  CollisionDetector.cpp
  CollisionSetup.cpp
  CollisionStrategy.cpp
  Blend.cpp
  DrawableGeometryNode.cpp
  CircularInterpolator.cpp
  CollisionToleranceStrategy.cpp
  CubicSplineFactory.cpp
  DistanceCalculator.cpp
  CubicSplineInterpolator.cpp
  DistanceMultiStrategy.cpp
  Interpolator.cpp
  InterpolatorUtil.cpp
  DistanceStrategy.cpp
  ProximityCache.cpp
  LinearInterpolator.cpp
  ProximityCalculator.cpp
  LloydHaywardBlend.cpp
  ParabolicBlend.cpp
  ProximityData.cpp
  Path.cpp
  Timed.cpp
  TimedUtil.cpp
  ProximityFilter.cpp
  Trajectory.cpp
  TrajectoryFactory.cpp
  ProximityFilterStrategy.cpp
  ProximityModel.cpp
  ProximitySetup.cpp
  ProximitySetupRule.cpp
  SceneGraph.cpp
  ProximityStrategy.cpp
  ProximityStrategyData.cpp
  Controller.cpp
  Raycaster.cpp
  JointController.cpp
  TrajectoryIterator.cpp
  InterpolatorTrajectory.cpp
  SyncVelocityRamp.cpp
  SceneNode.cpp
  BlendedTrajectory.cpp
  TimeMetricUtil.cpp
  RampInterpolator.cpp
  BVTree.cpp
  BVTreeCollider.cpp
  BVTreeColliderFactory.cpp
  BVTreeFactory.cpp
  BVTreeToleranceCollider.cpp
  BinaryBVTree.cpp
  DrawableNode.cpp
  DrawableNodeClone.cpp
  GroupNode.cpp
  SceneCamera.cpp
  BinaryIdxBVTree.cpp
  WorkCellScene.cpp
  OBVTreeDFSCollider.cpp
  SceneViewer.cpp
  Render.cpp
  SceneDescriptor.cpp
  ProximityStrategyRW.cpp
  TextureData.cpp
  TreeDistanceCalc.cpp
D:\10_Source_Repos\21_robot\acc-t17-r2-repro\RobWork\RobWork\src\rw\trajectory\CubicSplineInterpolator.cpp(81,55): warning C4244: “参数”: 从“double”转换到“T”，可能丢失数据 [D:\10_Source_Repos\21_robot\acc-t17-r2-repro\build\RobWork\src\rw\trajectory\sdurw_trajectory.vcxproj]
D:\10_Source_Repos\21_robot\acc-t17-r2-repro\RobWork\RobWork\src\rw\trajectory\CubicSplineInterpolator.cpp(81,55): warning C4244:         with [D:\10_Source_Repos\21_robot\acc-t17-r2-repro\build\RobWork\src\rw\trajectory\sdurw_trajectory.vcxproj]
D:\10_Source_Repos\21_robot\acc-t17-r2-repro\RobWork\RobWork\src\rw\trajectory\CubicSplineInterpolator.cpp(81,55): warning C4244:         [ [D:\10_Source_Repos\21_robot\acc-t17-r2-repro\build\RobWork\src\rw\trajectory\sdurw_trajectory.vcxproj]
D:\10_Source_Repos\21_robot\acc-t17-r2-repro\RobWork\RobWork\src\rw\trajectory\CubicSplineInterpolator.cpp(81,55): warning C4244:             T=float [D:\10_Source_Repos\21_robot\acc-t17-r2-repro\build\RobWork\src\rw\trajectory\sdurw_trajectory.vcxproj]
D:\10_Source_Repos\21_robot\acc-t17-r2-repro\RobWork\RobWork\src\rw\trajectory\CubicSplineInterpolator.cpp(81,55): warning C4244:         ] [D:\10_Source_Repos\21_robot\acc-t17-r2-repro\build\RobWork\src\rw\trajectory\sdurw_trajectory.vcxproj]
D:\10_Source_Repos\21_robot\acc-t17-r2-repro\RobWork\RobWork\src\rw\trajectory\CubicSplineInterpolator.cpp(81,64): warning C4244: “参数”: 从“double”转换到“T”，可能丢失数据 [D:\10_Source_Repos\21_robot\acc-t17-r2-repro\build\RobWork\src\rw\trajectory\sdurw_trajectory.vcxproj]
D:\10_Source_Repos\21_robot\acc-t17-r2-repro\RobWork\RobWork\src\rw\trajectory\CubicSplineInterpolator.cpp(81,64): warning C4244:         with [D:\10_Source_Repos\21_robot\acc-t17-r2-repro\build\RobWork\src\rw\trajectory\sdurw_trajectory.vcxproj]
D:\10_Source_Repos\21_robot\acc-t17-r2-repro\RobWork\RobWork\src\rw\trajectory\CubicSplineInterpolator.cpp(81,64): warning C4244:         [ [D:\10_Source_Repos\21_robot\acc-t17-r2-repro\build\RobWork\src\rw\trajectory\sdurw_trajectory.vcxproj]
D:\10_Source_Repos\21_robot\acc-t17-r2-repro\RobWork\RobWork\src\rw\trajectory\CubicSplineInterpolator.cpp(81,64): warning C4244:             T=float [D:\10_Source_Repos\21_robot\acc-t17-r2-repro\build\RobWork\src\rw\trajectory\sdurw_trajectory.vcxproj]
D:\10_Source_Repos\21_robot\acc-t17-r2-repro\RobWork\RobWork\src\rw\trajectory\CubicSplineInterpolator.cpp(81,64): warning C4244:         ] [D:\10_Source_Repos\21_robot\acc-t17-r2-repro\build\RobWork\src\rw\trajectory\sdurw_trajectory.vcxproj]
D:\10_Source_Repos\21_robot\acc-t17-r2-repro\RobWork\RobWork\src\rw\trajectory\CubicSplineInterpolator.cpp(81,77): warning C4244: “参数”: 从“double”转换到“T”，可能丢失数据 [D:\10_Source_Repos\21_robot\acc-t17-r2-repro\build\RobWork\src\rw\trajectory\sdurw_trajectory.vcxproj]
D:\10_Source_Repos\21_robot\acc-t17-r2-repro\RobWork\RobWork\src\rw\trajectory\CubicSplineInterpolator.cpp(81,77): warning C4244:         with [D:\10_Source_Repos\21_robot\acc-t17-r2-repro\build\RobWork\src\rw\trajectory\sdurw_trajectory.vcxproj]
D:\10_Source_Repos\21_robot\acc-t17-r2-repro\RobWork\RobWork\src\rw\trajectory\CubicSplineInterpolator.cpp(81,77): warning C4244:         [ [D:\10_Source_Repos\21_robot\acc-t17-r2-repro\build\RobWork\src\rw\trajectory\sdurw_trajectory.vcxproj]
D:\10_Source_Repos\21_robot\acc-t17-r2-repro\RobWork\RobWork\src\rw\trajectory\CubicSplineInterpolator.cpp(81,77): warning C4244:             T=float [D:\10_Source_Repos\21_robot\acc-t17-r2-repro\build\RobWork\src\rw\trajectory\sdurw_trajectory.vcxproj]
D:\10_Source_Repos\21_robot\acc-t17-r2-repro\RobWork\RobWork\src\rw\trajectory\CubicSplineInterpolator.cpp(81,77): warning C4244:         ] [D:\10_Source_Repos\21_robot\acc-t17-r2-repro\build\RobWork\src\rw\trajectory\sdurw_trajectory.vcxproj]
D:\10_Source_Repos\21_robot\acc-t17-r2-repro\RobWork\RobWork\src\rw\proximity\DistanceCalculator.cpp(229,9): warning C4101: “i”: 未引用的局部变量 [D:\10_Source_Repos\21_robot\acc-t17-r2-repro\build\RobWork\src\rw\proximity\sdurw_proximity.vcxproj]
  Auto build dll exports
    正在创建库 D:/10_Source_Repos/21_robot/acc-t17-r2-repro/build/RobWork/libs/Release/sdurw_control.lib 和对象 D:/10_Source_Repos/21_robot/acc-t17-r2-repro/build/RobWork/libs/Release/sdurw_control.exp
  sdurw_control.vcxproj -> D:\10_Source_Repos\21_robot\acc-t17-r2-repro\build\RobWork\bin\Release\sdurw_control.dll
  Auto build dll exports
    正在创建库 D:/10_Source_Repos/21_robot/acc-t17-r2-repro/build/RobWork/libs/Release/sdurw_graphics.lib 和对象 D:/10_Source_Repos/21_robot/acc-t17-r2-repro/build/RobWork/libs/Release/sdurw_graphics.exp
  sdurw_graphics.vcxproj -> D:\10_Source_Repos\21_robot\acc-t17-r2-repro\build\RobWork\bin\Release\sdurw_graphics.dll
  Building Custom Rule D:/10_Source_Repos/21_robot/acc-t17-r2-repro/RobWork/RobWork/src/rwlibs/simulation/CMakeLists.txt
  FrameGrabber.cpp
  FrameGrabber25D.cpp
  GLFrameGrabber.cpp
  SimulatedCamera.cpp
  SimulatedKinect.cpp
  GLFrameGrabber25D.cpp
  KinematicSimulator.cpp
  SimulatedController.cpp
  SimulatedSensor.cpp
  Simulator.cpp
  SimulatedScanner25D.cpp
  SimulatedScanner2D.cpp
  Auto build dll exports
  Auto build dll exports
    正在创建库 D:/10_Source_Repos/21_robot/acc-t17-r2-repro/build/RobWork/libs/Release/sdurw_trajectory.lib 和对象 D:/10_Source_Repos/21_robot/acc-t17-r2-repro/build/RobWork/libs/Release/sdurw_trajectory.exp
    正在创建库 D:/10_Source_Repos/21_robot/acc-t17-r2-repro/build/RobWork/libs/Release/sdurw_proximity.lib 和对象 D:/10_Source_Repos/21_robot/acc-t17-r2-repro/build/RobWork/libs/Release/sdurw_proximity.exp
  sdurw_trajectory.vcxproj -> D:\10_Source_Repos\21_robot\acc-t17-r2-repro\build\RobWork\bin\Release\sdurw_trajectory.dll
  sdurw_proximity.vcxproj -> D:\10_Source_Repos\21_robot\acc-t17-r2-repro\build\RobWork\bin\Release\sdurw_proximity.dll
  Building Custom Rule D:/10_Source_Repos/21_robot/acc-t17-r2-repro/RobWork/RobWork/src/rw/loaders/CMakeLists.txt
  Building Custom Rule D:/10_Source_Repos/21_robot/acc-t17-r2-repro/RobWork/RobWork/src/rw/invkin/CMakeLists.txt
  AmbiguityResolver.cpp
  ClosedFormIK.cpp
  IterativeIK.cpp
  IterativeMultiIK.cpp
  CCDSolver.cpp
  ParallelIKSolver.cpp
  PieperSolver.cpp
  IKMetaSolver.cpp
  JacobianIKSolver.cpp
  JacobianIKSolverM.cpp
  WorkCellLoader.cpp
  WorkCellFactory.cpp
  ClosedFormIKSolverUR.cpp
  LoaderAC3D.cpp
  Loader3DS.cpp
  ClosedFormIKSolverKukaIIWA.cpp
  Model3DS.cpp
  LoaderOBJ.cpp
  QConstraint.cpp
  LoaderTRI.cpp
  STLFile.cpp
  Model3DFactory.cpp
  Model3DLoader.cpp
  QNormalizer.cpp
  StateConstraint.cpp
  GeometryFactory.cpp
  PathLoader.cpp
  PathLoaderCSV.cpp
  DependencyGraph.cpp
  MultipleFileIterator.cpp
  XMLParserUtil.cpp
  XMLRWPreParser.cpp
  XMLRWParser.cpp
  XMLRWLoader.cpp
  XMLErrorHandler.cpp
  XMLParser.cpp
  XML.cpp
  DOMBasisTypes.cpp
  DOMPropertyMapFormat.cpp
  DOMPropertyMapLoader.cpp
  DOMPropertyMapSaver.cpp
  DOMPathLoader.cpp
  DOMPathSaver.cpp
  DOMTrajectoryLoader.cpp
  DOMTrajectorySaver.cpp
  DOMProximitySetupLoader.cpp
  DOMProximitySetupSaver.cpp
  DOMWorkCellSaver.cpp
  CollisionSetupLoader.cpp
  Auto build dll exports
  PGMLoader.cpp
D:\10_Source_Repos\21_robot\acc-t17-r2-repro\RobWork\RobWork\src\rw\geometry\Object3D.hpp(280,22): warning C4244: “参数”: 从“double”转换到“T”，可能丢失数据 [D:\10_Source_Repos\21_robot\acc-t17-r2-repro\build\RobWork\src\rw\loaders\sdurw_loaders.vcxproj]
D:\10_Source_Repos\21_robot\acc-t17-r2-repro\RobWork\RobWork\src\rw\geometry\Object3D.hpp(280,22): warning C4244:         with [D:\10_Source_Repos\21_robot\acc-t17-r2-repro\build\RobWork\src\rw\loaders\sdurw_loaders.vcxproj]
D:\10_Source_Repos\21_robot\acc-t17-r2-repro\RobWork\RobWork\src\rw\geometry\Object3D.hpp(280,22): warning C4244:         [ [D:\10_Source_Repos\21_robot\acc-t17-r2-repro\build\RobWork\src\rw\loaders\sdurw_loaders.vcxproj]
D:\10_Source_Repos\21_robot\acc-t17-r2-repro\RobWork\RobWork\src\rw\geometry\Object3D.hpp(280,22): warning C4244:             T=float [D:\10_Source_Repos\21_robot\acc-t17-r2-repro\build\RobWork\src\rw\loaders\sdurw_loaders.vcxproj]
D:\10_Source_Repos\21_robot\acc-t17-r2-repro\RobWork\RobWork\src\rw\geometry\Object3D.hpp(280,22): warning C4244:         ] [D:\10_Source_Repos\21_robot\acc-t17-r2-repro\build\RobWork\src\rw\loaders\sdurw_loaders.vcxproj]
  (编译源文件“../../../../../RobWork/RobWork/src/rw/loaders/model3d/LoaderTRI.cpp”)
      D:\10_Source_Repos\21_robot\acc-t17-r2-repro\RobWork\RobWork\src\rw\geometry\Object3D.hpp(280,22):
      模板实例化上下文(最早的实例化上下文)为
          D:\10_Source_Repos\21_robot\acc-t17-r2-repro\RobWork\RobWork\src\rw\loaders\model3d\LoaderTRI.cpp(43,36):
          查看对正在编译的 类 模板 实例化“rw::geometry::Object3D<uint16_t>”的引用
          D:\10_Source_Repos\21_robot\acc-t17-r2-repro\RobWork\RobWork\src\rw\geometry\Object3D.hpp(277,14):
          在编译 类 模板 成员函数“void rw::geometry::Object3D<uint16_t>::scale(double)”时
  
D:\10_Source_Repos\21_robot\acc-t17-r2-repro\RobWork\RobWork\src\rw\geometry\Object3D.hpp(284,22): warning C4244: “参数”: 从“double”转换到“T”，可能丢失数据 [D:\10_Source_Repos\21_robot\acc-t17-r2-repro\build\RobWork\src\rw\loaders\sdurw_loaders.vcxproj]
D:\10_Source_Repos\21_robot\acc-t17-r2-repro\RobWork\RobWork\src\rw\geometry\Object3D.hpp(284,22): warning C4244:         with [D:\10_Source_Repos\21_robot\acc-t17-r2-repro\build\RobWork\src\rw\loaders\sdurw_loaders.vcxproj]
D:\10_Source_Repos\21_robot\acc-t17-r2-repro\RobWork\RobWork\src\rw\geometry\Object3D.hpp(284,22): warning C4244:         [ [D:\10_Source_Repos\21_robot\acc-t17-r2-repro\build\RobWork\src\rw\loaders\sdurw_loaders.vcxproj]
D:\10_Source_Repos\21_robot\acc-t17-r2-repro\RobWork\RobWork\src\rw\geometry\Object3D.hpp(284,22): warning C4244:             T=float [D:\10_Source_Repos\21_robot\acc-t17-r2-repro\build\RobWork\src\rw\loaders\sdurw_loaders.vcxproj]
D:\10_Source_Repos\21_robot\acc-t17-r2-repro\RobWork\RobWork\src\rw\geometry\Object3D.hpp(284,22): warning C4244:         ] [D:\10_Source_Repos\21_robot\acc-t17-r2-repro\build\RobWork\src\rw\loaders\sdurw_loaders.vcxproj]
  (编译源文件“../../../../../RobWork/RobWork/src/rw/loaders/model3d/LoaderTRI.cpp”)
  
D:\10_Source_Repos\21_robot\acc-t17-r2-repro\RobWork\RobWork\src\rw\geometry\Object3D.hpp(286,32): warning C4244: “参数”: 从“double”转换到“T”，可能丢失数据 [D:\10_Source_Repos\21_robot\acc-t17-r2-repro\build\RobWork\src\rw\loaders\sdurw_loaders.vcxproj]
D:\10_Source_Repos\21_robot\acc-t17-r2-repro\RobWork\RobWork\src\rw\geometry\Object3D.hpp(286,32): warning C4244:         with [D:\10_Source_Repos\21_robot\acc-t17-r2-repro\build\RobWork\src\rw\loaders\sdurw_loaders.vcxproj]
D:\10_Source_Repos\21_robot\acc-t17-r2-repro\RobWork\RobWork\src\rw\geometry\Object3D.hpp(286,32): warning C4244:         [ [D:\10_Source_Repos\21_robot\acc-t17-r2-repro\build\RobWork\src\rw\loaders\sdurw_loaders.vcxproj]
D:\10_Source_Repos\21_robot\acc-t17-r2-repro\RobWork\RobWork\src\rw\geometry\Object3D.hpp(286,32): warning C4244:             T=float [D:\10_Source_Repos\21_robot\acc-t17-r2-repro\build\RobWork\src\rw\loaders\sdurw_loaders.vcxproj]
D:\10_Source_Repos\21_robot\acc-t17-r2-repro\RobWork\RobWork\src\rw\geometry\Object3D.hpp(286,32): warning C4244:         ] [D:\10_Source_Repos\21_robot\acc-t17-r2-repro\build\RobWork\src\rw\loaders\sdurw_loaders.vcxproj]
  (编译源文件“../../../../../RobWork/RobWork/src/rw/loaders/model3d/LoaderTRI.cpp”)
  
D:\10_Source_Repos\21_robot\acc-t17-r2-repro\RobWork\RobWork\src\rw\geometry\Object3D.hpp(287,27): warning C4244: “参数”: 从“double”转换到“T”，可能丢失数据 [D:\10_Source_Repos\21_robot\acc-t17-r2-repro\build\RobWork\src\rw\loaders\sdurw_loaders.vcxproj]
D:\10_Source_Repos\21_robot\acc-t17-r2-repro\RobWork\RobWork\src\rw\geometry\Object3D.hpp(287,27): warning C4244:         with [D:\10_Source_Repos\21_robot\acc-t17-r2-repro\build\RobWork\src\rw\loaders\sdurw_loaders.vcxproj]
D:\10_Source_Repos\21_robot\acc-t17-r2-repro\RobWork\RobWork\src\rw\geometry\Object3D.hpp(287,27): warning C4244:         [ [D:\10_Source_Repos\21_robot\acc-t17-r2-repro\build\RobWork\src\rw\loaders\sdurw_loaders.vcxproj]
D:\10_Source_Repos\21_robot\acc-t17-r2-repro\RobWork\RobWork\src\rw\geometry\Object3D.hpp(287,27): warning C4244:             T=float [D:\10_Source_Repos\21_robot\acc-t17-r2-repro\build\RobWork\src\rw\loaders\sdurw_loaders.vcxproj]
D:\10_Source_Repos\21_robot\acc-t17-r2-repro\RobWork\RobWork\src\rw\geometry\Object3D.hpp(287,27): warning C4244:         ] [D:\10_Source_Repos\21_robot\acc-t17-r2-repro\build\RobWork\src\rw\loaders\sdurw_loaders.vcxproj]
  (编译源文件“../../../../../RobWork/RobWork/src/rw/loaders/model3d/LoaderTRI.cpp”)
  
D:\10_Source_Repos\21_robot\acc-t17-r2-repro\RobWork\RobWork\src\rw\geometry\Object3D.hpp(288,27): warning C4244: “参数”: 从“double”转换到“T”，可能丢失数据 [D:\10_Source_Repos\21_robot\acc-t17-r2-repro\build\RobWork\src\rw\loaders\sdurw_loaders.vcxproj]
D:\10_Source_Repos\21_robot\acc-t17-r2-repro\RobWork\RobWork\src\rw\geometry\Object3D.hpp(288,27): warning C4244:         with [D:\10_Source_Repos\21_robot\acc-t17-r2-repro\build\RobWork\src\rw\loaders\sdurw_loaders.vcxproj]
D:\10_Source_Repos\21_robot\acc-t17-r2-repro\RobWork\RobWork\src\rw\geometry\Object3D.hpp(288,27): warning C4244:         [ [D:\10_Source_Repos\21_robot\acc-t17-r2-repro\build\RobWork\src\rw\loaders\sdurw_loaders.vcxproj]
D:\10_Source_Repos\21_robot\acc-t17-r2-repro\RobWork\RobWork\src\rw\geometry\Object3D.hpp(288,27): warning C4244:             T=float [D:\10_Source_Repos\21_robot\acc-t17-r2-repro\build\RobWork\src\rw\loaders\sdurw_loaders.vcxproj]
D:\10_Source_Repos\21_robot\acc-t17-r2-repro\RobWork\RobWork\src\rw\geometry\Object3D.hpp(288,27): warning C4244:         ] [D:\10_Source_Repos\21_robot\acc-t17-r2-repro\build\RobWork\src\rw\loaders\sdurw_loaders.vcxproj]
  (编译源文件“../../../../../RobWork/RobWork/src/rw/loaders/model3d/LoaderTRI.cpp”)
  
D:\10_Source_Repos\21_robot\acc-t17-r2-repro\RobWork\RobWork\src\rw\geometry\Object3D.hpp(280,22): warning C4244: “参数”: 从“double”转换到“T”，可能丢失数据 [D:\10_Source_Repos\21_robot\acc-t17-r2-repro\build\RobWork\src\rw\loaders\sdurw_loaders.vcxproj]
D:\10_Source_Repos\21_robot\acc-t17-r2-repro\RobWork\RobWork\src\rw\geometry\Object3D.hpp(280,22): warning C4244:         with [D:\10_Source_Repos\21_robot\acc-t17-r2-repro\build\RobWork\src\rw\loaders\sdurw_loaders.vcxproj]
D:\10_Source_Repos\21_robot\acc-t17-r2-repro\RobWork\RobWork\src\rw\geometry\Object3D.hpp(280,22): warning C4244:         [ [D:\10_Source_Repos\21_robot\acc-t17-r2-repro\build\RobWork\src\rw\loaders\sdurw_loaders.vcxproj]
D:\10_Source_Repos\21_robot\acc-t17-r2-repro\RobWork\RobWork\src\rw\geometry\Object3D.hpp(280,22): warning C4244:             T=float [D:\10_Source_Repos\21_robot\acc-t17-r2-repro\build\RobWork\src\rw\loaders\sdurw_loaders.vcxproj]
D:\10_Source_Repos\21_robot\acc-t17-r2-repro\RobWork\RobWork\src\rw\geometry\Object3D.hpp(280,22): warning C4244:         ] [D:\10_Source_Repos\21_robot\acc-t17-r2-repro\build\RobWork\src\rw\loaders\sdurw_loaders.vcxproj]
  (编译源文件“../../../../../RobWork/RobWork/src/rw/loaders/model3d/LoaderOBJ.cpp”)
      D:\10_Source_Repos\21_robot\acc-t17-r2-repro\RobWork\RobWork\src\rw\geometry\Object3D.hpp(280,22):
      模板实例化上下文(最早的实例化上下文)为
          D:\10_Source_Repos\21_robot\acc-t17-r2-repro\RobWork\RobWork\src\rw\loaders\model3d\LoaderOBJ.cpp(759,36):
          查看对正在编译的 类 模板 实例化“rw::geometry::Object3D<uint32_t>”的引用
          D:\10_Source_Repos\21_robot\acc-t17-r2-repro\RobWork\RobWork\src\rw\geometry\Object3D.hpp(277,14):
          在编译 类 模板 成员函数“void rw::geometry::Object3D<uint32_t>::scale(double)”时
  
D:\10_Source_Repos\21_robot\acc-t17-r2-repro\RobWork\RobWork\src\rw\geometry\Object3D.hpp(284,22): warning C4244: “参数”: 从“double”转换到“T”，可能丢失数据 [D:\10_Source_Repos\21_robot\acc-t17-r2-repro\build\RobWork\src\rw\loaders\sdurw_loaders.vcxproj]
D:\10_Source_Repos\21_robot\acc-t17-r2-repro\RobWork\RobWork\src\rw\geometry\Object3D.hpp(284,22): warning C4244:         with [D:\10_Source_Repos\21_robot\acc-t17-r2-repro\build\RobWork\src\rw\loaders\sdurw_loaders.vcxproj]
D:\10_Source_Repos\21_robot\acc-t17-r2-repro\RobWork\RobWork\src\rw\geometry\Object3D.hpp(284,22): warning C4244:         [ [D:\10_Source_Repos\21_robot\acc-t17-r2-repro\build\RobWork\src\rw\loaders\sdurw_loaders.vcxproj]
D:\10_Source_Repos\21_robot\acc-t17-r2-repro\RobWork\RobWork\src\rw\geometry\Object3D.hpp(284,22): warning C4244:             T=float [D:\10_Source_Repos\21_robot\acc-t17-r2-repro\build\RobWork\src\rw\loaders\sdurw_loaders.vcxproj]
D:\10_Source_Repos\21_robot\acc-t17-r2-repro\RobWork\RobWork\src\rw\geometry\Object3D.hpp(284,22): warning C4244:         ] [D:\10_Source_Repos\21_robot\acc-t17-r2-repro\build\RobWork\src\rw\loaders\sdurw_loaders.vcxproj]
  (编译源文件“../../../../../RobWork/RobWork/src/rw/loaders/model3d/LoaderOBJ.cpp”)
  
D:\10_Source_Repos\21_robot\acc-t17-r2-repro\RobWork\RobWork\src\rw\geometry\Object3D.hpp(286,32): warning C4244: “参数”: 从“double”转换到“T”，可能丢失数据 [D:\10_Source_Repos\21_robot\acc-t17-r2-repro\build\RobWork\src\rw\loaders\sdurw_loaders.vcxproj]
D:\10_Source_Repos\21_robot\acc-t17-r2-repro\RobWork\RobWork\src\rw\geometry\Object3D.hpp(286,32): warning C4244:         with [D:\10_Source_Repos\21_robot\acc-t17-r2-repro\build\RobWork\src\rw\loaders\sdurw_loaders.vcxproj]
D:\10_Source_Repos\21_robot\acc-t17-r2-repro\RobWork\RobWork\src\rw\geometry\Object3D.hpp(286,32): warning C4244:         [ [D:\10_Source_Repos\21_robot\acc-t17-r2-repro\build\RobWork\src\rw\loaders\sdurw_loaders.vcxproj]
D:\10_Source_Repos\21_robot\acc-t17-r2-repro\RobWork\RobWork\src\rw\geometry\Object3D.hpp(286,32): warning C4244:             T=float [D:\10_Source_Repos\21_robot\acc-t17-r2-repro\build\RobWork\src\rw\loaders\sdurw_loaders.vcxproj]
D:\10_Source_Repos\21_robot\acc-t17-r2-repro\RobWork\RobWork\src\rw\geometry\Object3D.hpp(286,32): warning C4244:         ] [D:\10_Source_Repos\21_robot\acc-t17-r2-repro\build\RobWork\src\rw\loaders\sdurw_loaders.vcxproj]
  (编译源文件“../../../../../RobWork/RobWork/src/rw/loaders/model3d/LoaderOBJ.cpp”)
  
D:\10_Source_Repos\21_robot\acc-t17-r2-repro\RobWork\RobWork\src\rw\geometry\Object3D.hpp(287,27): warning C4244: “参数”: 从“double”转换到“T”，可能丢失数据 [D:\10_Source_Repos\21_robot\acc-t17-r2-repro\build\RobWork\src\rw\loaders\sdurw_loaders.vcxproj]
D:\10_Source_Repos\21_robot\acc-t17-r2-repro\RobWork\RobWork\src\rw\geometry\Object3D.hpp(287,27): warning C4244:         with [D:\10_Source_Repos\21_robot\acc-t17-r2-repro\build\RobWork\src\rw\loaders\sdurw_loaders.vcxproj]
D:\10_Source_Repos\21_robot\acc-t17-r2-repro\RobWork\RobWork\src\rw\geometry\Object3D.hpp(287,27): warning C4244:         [ [D:\10_Source_Repos\21_robot\acc-t17-r2-repro\build\RobWork\src\rw\loaders\sdurw_loaders.vcxproj]
D:\10_Source_Repos\21_robot\acc-t17-r2-repro\RobWork\RobWork\src\rw\geometry\Object3D.hpp(287,27): warning C4244:             T=float [D:\10_Source_Repos\21_robot\acc-t17-r2-repro\build\RobWork\src\rw\loaders\sdurw_loaders.vcxproj]
D:\10_Source_Repos\21_robot\acc-t17-r2-repro\RobWork\RobWork\src\rw\geometry\Object3D.hpp(287,27): warning C4244:         ] [D:\10_Source_Repos\21_robot\acc-t17-r2-repro\build\RobWork\src\rw\loaders\sdurw_loaders.vcxproj]
  (编译源文件“../../../../../RobWork/RobWork/src/rw/loaders/model3d/LoaderOBJ.cpp”)
  
D:\10_Source_Repos\21_robot\acc-t17-r2-repro\RobWork\RobWork\src\rw\geometry\Object3D.hpp(288,27): warning C4244: “参数”: 从“double”转换到“T”，可能丢失数据 [D:\10_Source_Repos\21_robot\acc-t17-r2-repro\build\RobWork\src\rw\loaders\sdurw_loaders.vcxproj]
D:\10_Source_Repos\21_robot\acc-t17-r2-repro\RobWork\RobWork\src\rw\geometry\Object3D.hpp(288,27): warning C4244:         with [D:\10_Source_Repos\21_robot\acc-t17-r2-repro\build\RobWork\src\rw\loaders\sdurw_loaders.vcxproj]
D:\10_Source_Repos\21_robot\acc-t17-r2-repro\RobWork\RobWork\src\rw\geometry\Object3D.hpp(288,27): warning C4244:         [ [D:\10_Source_Repos\21_robot\acc-t17-r2-repro\build\RobWork\src\rw\loaders\sdurw_loaders.vcxproj]
D:\10_Source_Repos\21_robot\acc-t17-r2-repro\RobWork\RobWork\src\rw\geometry\Object3D.hpp(288,27): warning C4244:             T=float [D:\10_Source_Repos\21_robot\acc-t17-r2-repro\build\RobWork\src\rw\loaders\sdurw_loaders.vcxproj]
D:\10_Source_Repos\21_robot\acc-t17-r2-repro\RobWork\RobWork\src\rw\geometry\Object3D.hpp(288,27): warning C4244:         ] [D:\10_Source_Repos\21_robot\acc-t17-r2-repro\build\RobWork\src\rw\loaders\sdurw_loaders.vcxproj]
  (编译源文件“../../../../../RobWork/RobWork/src/rw/loaders/model3d/LoaderOBJ.cpp”)
  
D:\10_Source_Repos\21_robot\acc-t17-r2-repro\RobWork\RobWork\src\rw\geometry\Object3D.hpp(280,22): warning C4244: “参数”: 从“double”转换到“T”，可能丢失数据 [D:\10_Source_Repos\21_robot\acc-t17-r2-repro\build\RobWork\src\rw\loaders\sdurw_loaders.vcxproj]
D:\10_Source_Repos\21_robot\acc-t17-r2-repro\RobWork\RobWork\src\rw\geometry\Object3D.hpp(280,22): warning C4244:         with [D:\10_Source_Repos\21_robot\acc-t17-r2-repro\build\RobWork\src\rw\loaders\sdurw_loaders.vcxproj]
D:\10_Source_Repos\21_robot\acc-t17-r2-repro\RobWork\RobWork\src\rw\geometry\Object3D.hpp(280,22): warning C4244:         [ [D:\10_Source_Repos\21_robot\acc-t17-r2-repro\build\RobWork\src\rw\loaders\sdurw_loaders.vcxproj]
D:\10_Source_Repos\21_robot\acc-t17-r2-repro\RobWork\RobWork\src\rw\geometry\Object3D.hpp(280,22): warning C4244:             T=float [D:\10_Source_Repos\21_robot\acc-t17-r2-repro\build\RobWork\src\rw\loaders\sdurw_loaders.vcxproj]
D:\10_Source_Repos\21_robot\acc-t17-r2-repro\RobWork\RobWork\src\rw\geometry\Object3D.hpp(280,22): warning C4244:         ] [D:\10_Source_Repos\21_robot\acc-t17-r2-repro\build\RobWork\src\rw\loaders\sdurw_loaders.vcxproj]
  (编译源文件“../../../../../RobWork/RobWork/src/rw/loaders/model3d/Loader3DS.cpp”)
      D:\10_Source_Repos\21_robot\acc-t17-r2-repro\RobWork\RobWork\src\rw\geometry\Object3D.hpp(280,22):
      模板实例化上下文(最早的实例化上下文)为
          D:\10_Source_Repos\21_robot\acc-t17-r2-repro\RobWork\RobWork\src\rw\loaders\model3d\Loader3DS.cpp(94,46):
          查看对正在编译的 类 模板 实例化“rw::geometry::Object3D<uint16_t>”的引用
          D:\10_Source_Repos\21_robot\acc-t17-r2-repro\RobWork\RobWork\src\rw\geometry\Object3D.hpp(277,14):
          在编译 类 模板 成员函数“void rw::geometry::Object3D<uint16_t>::scale(double)”时
  
D:\10_Source_Repos\21_robot\acc-t17-r2-repro\RobWork\RobWork\src\rw\geometry\Object3D.hpp(284,22): warning C4244: “参数”: 从“double”转换到“T”，可能丢失数据 [D:\10_Source_Repos\21_robot\acc-t17-r2-repro\build\RobWork\src\rw\loaders\sdurw_loaders.vcxproj]
D:\10_Source_Repos\21_robot\acc-t17-r2-repro\RobWork\RobWork\src\rw\geometry\Object3D.hpp(284,22): warning C4244:         with [D:\10_Source_Repos\21_robot\acc-t17-r2-repro\build\RobWork\src\rw\loaders\sdurw_loaders.vcxproj]
D:\10_Source_Repos\21_robot\acc-t17-r2-repro\RobWork\RobWork\src\rw\geometry\Object3D.hpp(284,22): warning C4244:         [ [D:\10_Source_Repos\21_robot\acc-t17-r2-repro\build\RobWork\src\rw\loaders\sdurw_loaders.vcxproj]
D:\10_Source_Repos\21_robot\acc-t17-r2-repro\RobWork\RobWork\src\rw\geometry\Object3D.hpp(284,22): warning C4244:             T=float [D:\10_Source_Repos\21_robot\acc-t17-r2-repro\build\RobWork\src\rw\loaders\sdurw_loaders.vcxproj]
D:\10_Source_Repos\21_robot\acc-t17-r2-repro\RobWork\RobWork\src\rw\geometry\Object3D.hpp(284,22): warning C4244:         ] [D:\10_Source_Repos\21_robot\acc-t17-r2-repro\build\RobWork\src\rw\loaders\sdurw_loaders.vcxproj]
  (编译源文件“../../../../../RobWork/RobWork/src/rw/loaders/model3d/Loader3DS.cpp”)
  
D:\10_Source_Repos\21_robot\acc-t17-r2-repro\RobWork\RobWork\src\rw\geometry\Object3D.hpp(286,32): warning C4244: “参数”: 从“double”转换到“T”，可能丢失数据 [D:\10_Source_Repos\21_robot\acc-t17-r2-repro\build\RobWork\src\rw\loaders\sdurw_loaders.vcxproj]
D:\10_Source_Repos\21_robot\acc-t17-r2-repro\RobWork\RobWork\src\rw\geometry\Object3D.hpp(286,32): warning C4244:         with [D:\10_Source_Repos\21_robot\acc-t17-r2-repro\build\RobWork\src\rw\loaders\sdurw_loaders.vcxproj]
D:\10_Source_Repos\21_robot\acc-t17-r2-repro\RobWork\RobWork\src\rw\geometry\Object3D.hpp(286,32): warning C4244:         [ [D:\10_Source_Repos\21_robot\acc-t17-r2-repro\build\RobWork\src\rw\loaders\sdurw_loaders.vcxproj]
D:\10_Source_Repos\21_robot\acc-t17-r2-repro\RobWork\RobWork\src\rw\geometry\Object3D.hpp(286,32): warning C4244:             T=float [D:\10_Source_Repos\21_robot\acc-t17-r2-repro\build\RobWork\src\rw\loaders\sdurw_loaders.vcxproj]
D:\10_Source_Repos\21_robot\acc-t17-r2-repro\RobWork\RobWork\src\rw\geometry\Object3D.hpp(286,32): warning C4244:         ] [D:\10_Source_Repos\21_robot\acc-t17-r2-repro\build\RobWork\src\rw\loaders\sdurw_loaders.vcxproj]
  (编译源文件“../../../../../RobWork/RobWork/src/rw/loaders/model3d/Loader3DS.cpp”)
  
D:\10_Source_Repos\21_robot\acc-t17-r2-repro\RobWork\RobWork\src\rw\geometry\Object3D.hpp(287,27): warning C4244: “参数”: 从“double”转换到“T”，可能丢失数据 [D:\10_Source_Repos\21_robot\acc-t17-r2-repro\build\RobWork\src\rw\loaders\sdurw_loaders.vcxproj]
D:\10_Source_Repos\21_robot\acc-t17-r2-repro\RobWork\RobWork\src\rw\geometry\Object3D.hpp(287,27): warning C4244:         with [D:\10_Source_Repos\21_robot\acc-t17-r2-repro\build\RobWork\src\rw\loaders\sdurw_loaders.vcxproj]
D:\10_Source_Repos\21_robot\acc-t17-r2-repro\RobWork\RobWork\src\rw\geometry\Object3D.hpp(287,27): warning C4244:         [ [D:\10_Source_Repos\21_robot\acc-t17-r2-repro\build\RobWork\src\rw\loaders\sdurw_loaders.vcxproj]
D:\10_Source_Repos\21_robot\acc-t17-r2-repro\RobWork\RobWork\src\rw\geometry\Object3D.hpp(287,27): warning C4244:             T=float [D:\10_Source_Repos\21_robot\acc-t17-r2-repro\build\RobWork\src\rw\loaders\sdurw_loaders.vcxproj]
D:\10_Source_Repos\21_robot\acc-t17-r2-repro\RobWork\RobWork\src\rw\geometry\Object3D.hpp(287,27): warning C4244:         ] [D:\10_Source_Repos\21_robot\acc-t17-r2-repro\build\RobWork\src\rw\loaders\sdurw_loaders.vcxproj]
  (编译源文件“../../../../../RobWork/RobWork/src/rw/loaders/model3d/Loader3DS.cpp”)
  
D:\10_Source_Repos\21_robot\acc-t17-r2-repro\RobWork\RobWork\src\rw\geometry\Object3D.hpp(288,27): warning C4244: “参数”: 从“double”转换到“T”，可能丢失数据 [D:\10_Source_Repos\21_robot\acc-t17-r2-repro\build\RobWork\src\rw\loaders\sdurw_loaders.vcxproj]
D:\10_Source_Repos\21_robot\acc-t17-r2-repro\RobWork\RobWork\src\rw\geometry\Object3D.hpp(288,27): warning C4244:         with [D:\10_Source_Repos\21_robot\acc-t17-r2-repro\build\RobWork\src\rw\loaders\sdurw_loaders.vcxproj]
D:\10_Source_Repos\21_robot\acc-t17-r2-repro\RobWork\RobWork\src\rw\geometry\Object3D.hpp(288,27): warning C4244:         [ [D:\10_Source_Repos\21_robot\acc-t17-r2-repro\build\RobWork\src\rw\loaders\sdurw_loaders.vcxproj]
D:\10_Source_Repos\21_robot\acc-t17-r2-repro\RobWork\RobWork\src\rw\geometry\Object3D.hpp(288,27): warning C4244:             T=float [D:\10_Source_Repos\21_robot\acc-t17-r2-repro\build\RobWork\src\rw\loaders\sdurw_loaders.vcxproj]
D:\10_Source_Repos\21_robot\acc-t17-r2-repro\RobWork\RobWork\src\rw\geometry\Object3D.hpp(288,27): warning C4244:         ] [D:\10_Source_Repos\21_robot\acc-t17-r2-repro\build\RobWork\src\rw\loaders\sdurw_loaders.vcxproj]
  (编译源文件“../../../../../RobWork/RobWork/src/rw/loaders/model3d/Loader3DS.cpp”)
  
D:\10_Source_Repos\21_robot\acc-t17-r2-repro\RobWork\RobWork\src\rw\geometry\Object3D.hpp(280,22): warning C4244: “参数”: 从“double”转换到“T”，可能丢失数据 [D:\10_Source_Repos\21_robot\acc-t17-r2-repro\build\RobWork\src\rw\loaders\sdurw_loaders.vcxproj]
D:\10_Source_Repos\21_robot\acc-t17-r2-repro\RobWork\RobWork\src\rw\geometry\Object3D.hpp(280,22): warning C4244:         with [D:\10_Source_Repos\21_robot\acc-t17-r2-repro\build\RobWork\src\rw\loaders\sdurw_loaders.vcxproj]
D:\10_Source_Repos\21_robot\acc-t17-r2-repro\RobWork\RobWork\src\rw\geometry\Object3D.hpp(280,22): warning C4244:         [ [D:\10_Source_Repos\21_robot\acc-t17-r2-repro\build\RobWork\src\rw\loaders\sdurw_loaders.vcxproj]
D:\10_Source_Repos\21_robot\acc-t17-r2-repro\RobWork\RobWork\src\rw\geometry\Object3D.hpp(280,22): warning C4244:             T=float [D:\10_Source_Repos\21_robot\acc-t17-r2-repro\build\RobWork\src\rw\loaders\sdurw_loaders.vcxproj]
D:\10_Source_Repos\21_robot\acc-t17-r2-repro\RobWork\RobWork\src\rw\geometry\Object3D.hpp(280,22): warning C4244:         ] [D:\10_Source_Repos\21_robot\acc-t17-r2-repro\build\RobWork\src\rw\loaders\sdurw_loaders.vcxproj]
  (编译源文件“../../../../../RobWork/RobWork/src/rw/loaders/model3d/LoaderAC3D.cpp”)
      D:\10_Source_Repos\21_robot\acc-t17-r2-repro\RobWork\RobWork\src\rw\geometry\Object3D.hpp(280,22):
      模板实例化上下文(最早的实例化上下文)为
          D:\10_Source_Repos\21_robot\acc-t17-r2-repro\RobWork\RobWork\src\rw\loaders\model3d\LoaderAC3D.cpp(123,65):
          查看对正在编译的 类 模板 实例化“rw::geometry::Object3D<uint16_t>”的引用
          D:\10_Source_Repos\21_robot\acc-t17-r2-repro\RobWork\RobWork\src\rw\geometry\Object3D.hpp(277,14):
          在编译 类 模板 成员函数“void rw::geometry::Object3D<uint16_t>::scale(double)”时
  
D:\10_Source_Repos\21_robot\acc-t17-r2-repro\RobWork\RobWork\src\rw\geometry\Object3D.hpp(284,22): warning C4244: “参数”: 从“double”转换到“T”，可能丢失数据 [D:\10_Source_Repos\21_robot\acc-t17-r2-repro\build\RobWork\src\rw\loaders\sdurw_loaders.vcxproj]
D:\10_Source_Repos\21_robot\acc-t17-r2-repro\RobWork\RobWork\src\rw\geometry\Object3D.hpp(284,22): warning C4244:         with [D:\10_Source_Repos\21_robot\acc-t17-r2-repro\build\RobWork\src\rw\loaders\sdurw_loaders.vcxproj]
D:\10_Source_Repos\21_robot\acc-t17-r2-repro\RobWork\RobWork\src\rw\geometry\Object3D.hpp(284,22): warning C4244:         [ [D:\10_Source_Repos\21_robot\acc-t17-r2-repro\build\RobWork\src\rw\loaders\sdurw_loaders.vcxproj]
D:\10_Source_Repos\21_robot\acc-t17-r2-repro\RobWork\RobWork\src\rw\geometry\Object3D.hpp(284,22): warning C4244:             T=float [D:\10_Source_Repos\21_robot\acc-t17-r2-repro\build\RobWork\src\rw\loaders\sdurw_loaders.vcxproj]
D:\10_Source_Repos\21_robot\acc-t17-r2-repro\RobWork\RobWork\src\rw\geometry\Object3D.hpp(284,22): warning C4244:         ] [D:\10_Source_Repos\21_robot\acc-t17-r2-repro\build\RobWork\src\rw\loaders\sdurw_loaders.vcxproj]
  (编译源文件“../../../../../RobWork/RobWork/src/rw/loaders/model3d/LoaderAC3D.cpp”)
  
D:\10_Source_Repos\21_robot\acc-t17-r2-repro\RobWork\RobWork\src\rw\geometry\Object3D.hpp(286,32): warning C4244: “参数”: 从“double”转换到“T”，可能丢失数据 [D:\10_Source_Repos\21_robot\acc-t17-r2-repro\build\RobWork\src\rw\loaders\sdurw_loaders.vcxproj]
D:\10_Source_Repos\21_robot\acc-t17-r2-repro\RobWork\RobWork\src\rw\geometry\Object3D.hpp(286,32): warning C4244:         with [D:\10_Source_Repos\21_robot\acc-t17-r2-repro\build\RobWork\src\rw\loaders\sdurw_loaders.vcxproj]
D:\10_Source_Repos\21_robot\acc-t17-r2-repro\RobWork\RobWork\src\rw\geometry\Object3D.hpp(286,32): warning C4244:         [ [D:\10_Source_Repos\21_robot\acc-t17-r2-repro\build\RobWork\src\rw\loaders\sdurw_loaders.vcxproj]
D:\10_Source_Repos\21_robot\acc-t17-r2-repro\RobWork\RobWork\src\rw\geometry\Object3D.hpp(286,32): warning C4244:             T=float [D:\10_Source_Repos\21_robot\acc-t17-r2-repro\build\RobWork\src\rw\loaders\sdurw_loaders.vcxproj]
D:\10_Source_Repos\21_robot\acc-t17-r2-repro\RobWork\RobWork\src\rw\geometry\Object3D.hpp(286,32): warning C4244:         ] [D:\10_Source_Repos\21_robot\acc-t17-r2-repro\build\RobWork\src\rw\loaders\sdurw_loaders.vcxproj]
  (编译源文件“../../../../../RobWork/RobWork/src/rw/loaders/model3d/LoaderAC3D.cpp”)
  
D:\10_Source_Repos\21_robot\acc-t17-r2-repro\RobWork\RobWork\src\rw\geometry\Object3D.hpp(287,27): warning C4244: “参数”: 从“double”转换到“T”，可能丢失数据 [D:\10_Source_Repos\21_robot\acc-t17-r2-repro\build\RobWork\src\rw\loaders\sdurw_loaders.vcxproj]
D:\10_Source_Repos\21_robot\acc-t17-r2-repro\RobWork\RobWork\src\rw\geometry\Object3D.hpp(287,27): warning C4244:         with [D:\10_Source_Repos\21_robot\acc-t17-r2-repro\build\RobWork\src\rw\loaders\sdurw_loaders.vcxproj]
D:\10_Source_Repos\21_robot\acc-t17-r2-repro\RobWork\RobWork\src\rw\geometry\Object3D.hpp(287,27): warning C4244:         [ [D:\10_Source_Repos\21_robot\acc-t17-r2-repro\build\RobWork\src\rw\loaders\sdurw_loaders.vcxproj]
D:\10_Source_Repos\21_robot\acc-t17-r2-repro\RobWork\RobWork\src\rw\geometry\Object3D.hpp(287,27): warning C4244:             T=float [D:\10_Source_Repos\21_robot\acc-t17-r2-repro\build\RobWork\src\rw\loaders\sdurw_loaders.vcxproj]
D:\10_Source_Repos\21_robot\acc-t17-r2-repro\RobWork\RobWork\src\rw\geometry\Object3D.hpp(287,27): warning C4244:         ] [D:\10_Source_Repos\21_robot\acc-t17-r2-repro\build\RobWork\src\rw\loaders\sdurw_loaders.vcxproj]
  (编译源文件“../../../../../RobWork/RobWork/src/rw/loaders/model3d/LoaderAC3D.cpp”)
  
D:\10_Source_Repos\21_robot\acc-t17-r2-repro\RobWork\RobWork\src\rw\geometry\Object3D.hpp(288,27): warning C4244: “参数”: 从“double”转换到“T”，可能丢失数据 [D:\10_Source_Repos\21_robot\acc-t17-r2-repro\build\RobWork\src\rw\loaders\sdurw_loaders.vcxproj]
D:\10_Source_Repos\21_robot\acc-t17-r2-repro\RobWork\RobWork\src\rw\geometry\Object3D.hpp(288,27): warning C4244:         with [D:\10_Source_Repos\21_robot\acc-t17-r2-repro\build\RobWork\src\rw\loaders\sdurw_loaders.vcxproj]
D:\10_Source_Repos\21_robot\acc-t17-r2-repro\RobWork\RobWork\src\rw\geometry\Object3D.hpp(288,27): warning C4244:         [ [D:\10_Source_Repos\21_robot\acc-t17-r2-repro\build\RobWork\src\rw\loaders\sdurw_loaders.vcxproj]
D:\10_Source_Repos\21_robot\acc-t17-r2-repro\RobWork\RobWork\src\rw\geometry\Object3D.hpp(288,27): warning C4244:             T=float [D:\10_Source_Repos\21_robot\acc-t17-r2-repro\build\RobWork\src\rw\loaders\sdurw_loaders.vcxproj]
D:\10_Source_Repos\21_robot\acc-t17-r2-repro\RobWork\RobWork\src\rw\geometry\Object3D.hpp(288,27): warning C4244:         ] [D:\10_Source_Repos\21_robot\acc-t17-r2-repro\build\RobWork\src\rw\loaders\sdurw_loaders.vcxproj]
  (编译源文件“../../../../../RobWork/RobWork/src/rw/loaders/model3d/LoaderAC3D.cpp”)
  
  PPMLoader.cpp
  RGBLoader.cpp
  ImageLoader.cpp
  XercesErrorHandler.cpp
  XercesUtils.cpp
  XMLBasisTypes.cpp
  XMLPathFormat.cpp
  XMLPathLoader.cpp
  XMLPathSaver.cpp
  XMLTrajectoryFormat.cpp
  XMLTrajectoryLoader.cpp
  XMLTrajectorySaver.cpp
  XMLPropertyFormat.cpp
  XMLPropertyLoader.cpp
  XMLPropertySaver.cpp
    正在创建库 D:/10_Source_Repos/21_robot/acc-t17-r2-repro/build/RobWork/libs/Release/sdurw_simulation.lib 和对象 D:/10_Source_Repos/21_robot/acc-t17-r2-repro/build/RobWork/libs/Release/sdurw_simulation.exp
  XMLProximitySetupLoader.cpp
  sdurw_simulation.vcxproj -> D:\10_Source_Repos\21_robot\acc-t17-r2-repro\build\RobWork\bin\Release\sdurw_simulation.dll
  Auto build dll exports
    正在创建库 D:/10_Source_Repos/21_robot/acc-t17-r2-repro/build/RobWork/libs/Release/sdurw_loaders.lib 和对象 D:/10_Source_Repos/21_robot/acc-t17-r2-repro/build/RobWork/libs/Release/sdurw_loaders.exp
  Auto build dll exports
  sdurw_loaders.vcxproj -> D:\10_Source_Repos\21_robot\acc-t17-r2-repro\build\RobWork\bin\Release\sdurw_loaders.dll
    正在创建库 D:/10_Source_Repos/21_robot/acc-t17-r2-repro/build/RobWork/libs/Release/sdurw_invkin.lib 和对象 D:/10_Source_Repos/21_robot/acc-t17-r2-repro/build/RobWork/libs/Release/sdurw_invkin.exp
  D:\10_Source_Repos\21_robot\RobWork\vcpkg\installed\x64-windows\bin\xerces-c_3_3.dll -> D:\10_Source_Repos\21_robot\acc-t17-r2-repro\build\RobWork\bin\Release\xerces-c_3_3.dll done
  sdurw_invkin.vcxproj -> D:\10_Source_Repos\21_robot\acc-t17-r2-repro\build\RobWork\bin\Release\sdurw_invkin.dll
  Building Custom Rule D:/10_Source_Repos/21_robot/acc-t17-r2-repro/RobWork/RobWork/src/rwlibs/csg/CMakeLists.txt
  Building Custom Rule D:/10_Source_Repos/21_robot/acc-t17-r2-repro/RobWork/RobWork/src/rwlibs/task/CMakeLists.txt
  Building Custom Rule D:/10_Source_Repos/21_robot/acc-t17-r2-repro/RobWork/RobWork/src/rwlibs/opengl/CMakeLists.txt
  Building Custom Rule D:/10_Source_Repos/21_robot/acc-t17-r2-repro/RobWork/RobWork/src/rwlibs/algorithms/CMakeLists.txt
  Building Custom Rule D:/10_Source_Repos/21_robot/acc-t17-r2-repro/RobWork/RobWork/src/rw/pathplanning/CMakeLists.txt
  Building Custom Rule D:/10_Source_Repos/21_robot/acc-t17-r2-repro/RobWork/RobWork/src/rwlibs/proximitystrategies/CMakeLists.txt
  PlannerConstraint.cpp
  QEdgeConstraint.cpp
  QEdgeConstraintIncremental.cpp
  PathPlanner.cpp
  QToQPlanner.cpp
  QToTPlanner.cpp
  QToQSamplerPlanner.cpp
  PlannerUtil.cpp
  StopCriteria.cpp
  QConstraint.cpp
  QNormalizer.cpp
  QIKSampler.cpp
  QSampler.cpp
  StateConstraint.cpp
  PathAnalyzer.cpp
  KDTree.cpp
  KDTreeQ.cpp
  IKQPSolver.cpp
  QPController.cpp
  QPSolver.cpp
  XQPController.cpp
  NullSpaceProjection.cpp
  BasicGPM.cpp
  BFGS.cpp
  MovingAverage.cpp
  RANSACModel.cpp
  PointModel.cpp
  LineModel.cpp
  StructuredLineModel.cpp
  PlaneModel.cpp
  StablePose1DModel.cpp
  StablePose0DModel.cpp
  PointPairsRegistration.cpp
  CSGModel.cpp
  Action.cpp
  CSGModelFactory.cpp
  Entity.cpp
  CSGConvert.cpp
  CSGUtil.cpp
  Motion.cpp
  Target.cpp
  Task.cpp
  TaskUtils.cpp
  TypeRepository.cpp
  GraspTask.cpp
  GraspTarget.cpp
  GraspResult.cpp
  GraspSubTask.cpp
  DOMTaskFormat.cpp
  DOMTaskLoader.cpp
  DOMTaskSaver.cpp
  TaskLoader.cpp
  ProximityStrategyPQP.cpp
  TaskSaver.cpp
  XMLTaskFormat.cpp
  ProximityStrategyYaobi.cpp
  XMLTaskLoader.cpp
  XMLTaskSaver.cpp
  ProximityStrategyFactory.cpp
  Drawable.cpp
  RenderArrow.cpp
  RWGLFrameBuffer.cpp
  DrawableFactory.cpp
  DrawableUtil.cpp
  RenderFrame.cpp
  RenderGeometry.cpp
  RenderLines.cpp
  RenderMatrix.cpp
  SceneOpenGL.cpp
  TactileArrayRender.cpp
  RWGLTexture.cpp
  RenderImage.cpp
  RenderModel3D.cpp
  RenderUtil.cpp
  RenderScan.cpp
  RenderPointCloud.cpp
  RenderCameraFrustum.cpp
  DrawableGeometry.cpp
  RenderSmoothSkin.cpp
  RenderForceTorque.cpp
  RenderVelocity.cpp
  RenderText.cpp
  #include <rwlibs/os/glext_win32.hpp> is deprecated, use #include <rwlibs/opengl/glext_win32.hpp> instead
  Auto build dll exports
D:\10_Source_Repos\21_robot\acc-t17-r2-repro\RobWork\RobWork\src\rwlibs\opengl\RenderModel3D.cpp(56,12): warning C4099: “rwlibs::opengl::TPFace”: 类型名称以前使用“class”现在使用的是“struct” [D:\10_Source_Repos\21_robot\acc-t17-r2-repro\build\RobWork\src\rwlibs\opengl\sdurw_opengl.vcxproj]
      D:\10_Source_Repos\21_robot\acc-t17-r2-repro\RobWork\RobWork\src\rwlibs\opengl\RenderModel3D.cpp(56,12):
      参见“rwlibs::opengl::TPFace”的声明
  
D:\10_Source_Repos\21_robot\acc-t17-r2-repro\RobWork\RobWork\src\rw\geometry\Object3D.hpp(280,22): warning C4244: “参数”: 从“double”转换到“T”，可能丢失数据 [D:\10_Source_Repos\21_robot\acc-t17-r2-repro\build\RobWork\src\rwlibs\opengl\sdurw_opengl.vcxproj]
D:\10_Source_Repos\21_robot\acc-t17-r2-repro\RobWork\RobWork\src\rw\geometry\Object3D.hpp(280,22): warning C4244:         with [D:\10_Source_Repos\21_robot\acc-t17-r2-repro\build\RobWork\src\rwlibs\opengl\sdurw_opengl.vcxproj]
D:\10_Source_Repos\21_robot\acc-t17-r2-repro\RobWork\RobWork\src\rw\geometry\Object3D.hpp(280,22): warning C4244:         [ [D:\10_Source_Repos\21_robot\acc-t17-r2-repro\build\RobWork\src\rwlibs\opengl\sdurw_opengl.vcxproj]
D:\10_Source_Repos\21_robot\acc-t17-r2-repro\RobWork\RobWork\src\rw\geometry\Object3D.hpp(280,22): warning C4244:             T=float [D:\10_Source_Repos\21_robot\acc-t17-r2-repro\build\RobWork\src\rwlibs\opengl\sdurw_opengl.vcxproj]
D:\10_Source_Repos\21_robot\acc-t17-r2-repro\RobWork\RobWork\src\rw\geometry\Object3D.hpp(280,22): warning C4244:         ] [D:\10_Source_Repos\21_robot\acc-t17-r2-repro\build\RobWork\src\rwlibs\opengl\sdurw_opengl.vcxproj]
  (编译源文件“../../../../../RobWork/RobWork/src/rwlibs/opengl/RenderModel3D.cpp”)
      D:\10_Source_Repos\21_robot\acc-t17-r2-repro\RobWork\RobWork\src\rw\geometry\Object3D.hpp(280,22):
      模板实例化上下文(最早的实例化上下文)为
          D:\10_Source_Repos\21_robot\acc-t17-r2-repro\RobWork\RobWork\src\rwlibs\opengl\RenderModel3D.cpp(246,59):
          查看对正在编译的 类 模板 实例化“rw::geometry::Object3D<uint32_t>”的引用
          D:\10_Source_Repos\21_robot\acc-t17-r2-repro\RobWork\RobWork\src\rw\geometry\Object3D.hpp(277,14):
          在编译 类 模板 成员函数“void rw::geometry::Object3D<uint32_t>::scale(double)”时
  
D:\10_Source_Repos\21_robot\acc-t17-r2-repro\RobWork\RobWork\src\rw\geometry\Object3D.hpp(284,22): warning C4244: “参数”: 从“double”转换到“T”，可能丢失数据 [D:\10_Source_Repos\21_robot\acc-t17-r2-repro\build\RobWork\src\rwlibs\opengl\sdurw_opengl.vcxproj]
D:\10_Source_Repos\21_robot\acc-t17-r2-repro\RobWork\RobWork\src\rw\geometry\Object3D.hpp(284,22): warning C4244:         with [D:\10_Source_Repos\21_robot\acc-t17-r2-repro\build\RobWork\src\rwlibs\opengl\sdurw_opengl.vcxproj]
D:\10_Source_Repos\21_robot\acc-t17-r2-repro\RobWork\RobWork\src\rw\geometry\Object3D.hpp(284,22): warning C4244:         [ [D:\10_Source_Repos\21_robot\acc-t17-r2-repro\build\RobWork\src\rwlibs\opengl\sdurw_opengl.vcxproj]
D:\10_Source_Repos\21_robot\acc-t17-r2-repro\RobWork\RobWork\src\rw\geometry\Object3D.hpp(284,22): warning C4244:             T=float [D:\10_Source_Repos\21_robot\acc-t17-r2-repro\build\RobWork\src\rwlibs\opengl\sdurw_opengl.vcxproj]
D:\10_Source_Repos\21_robot\acc-t17-r2-repro\RobWork\RobWork\src\rw\geometry\Object3D.hpp(284,22): warning C4244:         ] [D:\10_Source_Repos\21_robot\acc-t17-r2-repro\build\RobWork\src\rwlibs\opengl\sdurw_opengl.vcxproj]
  (编译源文件“../../../../../RobWork/RobWork/src/rwlibs/opengl/RenderModel3D.cpp”)
  
D:\10_Source_Repos\21_robot\acc-t17-r2-repro\RobWork\RobWork\src\rw\geometry\Object3D.hpp(286,32): warning C4244: “参数”: 从“double”转换到“T”，可能丢失数据 [D:\10_Source_Repos\21_robot\acc-t17-r2-repro\build\RobWork\src\rwlibs\opengl\sdurw_opengl.vcxproj]
D:\10_Source_Repos\21_robot\acc-t17-r2-repro\RobWork\RobWork\src\rw\geometry\Object3D.hpp(286,32): warning C4244:         with [D:\10_Source_Repos\21_robot\acc-t17-r2-repro\build\RobWork\src\rwlibs\opengl\sdurw_opengl.vcxproj]
D:\10_Source_Repos\21_robot\acc-t17-r2-repro\RobWork\RobWork\src\rw\geometry\Object3D.hpp(286,32): warning C4244:         [ [D:\10_Source_Repos\21_robot\acc-t17-r2-repro\build\RobWork\src\rwlibs\opengl\sdurw_opengl.vcxproj]
D:\10_Source_Repos\21_robot\acc-t17-r2-repro\RobWork\RobWork\src\rw\geometry\Object3D.hpp(286,32): warning C4244:             T=float [D:\10_Source_Repos\21_robot\acc-t17-r2-repro\build\RobWork\src\rwlibs\opengl\sdurw_opengl.vcxproj]
D:\10_Source_Repos\21_robot\acc-t17-r2-repro\RobWork\RobWork\src\rw\geometry\Object3D.hpp(286,32): warning C4244:         ] [D:\10_Source_Repos\21_robot\acc-t17-r2-repro\build\RobWork\src\rwlibs\opengl\sdurw_opengl.vcxproj]
  (编译源文件“../../../../../RobWork/RobWork/src/rwlibs/opengl/RenderModel3D.cpp”)
  
D:\10_Source_Repos\21_robot\acc-t17-r2-repro\RobWork\RobWork\src\rw\geometry\Object3D.hpp(287,27): warning C4244: “参数”: 从“double”转换到“T”，可能丢失数据 [D:\10_Source_Repos\21_robot\acc-t17-r2-repro\build\RobWork\src\rwlibs\opengl\sdurw_opengl.vcxproj]
D:\10_Source_Repos\21_robot\acc-t17-r2-repro\RobWork\RobWork\src\rw\geometry\Object3D.hpp(287,27): warning C4244:         with [D:\10_Source_Repos\21_robot\acc-t17-r2-repro\build\RobWork\src\rwlibs\opengl\sdurw_opengl.vcxproj]
D:\10_Source_Repos\21_robot\acc-t17-r2-repro\RobWork\RobWork\src\rw\geometry\Object3D.hpp(287,27): warning C4244:         [ [D:\10_Source_Repos\21_robot\acc-t17-r2-repro\build\RobWork\src\rwlibs\opengl\sdurw_opengl.vcxproj]
D:\10_Source_Repos\21_robot\acc-t17-r2-repro\RobWork\RobWork\src\rw\geometry\Object3D.hpp(287,27): warning C4244:             T=float [D:\10_Source_Repos\21_robot\acc-t17-r2-repro\build\RobWork\src\rwlibs\opengl\sdurw_opengl.vcxproj]
D:\10_Source_Repos\21_robot\acc-t17-r2-repro\RobWork\RobWork\src\rw\geometry\Object3D.hpp(287,27): warning C4244:         ] [D:\10_Source_Repos\21_robot\acc-t17-r2-repro\build\RobWork\src\rwlibs\opengl\sdurw_opengl.vcxproj]
  (编译源文件“../../../../../RobWork/RobWork/src/rwlibs/opengl/RenderModel3D.cpp”)
  
D:\10_Source_Repos\21_robot\acc-t17-r2-repro\RobWork\RobWork\src\rw\geometry\Object3D.hpp(288,27): warning C4244: “参数”: 从“double”转换到“T”，可能丢失数据 [D:\10_Source_Repos\21_robot\acc-t17-r2-repro\build\RobWork\src\rwlibs\opengl\sdurw_opengl.vcxproj]
D:\10_Source_Repos\21_robot\acc-t17-r2-repro\RobWork\RobWork\src\rw\geometry\Object3D.hpp(288,27): warning C4244:         with [D:\10_Source_Repos\21_robot\acc-t17-r2-repro\build\RobWork\src\rwlibs\opengl\sdurw_opengl.vcxproj]
D:\10_Source_Repos\21_robot\acc-t17-r2-repro\RobWork\RobWork\src\rw\geometry\Object3D.hpp(288,27): warning C4244:         [ [D:\10_Source_Repos\21_robot\acc-t17-r2-repro\build\RobWork\src\rwlibs\opengl\sdurw_opengl.vcxproj]
D:\10_Source_Repos\21_robot\acc-t17-r2-repro\RobWork\RobWork\src\rw\geometry\Object3D.hpp(288,27): warning C4244:             T=float [D:\10_Source_Repos\21_robot\acc-t17-r2-repro\build\RobWork\src\rwlibs\opengl\sdurw_opengl.vcxproj]
D:\10_Source_Repos\21_robot\acc-t17-r2-repro\RobWork\RobWork\src\rw\geometry\Object3D.hpp(288,27): warning C4244:         ] [D:\10_Source_Repos\21_robot\acc-t17-r2-repro\build\RobWork\src\rwlibs\opengl\sdurw_opengl.vcxproj]
  (编译源文件“../../../../../RobWork/RobWork/src/rwlibs/opengl/RenderModel3D.cpp”)
  
D:\10_Source_Repos\21_robot\acc-t17-r2-repro\RobWork\RobWork\src\rwlibs\opengl\RenderText.cpp(163,41): warning C4244: “参数”: 从“T”转换到“GLfloat”，可能丢失数据 [D:\10_Source_Repos\21_robot\acc-t17-r2-repro\build\RobWork\src\rwlibs\opengl\sdurw_opengl.vcxproj]
D:\10_Source_Repos\21_robot\acc-t17-r2-repro\RobWork\RobWork\src\rwlibs\opengl\RenderText.cpp(163,41): warning C4244:         with [D:\10_Source_Repos\21_robot\acc-t17-r2-repro\build\RobWork\src\rwlibs\opengl\sdurw_opengl.vcxproj]
D:\10_Source_Repos\21_robot\acc-t17-r2-repro\RobWork\RobWork\src\rwlibs\opengl\RenderText.cpp(163,41): warning C4244:         [ [D:\10_Source_Repos\21_robot\acc-t17-r2-repro\build\RobWork\src\rwlibs\opengl\sdurw_opengl.vcxproj]
D:\10_Source_Repos\21_robot\acc-t17-r2-repro\RobWork\RobWork\src\rwlibs\opengl\RenderText.cpp(163,41): warning C4244:             T=double [D:\10_Source_Repos\21_robot\acc-t17-r2-repro\build\RobWork\src\rwlibs\opengl\sdurw_opengl.vcxproj]
D:\10_Source_Repos\21_robot\acc-t17-r2-repro\RobWork\RobWork\src\rwlibs\opengl\RenderText.cpp(163,41): warning C4244:         ] [D:\10_Source_Repos\21_robot\acc-t17-r2-repro\build\RobWork\src\rwlibs\opengl\sdurw_opengl.vcxproj]
D:\10_Source_Repos\21_robot\acc-t17-r2-repro\RobWork\RobWork\src\rwlibs\opengl\RenderText.cpp(163,33): warning C4244: “参数”: 从“T”转换到“GLfloat”，可能丢失数据 [D:\10_Source_Repos\21_robot\acc-t17-r2-repro\build\RobWork\src\rwlibs\opengl\sdurw_opengl.vcxproj]
D:\10_Source_Repos\21_robot\acc-t17-r2-repro\RobWork\RobWork\src\rwlibs\opengl\RenderText.cpp(163,33): warning C4244:         with [D:\10_Source_Repos\21_robot\acc-t17-r2-repro\build\RobWork\src\rwlibs\opengl\sdurw_opengl.vcxproj]
D:\10_Source_Repos\21_robot\acc-t17-r2-repro\RobWork\RobWork\src\rwlibs\opengl\RenderText.cpp(163,33): warning C4244:         [ [D:\10_Source_Repos\21_robot\acc-t17-r2-repro\build\RobWork\src\rwlibs\opengl\sdurw_opengl.vcxproj]
D:\10_Source_Repos\21_robot\acc-t17-r2-repro\RobWork\RobWork\src\rwlibs\opengl\RenderText.cpp(163,33): warning C4244:             T=double [D:\10_Source_Repos\21_robot\acc-t17-r2-repro\build\RobWork\src\rwlibs\opengl\sdurw_opengl.vcxproj]
D:\10_Source_Repos\21_robot\acc-t17-r2-repro\RobWork\RobWork\src\rwlibs\opengl\RenderText.cpp(163,33): warning C4244:         ] [D:\10_Source_Repos\21_robot\acc-t17-r2-repro\build\RobWork\src\rwlibs\opengl\sdurw_opengl.vcxproj]
D:\10_Source_Repos\21_robot\acc-t17-r2-repro\RobWork\RobWork\src\rwlibs\opengl\RenderText.cpp(163,25): warning C4244: “参数”: 从“T”转换到“GLfloat”，可能丢失数据 [D:\10_Source_Repos\21_robot\acc-t17-r2-repro\build\RobWork\src\rwlibs\opengl\sdurw_opengl.vcxproj]
D:\10_Source_Repos\21_robot\acc-t17-r2-repro\RobWork\RobWork\src\rwlibs\opengl\RenderText.cpp(163,25): warning C4244:         with [D:\10_Source_Repos\21_robot\acc-t17-r2-repro\build\RobWork\src\rwlibs\opengl\sdurw_opengl.vcxproj]
D:\10_Source_Repos\21_robot\acc-t17-r2-repro\RobWork\RobWork\src\rwlibs\opengl\RenderText.cpp(163,25): warning C4244:         [ [D:\10_Source_Repos\21_robot\acc-t17-r2-repro\build\RobWork\src\rwlibs\opengl\sdurw_opengl.vcxproj]
D:\10_Source_Repos\21_robot\acc-t17-r2-repro\RobWork\RobWork\src\rwlibs\opengl\RenderText.cpp(163,25): warning C4244:             T=double [D:\10_Source_Repos\21_robot\acc-t17-r2-repro\build\RobWork\src\rwlibs\opengl\sdurw_opengl.vcxproj]
D:\10_Source_Repos\21_robot\acc-t17-r2-repro\RobWork\RobWork\src\rwlibs\opengl\RenderText.cpp(163,25): warning C4244:         ] [D:\10_Source_Repos\21_robot\acc-t17-r2-repro\build\RobWork\src\rwlibs\opengl\sdurw_opengl.vcxproj]
  #include <rwlibs/os/glext_win32.hpp> is deprecated, use #include <rwlibs/opengl/glext_win32.hpp> instead
    正在创建库 D:/10_Source_Repos/21_robot/acc-t17-r2-repro/build/RobWork/libs/Release/sdurw_csg.lib 和对象 D:/10_Source_Repos/21_robot/acc-t17-r2-repro/build/RobWork/libs/Release/sdurw_csg.exp
  Auto build dll exports
  sdurw_csg.vcxproj -> D:\10_Source_Repos\21_robot\acc-t17-r2-repro\build\RobWork\bin\Release\sdurw_csg.dll
  Building Custom Rule D:/10_Source_Repos/21_robot/acc-t17-r2-repro/RobWork/RobWork/src/rwlibs/geometry/simplefinger/CMakeLists.txt
    正在创建库 D:/10_Source_Repos/21_robot/acc-t17-r2-repro/build/RobWork/libs/Release/sdurw_pathplanning.lib 和对象 D:/10_Source_Repos/21_robot/acc-t17-r2-repro/build/RobWork/libs/Release/sdurw_pathplanning.exp
  SimpleFinger.cpp
  sdurw_pathplanning.vcxproj -> D:\10_Source_Repos\21_robot\acc-t17-r2-repro\build\RobWork\bin\Release\sdurw_pathplanning.dll
  Auto build dll exports
    正在创建库 D:/10_Source_Repos/21_robot/acc-t17-r2-repro/build/RobWork/libs/Release/sdurw_proximitystrategies.lib 和对象 D:/10_Source_Repos/21_robot/acc-t17-r2-repro/build/RobWork/libs/Release/sdurw_proximitystrategies.exp
  sdurw_proximitystrategies.vcxproj -> D:\10_Source_Repos\21_robot\acc-t17-r2-repro\build\RobWork\bin\Release\sdurw_proximitystrategies.dll
  Auto build dll exports
    正在创建库 D:/10_Source_Repos/21_robot/acc-t17-r2-repro/build/RobWork/libs/Release/sdurw_simplefinger.lib 和对象 D:/10_Source_Repos/21_robot/acc-t17-r2-repro/build/RobWork/libs/Release/sdurw_simplefinger.exp
  sdurw_simplefinger.vcxproj -> D:\10_Source_Repos\21_robot\acc-t17-r2-repro\build\RobWork\bin\Release\sdurw_simplefinger.dll
  Auto build dll exports
  Auto build dll exports
    正在创建库 D:/10_Source_Repos/21_robot/acc-t17-r2-repro/build/RobWork/libs/Release/sdurw_opengl.lib 和对象 D:/10_Source_Repos/21_robot/acc-t17-r2-repro/build/RobWork/libs/Release/sdurw_opengl.exp
    正在创建库 D:/10_Source_Repos/21_robot/acc-t17-r2-repro/build/RobWork/libs/Release/sdurw_task.lib 和对象 D:/10_Source_Repos/21_robot/acc-t17-r2-repro/build/RobWork/libs/Release/sdurw_task.exp
  sdurw_opengl.vcxproj -> D:\10_Source_Repos\21_robot\acc-t17-r2-repro\build\RobWork\bin\Release\sdurw_opengl.dll
  D:\10_Source_Repos\21_robot\RobWork\vcpkg\installed\x64-windows\bin\freeglut.dll -> D:\10_Source_Repos\21_robot\acc-t17-r2-repro\build\RobWork\bin\Release\freeglut.dll done
  sdurw_task.vcxproj -> D:\10_Source_Repos\21_robot\acc-t17-r2-repro\build\RobWork\bin\Release\sdurw_task.dll
  Building Custom Rule D:/10_Source_Repos/21_robot/acc-t17-r2-repro/RobWork/RobWork/src/rwlibs/geometry/simplefinger/CMakeLists.txt
  SimpleFingerPlugin.cpp
  Auto build dll exports
    正在创建库 D:/10_Source_Repos/21_robot/acc-t17-r2-repro/build/RobWork/libs/Release/sdurw_algorithms.lib 和对象 D:/10_Source_Repos/21_robot/acc-t17-r2-repro/build/RobWork/libs/Release/sdurw_algorithms.exp
  sdurw_algorithms.vcxproj -> D:\10_Source_Repos\21_robot\acc-t17-r2-repro\build\RobWork\bin\Release\sdurw_algorithms.dll
  Automatic MOC for target sdurws
  Building Custom Rule D:/10_Source_Repos/21_robot/acc-t17-r2-repro/RobWork/RobWork/src/rwlibs/proximitystrategies/CMakeLists.txt
    正在创建库 D:/10_Source_Repos/21_robot/acc-t17-r2-repro/build/RobWork/bin/Release/sdurw_simplefinger.rwplugin.lib 和对象 D:/10_Source_Repos/21_robot/acc-t17-r2-repro/build/RobWork/bin/Release/sdurw_simplefinger.rwplugin.exp
  ProximityStrategyPlugin.cpp
  sdurw_simplefinger.rwplugin.vcxproj -> D:\10_Source_Repos\21_robot\acc-t17-r2-repro\build\RobWork\bin\Release\sdurw_simplefinger.rwplugin.dll
  Building Custom Rule D:/10_Source_Repos/21_robot/acc-t17-r2-repro/RobWork/RobWork/src/rwlibs/pathplanners/CMakeLists.txt
  Building Custom Rule D:/10_Source_Repos/21_robot/acc-t17-r2-repro/RobWork/RobWork/src/rwlibs/assembly/CMakeLists.txt
  Generating ui_AboutBox.h
  Z3QToQPlanner.cpp
  Z3Planner.cpp
  PartialIndexTable.cpp
  PRMPlanner.cpp
  RRTQToQPlanner.cpp
  RRTPlanner.cpp
  ARWExpand.cpp
  ARWPlanner.cpp
  ARWQToQPlanner.cpp
  SBLExpand.cpp
  SBLInternal.cpp
  SBLSetup.cpp
  SBLOptions.cpp
  SBLPlanner.cpp
  Generating ui_PropertyViewEditor.h
  Generating ui_PropertyViewDialog.h
  Generating qrc_rwstudio_resources.cpp
  Building Custom Rule D:/10_Source_Repos/21_robot/acc-t17-r2-repro/RobWork/RobWorkStudio/src/rws/CMakeLists.txt
  ArcBallController.cpp
  RWSImageLoaderPlugin.cpp
  ImageUtil.cpp
  RobWorkStudio.cpp
  RWStudioView3D.cpp
  SceneOpenGLViewer.cpp
  RobWorkStudioPlugin.cpp
  AboutBox.cpp
  HelpAssistant.cpp
  AssemblyControlResponse.cpp
  AssemblyControlStrategy.cpp
  AssemblyParameterization.cpp
  AssemblyRegistry.cpp
  AssemblyResult.cpp
  AssemblyState.cpp
  AssemblyTask.cpp
  CircularPiHControlStrategy.cpp
  CircularPiHParameterization.cpp
  RWSSpinBox.cpp
  ImageView.cpp
  PropertyViewEditor.cpp
  PropertyViewDialog.cpp
  PiHParameterization.cpp
  PiHStrategy.cpp
  SpiralParameterization.cpp
  PyPlugin.cpp
  PythonRunner.cpp
  qrc_rwstudio_resources.cpp
  mocs_compilation_Release.cpp
  SpiralStrategy.cpp
    正在创建库 D:/10_Source_Repos/21_robot/acc-t17-r2-repro/build/RobWork/bin/Release/sdurw_proximitystrategies.rwplugin.lib 和对象 D:/10_Source_Repos/21_robot/acc-t17-r2-repro/build/RobWork/bin/Release/sdurw_proximitystrategies.rwplugin.exp
  sdurw_proximitystrategies.rwplugin.vcxproj -> D:\10_Source_Repos\21_robot\acc-t17-r2-repro\build\RobWork\bin\Release\sdurw_proximitystrategies.rwplugin.dll
D:\10_Source_Repos\21_robot\acc-t17-r2-repro\RobWork\RobWorkStudio\src\rws\RWSSpinBox.cpp(22,31): warning C4996: 'QString::count': Use size() or length() instead. [D:\10_Source_Repos\21_robot\acc-t17-r2-repro\build\RobWorkStudio\src\rws\sdurws.vcxproj]
D:\10_Source_Repos\21_robot\acc-t17-r2-repro\RobWork\RobWorkStudio\src\rws\pythonpluginloader\PythonRunner.cpp(105,9): warning C4996: 'Py_SetProgramName': deprecated in 3.11 [D:\10_Source_Repos\21_robot\acc-t17-r2-repro\build\RobWorkStudio\src\rws\sdurws.vcxproj]
D:\10_Source_Repos\21_robot\acc-t17-r2-repro\RobWork\RobWorkStudio\src\rws\propertyview\PropertyViewEditor.cpp(133,77): warning C4996: 'QVariant::Type': Use QMetaType::Type instead. [D:\10_Source_Repos\21_robot\acc-t17-r2-repro\build\RobWorkStudio\src\rws\sdurws.vcxproj]
      D:\software\QT\6.11.1\msvc2022_64\include\QtCore\qvariant.h(149,70):
      参见“QVariant::Type”的声明
  
D:\10_Source_Repos\21_robot\acc-t17-r2-repro\RobWork\RobWorkStudio\src\rws\propertyview\PropertyViewEditor.cpp(141,71): warning C4996: 'QVariant::Type': Use QMetaType::Type instead. [D:\10_Source_Repos\21_robot\acc-t17-r2-repro\build\RobWorkStudio\src\rws\sdurws.vcxproj]
      D:\software\QT\6.11.1\msvc2022_64\include\QtCore\qvariant.h(149,70):
      参见“QVariant::Type”的声明
  
D:\10_Source_Repos\21_robot\acc-t17-r2-repro\RobWork\RobWorkStudio\src\rws\propertyview\PropertyViewEditor.cpp(152,72): warning C4996: 'QVariant::Type': Use QMetaType::Type instead. [D:\10_Source_Repos\21_robot\acc-t17-r2-repro\build\RobWorkStudio\src\rws\sdurws.vcxproj]
      D:\software\QT\6.11.1\msvc2022_64\include\QtCore\qvariant.h(149,70):
      参见“QVariant::Type”的声明
  
D:\10_Source_Repos\21_robot\acc-t17-r2-repro\RobWork\RobWorkStudio\src\rws\propertyview\PropertyViewEditor.cpp(162,69): warning C4996: 'QVariant::Type': Use QMetaType::Type instead. [D:\10_Source_Repos\21_robot\acc-t17-r2-repro\build\RobWorkStudio\src\rws\sdurws.vcxproj]
      D:\software\QT\6.11.1\msvc2022_64\include\QtCore\qvariant.h(149,70):
      参见“QVariant::Type”的声明
  
D:\10_Source_Repos\21_robot\acc-t17-r2-repro\RobWork\RobWorkStudio\src\rws\propertyview\PropertyViewEditor.cpp(173,70): warning C4996: 'QVariant::Type': Use QMetaType::Type instead. [D:\10_Source_Repos\21_robot\acc-t17-r2-repro\build\RobWorkStudio\src\rws\sdurws.vcxproj]
      D:\software\QT\6.11.1\msvc2022_64\include\QtCore\qvariant.h(149,70):
      参见“QVariant::Type”的声明
  
D:\10_Source_Repos\21_robot\acc-t17-r2-repro\RobWork\RobWork\src\rwlibs\pathplanners\prm\PartialIndexTable.hpp(189,13): warning C4834: 放弃具有 [[nodiscard]] 属性的函数的返回值 [D:\10_Source_Repos\21_robot\acc-t17-r2-repro\build\RobWork\src\rwlibs\pathplanners\sdurw_pathplanners.vcxproj]
  (编译源文件“../../../../../RobWork/RobWork/src/rwlibs/pathplanners/prm/PRMPlanner.cpp”)
      D:\10_Source_Repos\21_robot\acc-t17-r2-repro\RobWork\RobWork\src\rwlibs\pathplanners\prm\PartialIndexTable.hpp(189,13):
      模板实例化上下文(最早的实例化上下文)为
          D:\10_Source_Repos\21_robot\acc-t17-r2-repro\RobWork\RobWork\src\rwlibs\pathplanners\prm\PRMPlanner.cpp(208,35):
          查看对正在编译的 类 模板 实例化“rwlibs::pathplanners::prm::PartialIndexTable<rwlibs::pathplanners::PRMPlanner::Node,std::list<ValueType,std::allocator<ValueType>>>”的引用
          with
          [
              ValueType=boost::detail::adj_list_gen<boost::adjacency_list<boost::listS,boost::listS,boost::undirectedS,rwlibs::pathplanners::PRMPlanner::NodeData,rwlibs::pathplanners::PRMPlanner::EdgeData,boost::no_property,boost::listS>,boost::listS,boost::listS,boost::undirectedS,rwlibs::pathplanners::PRMPlanner::NodeData,rwlibs::pathplanners::PRMPlanner::EdgeData,boost::no_property,boost::listS>::config::vertex_ptr
          ]
          D:\10_Source_Repos\21_robot\acc-t17-r2-repro\RobWork\RobWork\src\rwlibs\pathplanners\prm\PartialIndexTable.hpp(135,24):
          在编译 类 模板 成员函数“std::list<ValueType,std::allocator<ValueType>> rwlibs::pathplanners::prm::PartialIndexTable<rwlibs::pathplanners::PRMPlanner::Node,std::list<ValueType,std::allocator<ValueType>>>::searchNeighbors(const rw::math::Q &) const”时
          with
          [
              ValueType=boost::detail::adj_list_gen<boost::adjacency_list<boost::listS,boost::listS,boost::undirectedS,rwlibs::pathplanners::PRMPlanner::NodeData,rwlibs::pathplanners::PRMPlanner::EdgeData,boost::no_property,boost::listS>,boost::listS,boost::listS,boost::undirectedS,rwlibs::pathplanners::PRMPlanner::NodeData,rwlibs::pathplanners::PRMPlanner::EdgeData,boost::no_property,boost::listS>::config::vertex_ptr
          ]
              D:\10_Source_Repos\21_robot\acc-t17-r2-repro\RobWork\RobWork\src\rwlibs\pathplanners\prm\PRMPlanner.cpp(208,33):
              请参阅 "rwlibs::pathplanners::PRMPlanner::addEdges" 中对 "rwlibs::pathplanners::prm::PartialIndexTable<rwlibs::pathplanners::PRMPlanner::Node,std::list<ValueType,std::allocator<ValueType>>>::searchNeighbors" 的第一个引用
          with
          [
              ValueType=boost::detail::adj_list_gen<boost::adjacency_list<boost::listS,boost::listS,boost::undirectedS,rwlibs::pathplanners::PRMPlanner::NodeData,rwlibs::pathplanners::PRMPlanner::EdgeData,boost::no_property,boost::listS>,boost::listS,boost::listS,boost::undirectedS,rwlibs::pathplanners::PRMPlanner::NodeData,rwlibs::pathplanners::PRMPlanner::EdgeData,boost::no_property,boost::listS>::config::vertex_ptr
          ]
          D:\10_Source_Repos\21_robot\acc-t17-r2-repro\RobWork\RobWork\src\rwlibs\pathplanners\prm\PartialIndexTable.hpp(138,13):
          查看对正在编译的函数 模板 实例化“void rwlibs::pathplanners::prm::PartialIndexTable<rwlibs::pathplanners::PRMPlanner::Node,std::list<ValueType,std::allocator<ValueType>>>::searchNeighbors<std::list<ValueType,std::allocator<ValueType>>>(const rw::math::Q &,Collection &) const”的引用
          with
          [
              ValueType=boost::detail::adj_list_gen<boost::adjacency_list<boost::listS,boost::listS,boost::undirectedS,rwlibs::pathplanners::PRMPlanner::NodeData,rwlibs::pathplanners::PRMPlanner::EdgeData,boost::no_property,boost::listS>,boost::listS,boost::listS,boost::undirectedS,rwlibs::pathplanners::PRMPlanner::NodeData,rwlibs::pathplanners::PRMPlanner::EdgeData,boost::no_property,boost::listS>::config::vertex_ptr,
              Collection=std::list<boost::detail::adj_list_gen<boost::adjacency_list<boost::listS,boost::listS,boost::undirectedS,rwlibs::pathplanners::PRMPlanner::NodeData,rwlibs::pathplanners::PRMPlanner::EdgeData,boost::no_property,boost::listS>,boost::listS,boost::listS,boost::undirectedS,rwlibs::pathplanners::PRMPlanner::NodeData,rwlibs::pathplanners::PRMPlanner::EdgeData,boost::no_property,boost::listS>::config::vertex_ptr ,std::allocator<boost::detail::adj_list_gen<boost::adjacency_list<boost::listS,boost::listS,boost::undirectedS,rwlibs::pathplanners::PRMPlanner::NodeData,rwlibs::pathplanners::PRMPlanner::EdgeData,boost::no_property,boost::listS>,boost::listS,boost::listS,boost::undirectedS,rwlibs::pathplanners::PRMPlanner::NodeData,rwlibs::pathplanners::PRMPlanner::EdgeData,boost::no_property,boost::listS>::config::vertex_ptr >>
          ]
          D:\10_Source_Repos\21_robot\acc-t17-r2-repro\RobWork\RobWork\src\rwlibs\pathplanners\prm\PartialIndexTable.hpp(121,13):
          查看对正在编译的函数 模板 实例化“void rwlibs::pathplanners::prm::PartialIndexTable<rwlibs::pathplanners::PRMPlanner::Node,std::list<ValueType,std::allocator<ValueType>>>::searchNeighbors<Collection>(int,std::_Vector_const_iterator<std::_Vector_val<std::_Simple_types<_Ty>>>,Collection &) const”的引用
          with
          [
              ValueType=boost::detail::adj_list_gen<boost::adjacency_list<boost::listS,boost::listS,boost::undirectedS,rwlibs::pathplanners::PRMPlanner::NodeData,rwlibs::pathplanners::PRMPlanner::EdgeData,boost::no_property,boost::listS>,boost::listS,boost::listS,boost::undirectedS,rwlibs::pathplanners::PRMPlanner::NodeData,rwlibs::pathplanners::PRMPlanner::EdgeData,boost::no_property,boost::listS>::config::vertex_ptr,
              Collection=std::list<boost::detail::adj_list_gen<boost::adjacency_list<boost::listS,boost::listS,boost::undirectedS,rwlibs::pathplanners::PRMPlanner::NodeData,rwlibs::pathplanners::PRMPlanner::EdgeData,boost::no_property,boost::listS>,boost::listS,boost::listS,boost::undirectedS,rwlibs::pathplanners::PRMPlanner::NodeData,rwlibs::pathplanners::PRMPlanner::EdgeData,boost::no_property,boost::listS>::config::vertex_ptr ,std::allocator<boost::detail::adj_list_gen<boost::adjacency_list<boost::listS,boost::listS,boost::undirectedS,rwlibs::pathplanners::PRMPlanner::NodeData,rwlibs::pathplanners::PRMPlanner::EdgeData,boost::no_property,boost::listS>,boost::listS,boost::listS,boost::undirectedS,rwlibs::pathplanners::PRMPlanner::NodeData,rwlibs::pathplanners::PRMPlanner::EdgeData,boost::no_property,boost::listS>::config::vertex_ptr >>,
              _Ty=rwlibs::pathplanners::prm::PartialIndexTable<rwlibs::pathplanners::PRMPlanner::Node,std::list<boost::detail::adj_list_gen<boost::adjacency_list<boost::listS,boost::listS,boost::undirectedS,rwlibs::pathplanners::PRMPlanner::NodeData,rwlibs::pathplanners::PRMPlanner::EdgeData,boost::no_property,boost::listS>,boost::listS,boost::listS,boost::undirectedS,rwlibs::pathplanners::PRMPlanner::NodeData,rwlibs::pathplanners::PRMPlanner::EdgeData,boost::no_property,boost::listS>::config::vertex_ptr ,std::allocator<boost::detail::adj_list_gen<boost::adjacency_list<boost::listS,boost::listS,boost::undirectedS,rwlibs::pathplanners::PRMPlanner::NodeData,rwlibs::pathplanners::PRMPlanner::EdgeData,boost::no_property,boost::listS>,boost::listS,boost::listS,boost::undirectedS,rwlibs::pathplanners::PRMPlanner::NodeData,rwlibs::pathplanners::PRMPlanner::EdgeData,boost::no_property,boost::listS>::config::vertex_ptr >>>::Dimension
          ]
  
  Auto build dll exports
    正在创建库 D:/10_Source_Repos/21_robot/acc-t17-r2-repro/build/RobWork/libs/Release/sdurw_assembly.lib 和对象 D:/10_Source_Repos/21_robot/acc-t17-r2-repro/build/RobWork/libs/Release/sdurw_assembly.exp
  sdurw_assembly.vcxproj -> D:\10_Source_Repos\21_robot\acc-t17-r2-repro\build\RobWork\bin\Release\sdurw_assembly.dll
D:\10_Source_Repos\21_robot\acc-t17-r2-repro\RobWork\RobWorkStudio\src\rws\RobWorkStudio.cpp(484,22): warning C4267: “=”: 从“size_t”转换到“int”，可能丢失数据 [D:\10_Source_Repos\21_robot\acc-t17-r2-repro\build\RobWorkStudio\src\rws\sdurws.vcxproj]
  Auto build dll exports
    正在创建库 D:/10_Source_Repos/21_robot/acc-t17-r2-repro/build/RobWork/libs/Release/sdurw_pathplanners.lib 和对象 D:/10_Source_Repos/21_robot/acc-t17-r2-repro/build/RobWork/libs/Release/sdurw_pathplanners.exp
  sdurw_pathplanners.vcxproj -> D:\10_Source_Repos\21_robot\acc-t17-r2-repro\build\RobWork\bin\Release\sdurw_pathplanners.dll
  Automatic MOC and UIC for target sdurwsim
  Building Custom Rule D:/10_Source_Repos/21_robot/acc-t17-r2-repro/RobWork/RobWorkSim/src/rwsim/CMakeLists.txt
  BallBallStrategy.cpp
  Contact.cpp
  ContactDetector.cpp
  ContactDetectorData.cpp
  ContactDetectorTracking.cpp
  ContactModelGeometry.cpp
  ContactStrategy.cpp
  ContactStrategyData.cpp
  ContactStrategyGeometry.cpp
  ContactStrategyTracking.cpp
  Body.cpp
  RigidBody.cpp
  BeamBody.cpp
  KinematicBody.cpp
  FixedBody.cpp
  DynamicDevice.cpp
  KinematicDevice.cpp
  RigidDevice.cpp
  DynamicWorkCell.cpp
  ContactPoint.cpp
  ContactCluster.cpp
  ContactManifold.cpp
  ContactDataMap.cpp
  MaterialDataMap.cpp
  DynamicUtil.cpp
  SuctionCup.cpp
  OBRManifold.cpp
  BodyUtil.cpp
  Constraint.cpp
  SimulatedTactileSensor.cpp
  TactileArraySensor.cpp
  BodyContactSensor.cpp
  SimulatedFTSensor.cpp
  DynamicWorkCellLoader.cpp
  DynamicWorkCellSaver.cpp
  ScapePoseFormat.cpp
  MovingAverage.cpp
  PointRANSACFitting.cpp
  DistModel.cpp
  PlaneModel.cpp
  sdurws.vcxproj -> D:\10_Source_Repos\21_robot\acc-t17-r2-repro\build\RobWorkStudio\libs\Release\sdurws.lib
  Automatic MOC for target sdurws_atask
  Automatic MOC for target sdurws_gtask
  Automatic MOC for target sdurws_plugin.rwplugin
  CircleModel.cpp
  SupportPose.cpp
  PlanarSupportPoseGenerator.cpp
  HughLineExtractor.cpp
  RecursiveNewtonEuler.cpp
  RestingPoseGenerator.cpp
  CollisionFreeSampler.cpp
  FiniteStateSampler.cpp
  SpherePoseSampler.cpp
  StateSampler.cpp
  PreshapeSampler.cpp
  GraspPolicy.cpp
  GraspStrategy.cpp
  GraspPolicyFactory.cpp
  GraspStrategyFactory.cpp
  TargetConfigGraspPolicy.cpp
  PoseSampler.cpp
  BoxPoseSampler.cpp
  Building Custom Rule D:/10_Source_Repos/21_robot/acc-t17-r2-repro/RobWork/RobWorkStudio/src/rws/CMakeLists.txt
  SurfacePoseSampler.cpp
  RenderGhost.cpp
  RenderPoints.cpp
D:\10_Source_Repos\21_robot\acc-t17-r2-repro\RobWork\RobWorkSim\src\rwsim\loaders\DynamicWorkCellSaver.cpp(239,41): warning C4101: “e”: 未引用的局部变量 [D:\10_Source_Repos\21_robot\acc-t17-r2-repro\build\RobWorkSim\src\rwsim\sdurwsim.vcxproj]
D:\10_Source_Repos\21_robot\acc-t17-r2-repro\RobWork\RobWorkSim\src\rwsim\loaders\DynamicWorkCellSaver.cpp(249,45): warning C4101: “e”: 未引用的局部变量 [D:\10_Source_Repos\21_robot\acc-t17-r2-repro\build\RobWorkSim\src\rwsim\sdurwsim.vcxproj]
  RenderPlanes.cpp
  RenderCircles.cpp
  PDController.cpp
D:\10_Source_Repos\21_robot\acc-t17-r2-repro\RobWork\RobWorkSim\src\rwsim\util\PlanarSupportPoseGenerator.cpp(64,58): warning C4834: 放弃具有 [[nodiscard]] 属性的函数的返回值 [D:\10_Source_Repos\21_robot\acc-t17-r2-repro\build\RobWorkSim\src\rwsim\sdurwsim.vcxproj]
D:\10_Source_Repos\21_robot\acc-t17-r2-repro\RobWork\RobWorkSim\src\rwsim\util\PlanarSupportPoseGenerator.cpp(66,58): warning C4834: 放弃具有 [[nodiscard]] 属性的函数的返回值 [D:\10_Source_Repos\21_robot\acc-t17-r2-repro\build\RobWorkSim\src\rwsim\sdurwsim.vcxproj]
D:\10_Source_Repos\21_robot\acc-t17-r2-repro\RobWork\RobWorkSim\src\rwsim\util\PlanarSupportPoseGenerator.cpp(68,58): warning C4834: 放弃具有 [[nodiscard]] 属性的函数的返回值 [D:\10_Source_Repos\21_robot\acc-t17-r2-repro\build\RobWorkSim\src\rwsim\sdurwsim.vcxproj]
  RWSImageLoaderPlugin.cpp
  SyncPDController.cpp
  mocs_compilation_Release.cpp
  VelRampController.cpp
  Generating ui_ATaskVisPlugin.h
  Generating ui_GTaskVisPlugin.h
  BeamJointController.cpp
  SpringJointController.cpp
  PoseController.cpp
  SerialDeviceController.cpp
  Generating ui_StrategyLibraryDialog.h
  Generating qrc_gtask_resources.cpp
  SimulatorLog.cpp
  SimulatorLogEntry.cpp
  Generating ui_TaskSetupDialog.h
  LogCollisionResult.cpp
  Building Custom Rule D:/10_Source_Repos/21_robot/acc-t17-r2-repro/RobWork/RobWorkStudio/src/rwslibs/gtask/CMakeLists.txt
  LogConstraintForceTorque.cpp
  LogConstraints.cpp
  LogContactForceTorque.cpp
  LogContactSet.cpp
  LogContactVelocities.cpp
  LogDistanceResult.cpp
  LogDistanceMultiResult.cpp
  LogEquationSystem.cpp
  Generating qrc_atask_resources.cpp
  LogForceTorque.cpp
  LogPositions.cpp
  Building Custom Rule D:/10_Source_Repos/21_robot/acc-t17-r2-repro/RobWork/RobWorkStudio/src/rwslibs/atask/CMakeLists.txt
  LogMessage.cpp
  LogValues.cpp
  GTaskVisPlugin.cpp
  qrc_gtask_resources.cpp
  mocs_compilation_Release.cpp
  Automatic MOC for target sdurws_ird_ui_plugin
  LogVelocities.cpp
  SimulatorLogScope.cpp
  ATaskVisPlugin.cpp
  StrategyLibraryDialog.cpp
  TaskSetupDialog.cpp
  qrc_atask_resources.cpp
  mocs_compilation_Release.cpp
  SimulatorLogUtil.cpp
  LogStep.cpp
  SimulatorStatistics.cpp
  DynamicSimulator.cpp
  ThreadSimulator.cpp
  PhysicsEngine.cpp
  PhysicsEngineFactory.cpp
  GraspTaskSimulator.cpp
  AssemblySimulator.cpp
  RWSimulator.cpp
  RWDebugRender.cpp
  BodyIntegrator.cpp
  CNodePairMap.cpp
  CNodePool.cpp
  ConstantForceManipulator.cpp
  ConstraintNode.cpp
  ConstraintEdge.cpp
  ContactGraph.cpp
  ContactModelFactory.cpp
  EulerIntegrator.cpp
D:\10_Source_Repos\21_robot\acc-t17-r2-repro\RobWork\RobWorkSim\src\rwsim\rwphysics\ContactModelFactory.cpp(1,1): warning C4819: 该文件包含不能在当前代码页(936)中表示的字符。请将该文件保存为 Unicode 格式以防止数据丢失 [D:\10_Source_Repos\21_robot\acc-t17-r2-repro\build\RobWorkSim\src\rwsim\sdurwsim.vcxproj]
  ConstraintSolver.cpp
  SequintialImpulseSolver.cpp
    正在创建库 D:/10_Source_Repos/21_robot/acc-t17-r2-repro/build/RobWorkStudio/bin/Release/sdurws_plugin.rwplugin.lib 和对象 D:/10_Source_Repos/21_robot/acc-t17-r2-repro/build/RobWorkStudio/bin/Release/sdurws_plugin.rwplugin.exp
  RWBody.cpp
  RWBodyPool.cpp
  ContactStrategyDMS.cpp
  mocs_compilation_Release.cpp
  sdurws_plugin.rwplugin.vcxproj -> D:\10_Source_Repos\21_robot\acc-t17-r2-repro\build\RobWorkStudio\bin\Release\sdurws_plugin.rwplugin.dll
  Building Custom Rule D:/10_Source_Repos/21_robot/acc-t17-r2-repro/RobWork/RobWorkStudio/src/rwslibs/industrialrobot/ui/CMakeLists.txt
  UiPlugin.cpp
  PortAdapters.cpp
  DiagnosticsAssembly.cpp
  mocs_compilation_Release.cpp
    正在创建库 D:/10_Source_Repos/21_robot/acc-t17-r2-repro/build/RobWorkStudio/libs/Release/sdurws_atask.lib 和对象 D:/10_Source_Repos/21_robot/acc-t17-r2-repro/build/RobWorkStudio/libs/Release/sdurws_atask.exp
  sdurws_atask.vcxproj -> D:\10_Source_Repos\21_robot\acc-t17-r2-repro\build\RobWorkStudio\libs\plugins\Release\sdurws_atask.dll
    正在创建库 D:/10_Source_Repos/21_robot/acc-t17-r2-repro/build/RobWorkStudio/libs/Release/sdurws_gtask.lib 和对象 D:/10_Source_Repos/21_robot/acc-t17-r2-repro/build/RobWorkStudio/libs/Release/sdurws_gtask.exp
  sdurws_gtask.vcxproj -> D:\10_Source_Repos\21_robot\acc-t17-r2-repro\build\RobWorkStudio\libs\plugins\Release\sdurws_gtask.dll
  D:\10_Source_Repos\21_robot\RobWork\vcpkg\installed\x64-windows\bin\boost_filesystem-vc143-mt-x64-1_92.dll -> D:\10_Source_Repos\21_robot\acc-t17-r2-repro\build\RobWorkStudio\libs\plugins\Release\boost_filesystem-vc143-mt-x64-1_92.dll done
  ContactModel.cpp
    正在创建库 D:/10_Source_Repos/21_robot/acc-t17-r2-repro/build/RobWorkStudio/libs/Release/sdurws_ird_ui_plugin.lib 和对象 D:/10_Source_Repos/21_robot/acc-t17-r2-repro/build/RobWorkStudio/libs/Release/sdurws_ird_ui_plugin.exp
  sdurws_ird_ui_plugin.vcxproj -> D:\10_Source_Repos\21_robot\acc-t17-r2-repro\build\RobWorkStudio\libs\Release\sdurws_ird_ui_plugin.dll
  RenderContacts.cpp
  D:\10_Source_Repos\21_robot\RobWork\vcpkg\installed\x64-windows\bin\boost_filesystem-vc143-mt-x64-1_92.dll -> D:\10_Source_Repos\21_robot\acc-t17-r2-repro\build\RobWorkStudio\libs\Release\boost_filesystem-vc143-mt-x64-1_92.dll done
  RenderContacts.cpp
  BodyController.cpp
  ContactModel.cpp
  BodyController.cpp
  Auto build dll exports
    正在创建库 D:/10_Source_Repos/21_robot/acc-t17-r2-repro/build/RobWorkSim/libs/Release/sdurwsim.lib 和对象 D:/10_Source_Repos/21_robot/acc-t17-r2-repro/build/RobWorkSim/libs/Release/sdurwsim.exp
  sdurwsim.vcxproj -> D:\10_Source_Repos\21_robot\acc-t17-r2-repro\build\RobWorkSim\bin\Release\sdurwsim.dll
  D:\10_Source_Repos\21_robot\RobWork\vcpkg\installed\x64-windows\bin\boost_thread-vc143-mt-x64-1_92.dll -> D:\10_Source_Repos\21_robot\acc-t17-r2-repro\build\RobWorkSim\bin\Release\boost_thread-vc143-mt-x64-1_92.dll done
  Automatic MOC and UIC for target sdurwsim_bullet
  Automatic MOC and UIC for target RWSimulatorPlugin
  Building Custom Rule D:/10_Source_Repos/21_robot/acc-t17-r2-repro/RobWork/RobWorkSim/src/rwsimlibs/bullet/CMakeLists.txt
  BtUtil.cpp
  BtBody.cpp
  BtDevice.cpp
  BtPositionDevice.cpp
  BtVelocityDevice.cpp
  BtSimulator.cpp
  BtDebugRender.cpp
  BtConstraint.cpp
  BtTactileSensor.cpp
  BtMaterial.cpp
  BtContactStrategy.cpp
  BtRWCollisionAlgorithm.cpp
  BtRWCollisionConfiguration.cpp
  mocs_compilation_Release.cpp
  1>Automatic RCC for resources.qrc
  Building Custom Rule D:/10_Source_Repos/21_robot/acc-t17-r2-repro/RobWork/RobWorkSim/src/rwsimlibs/plugins/CMakeLists.txt
D:\10_Source_Repos\21_robot\acc-t17-r2-repro\RobWork\RobWorkSim\src\rwsimlibs\bullet\BtUtil.cpp(33,45): warning C4244: “参数”: 从“const T”转换到“const btScalar”，可能丢失数据 [D:\10_Source_Repos\21_robot\acc-t17-r2-repro\build\RobWorkSim\src\rwsimlibs\bullet\sdurwsim_bullet.vcxproj]
D:\10_Source_Repos\21_robot\acc-t17-r2-repro\RobWork\RobWorkSim\src\rwsimlibs\bullet\BtUtil.cpp(33,45): warning C4244:         with [D:\10_Source_Repos\21_robot\acc-t17-r2-repro\build\RobWorkSim\src\rwsimlibs\bullet\sdurwsim_bullet.vcxproj]
D:\10_Source_Repos\21_robot\acc-t17-r2-repro\RobWork\RobWorkSim\src\rwsimlibs\bullet\BtUtil.cpp(33,45): warning C4244:         [ [D:\10_Source_Repos\21_robot\acc-t17-r2-repro\build\RobWorkSim\src\rwsimlibs\bullet\sdurwsim_bullet.vcxproj]
D:\10_Source_Repos\21_robot\acc-t17-r2-repro\RobWork\RobWorkSim\src\rwsimlibs\bullet\BtUtil.cpp(33,45): warning C4244:             T=double [D:\10_Source_Repos\21_robot\acc-t17-r2-repro\build\RobWorkSim\src\rwsimlibs\bullet\sdurwsim_bullet.vcxproj]
D:\10_Source_Repos\21_robot\acc-t17-r2-repro\RobWork\RobWorkSim\src\rwsimlibs\bullet\BtUtil.cpp(33,45): warning C4244:         ] [D:\10_Source_Repos\21_robot\acc-t17-r2-repro\build\RobWorkSim\src\rwsimlibs\bullet\sdurwsim_bullet.vcxproj]
D:\10_Source_Repos\21_robot\acc-t17-r2-repro\RobWork\RobWorkSim\src\rwsimlibs\bullet\BtUtil.cpp(33,36): warning C4244: “参数”: 从“const T”转换到“const btScalar”，可能丢失数据 [D:\10_Source_Repos\21_robot\acc-t17-r2-repro\build\RobWorkSim\src\rwsimlibs\bullet\sdurwsim_bullet.vcxproj]
D:\10_Source_Repos\21_robot\acc-t17-r2-repro\RobWork\RobWorkSim\src\rwsimlibs\bullet\BtUtil.cpp(33,36): warning C4244:         with [D:\10_Source_Repos\21_robot\acc-t17-r2-repro\build\RobWorkSim\src\rwsimlibs\bullet\sdurwsim_bullet.vcxproj]
D:\10_Source_Repos\21_robot\acc-t17-r2-repro\RobWork\RobWorkSim\src\rwsimlibs\bullet\BtUtil.cpp(33,36): warning C4244:         [ [D:\10_Source_Repos\21_robot\acc-t17-r2-repro\build\RobWorkSim\src\rwsimlibs\bullet\sdurwsim_bullet.vcxproj]
D:\10_Source_Repos\21_robot\acc-t17-r2-repro\RobWork\RobWorkSim\src\rwsimlibs\bullet\BtUtil.cpp(33,36): warning C4244:             T=double [D:\10_Source_Repos\21_robot\acc-t17-r2-repro\build\RobWorkSim\src\rwsimlibs\bullet\sdurwsim_bullet.vcxproj]
D:\10_Source_Repos\21_robot\acc-t17-r2-repro\RobWork\RobWorkSim\src\rwsimlibs\bullet\BtUtil.cpp(33,36): warning C4244:         ] [D:\10_Source_Repos\21_robot\acc-t17-r2-repro\build\RobWorkSim\src\rwsimlibs\bullet\sdurwsim_bullet.vcxproj]
D:\10_Source_Repos\21_robot\acc-t17-r2-repro\RobWork\RobWorkSim\src\rwsimlibs\bullet\BtUtil.cpp(33,27): warning C4244: “参数”: 从“const T”转换到“const btScalar”，可能丢失数据 [D:\10_Source_Repos\21_robot\acc-t17-r2-repro\build\RobWorkSim\src\rwsimlibs\bullet\sdurwsim_bullet.vcxproj]
D:\10_Source_Repos\21_robot\acc-t17-r2-repro\RobWork\RobWorkSim\src\rwsimlibs\bullet\BtUtil.cpp(33,27): warning C4244:         with [D:\10_Source_Repos\21_robot\acc-t17-r2-repro\build\RobWorkSim\src\rwsimlibs\bullet\sdurwsim_bullet.vcxproj]
D:\10_Source_Repos\21_robot\acc-t17-r2-repro\RobWork\RobWorkSim\src\rwsimlibs\bullet\BtUtil.cpp(33,27): warning C4244:         [ [D:\10_Source_Repos\21_robot\acc-t17-r2-repro\build\RobWorkSim\src\rwsimlibs\bullet\sdurwsim_bullet.vcxproj]
D:\10_Source_Repos\21_robot\acc-t17-r2-repro\RobWork\RobWorkSim\src\rwsimlibs\bullet\BtUtil.cpp(33,27): warning C4244:             T=double [D:\10_Source_Repos\21_robot\acc-t17-r2-repro\build\RobWorkSim\src\rwsimlibs\bullet\sdurwsim_bullet.vcxproj]
D:\10_Source_Repos\21_robot\acc-t17-r2-repro\RobWork\RobWorkSim\src\rwsimlibs\bullet\BtUtil.cpp(33,27): warning C4244:         ] [D:\10_Source_Repos\21_robot\acc-t17-r2-repro\build\RobWorkSim\src\rwsimlibs\bullet\sdurwsim_bullet.vcxproj]
D:\10_Source_Repos\21_robot\acc-t17-r2-repro\RobWork\RobWorkSim\src\rwsimlibs\bullet\BtUtil.cpp(46,64): warning C4244: “参数”: 从“const T”转换到“const btScalar”，可能丢失数据 [D:\10_Source_Repos\21_robot\acc-t17-r2-repro\build\RobWorkSim\src\rwsimlibs\bullet\sdurwsim_bullet.vcxproj]
D:\10_Source_Repos\21_robot\acc-t17-r2-repro\RobWork\RobWorkSim\src\rwsimlibs\bullet\BtUtil.cpp(46,64): warning C4244:         with [D:\10_Source_Repos\21_robot\acc-t17-r2-repro\build\RobWorkSim\src\rwsimlibs\bullet\sdurwsim_bullet.vcxproj]
D:\10_Source_Repos\21_robot\acc-t17-r2-repro\RobWork\RobWorkSim\src\rwsimlibs\bullet\BtUtil.cpp(46,64): warning C4244:         [ [D:\10_Source_Repos\21_robot\acc-t17-r2-repro\build\RobWorkSim\src\rwsimlibs\bullet\sdurwsim_bullet.vcxproj]
D:\10_Source_Repos\21_robot\acc-t17-r2-repro\RobWork\RobWorkSim\src\rwsimlibs\bullet\BtUtil.cpp(46,64): warning C4244:             T=double [D:\10_Source_Repos\21_robot\acc-t17-r2-repro\build\RobWorkSim\src\rwsimlibs\bullet\sdurwsim_bullet.vcxproj]
D:\10_Source_Repos\21_robot\acc-t17-r2-repro\RobWork\RobWorkSim\src\rwsimlibs\bullet\BtUtil.cpp(46,64): warning C4244:         ] [D:\10_Source_Repos\21_robot\acc-t17-r2-repro\build\RobWorkSim\src\rwsimlibs\bullet\sdurwsim_bullet.vcxproj]
D:\10_Source_Repos\21_robot\acc-t17-r2-repro\RobWork\RobWorkSim\src\rwsimlibs\bullet\BtUtil.cpp(46,51): warning C4244: “参数”: 从“const T”转换到“const btScalar”，可能丢失数据 [D:\10_Source_Repos\21_robot\acc-t17-r2-repro\build\RobWorkSim\src\rwsimlibs\bullet\sdurwsim_bullet.vcxproj]
D:\10_Source_Repos\21_robot\acc-t17-r2-repro\RobWork\RobWorkSim\src\rwsimlibs\bullet\BtUtil.cpp(46,51): warning C4244:         with [D:\10_Source_Repos\21_robot\acc-t17-r2-repro\build\RobWorkSim\src\rwsimlibs\bullet\sdurwsim_bullet.vcxproj]
D:\10_Source_Repos\21_robot\acc-t17-r2-repro\RobWork\RobWorkSim\src\rwsimlibs\bullet\BtUtil.cpp(46,51): warning C4244:         [ [D:\10_Source_Repos\21_robot\acc-t17-r2-repro\build\RobWorkSim\src\rwsimlibs\bullet\sdurwsim_bullet.vcxproj]
D:\10_Source_Repos\21_robot\acc-t17-r2-repro\RobWork\RobWorkSim\src\rwsimlibs\bullet\BtUtil.cpp(46,51): warning C4244:             T=double [D:\10_Source_Repos\21_robot\acc-t17-r2-repro\build\RobWorkSim\src\rwsimlibs\bullet\sdurwsim_bullet.vcxproj]
D:\10_Source_Repos\21_robot\acc-t17-r2-repro\RobWork\RobWorkSim\src\rwsimlibs\bullet\BtUtil.cpp(46,51): warning C4244:         ] [D:\10_Source_Repos\21_robot\acc-t17-r2-repro\build\RobWorkSim\src\rwsimlibs\bullet\sdurwsim_bullet.vcxproj]
D:\10_Source_Repos\21_robot\acc-t17-r2-repro\RobWork\RobWorkSim\src\rwsimlibs\bullet\BtUtil.cpp(46,38): warning C4244: “参数”: 从“const T”转换到“const btScalar”，可能丢失数据 [D:\10_Source_Repos\21_robot\acc-t17-r2-repro\build\RobWorkSim\src\rwsimlibs\bullet\sdurwsim_bullet.vcxproj]
D:\10_Source_Repos\21_robot\acc-t17-r2-repro\RobWork\RobWorkSim\src\rwsimlibs\bullet\BtUtil.cpp(46,38): warning C4244:         with [D:\10_Source_Repos\21_robot\acc-t17-r2-repro\build\RobWorkSim\src\rwsimlibs\bullet\sdurwsim_bullet.vcxproj]
D:\10_Source_Repos\21_robot\acc-t17-r2-repro\RobWork\RobWorkSim\src\rwsimlibs\bullet\BtUtil.cpp(46,38): warning C4244:         [ [D:\10_Source_Repos\21_robot\acc-t17-r2-repro\build\RobWorkSim\src\rwsimlibs\bullet\sdurwsim_bullet.vcxproj]
D:\10_Source_Repos\21_robot\acc-t17-r2-repro\RobWork\RobWorkSim\src\rwsimlibs\bullet\BtUtil.cpp(46,38): warning C4244:             T=double [D:\10_Source_Repos\21_robot\acc-t17-r2-repro\build\RobWorkSim\src\rwsimlibs\bullet\sdurwsim_bullet.vcxproj]
D:\10_Source_Repos\21_robot\acc-t17-r2-repro\RobWork\RobWorkSim\src\rwsimlibs\bullet\BtUtil.cpp(46,38): warning C4244:         ] [D:\10_Source_Repos\21_robot\acc-t17-r2-repro\build\RobWorkSim\src\rwsimlibs\bullet\sdurwsim_bullet.vcxproj]
D:\10_Source_Repos\21_robot\acc-t17-r2-repro\RobWork\RobWorkSim\src\rwsimlibs\bullet\BtUtil.cpp(47,87): warning C4244: “参数”: 从“T”转换到“const btScalar”，可能丢失数据 [D:\10_Source_Repos\21_robot\acc-t17-r2-repro\build\RobWorkSim\src\rwsimlibs\bullet\sdurwsim_bullet.vcxproj]
D:\10_Source_Repos\21_robot\acc-t17-r2-repro\RobWork\RobWorkSim\src\rwsimlibs\bullet\BtUtil.cpp(47,87): warning C4244:         with [D:\10_Source_Repos\21_robot\acc-t17-r2-repro\build\RobWorkSim\src\rwsimlibs\bullet\sdurwsim_bullet.vcxproj]
D:\10_Source_Repos\21_robot\acc-t17-r2-repro\RobWork\RobWorkSim\src\rwsimlibs\bullet\BtUtil.cpp(47,87): warning C4244:         [ [D:\10_Source_Repos\21_robot\acc-t17-r2-repro\build\RobWorkSim\src\rwsimlibs\bullet\sdurwsim_bullet.vcxproj]
D:\10_Source_Repos\21_robot\acc-t17-r2-repro\RobWork\RobWorkSim\src\rwsimlibs\bullet\BtUtil.cpp(47,87): warning C4244:             T=double [D:\10_Source_Repos\21_robot\acc-t17-r2-repro\build\RobWorkSim\src\rwsimlibs\bullet\sdurwsim_bullet.vcxproj]
D:\10_Source_Repos\21_robot\acc-t17-r2-repro\RobWork\RobWorkSim\src\rwsimlibs\bullet\BtUtil.cpp(47,87): warning C4244:         ] [D:\10_Source_Repos\21_robot\acc-t17-r2-repro\build\RobWorkSim\src\rwsimlibs\bullet\sdurwsim_bullet.vcxproj]
D:\10_Source_Repos\21_robot\acc-t17-r2-repro\RobWork\RobWorkSim\src\rwsimlibs\bullet\BtUtil.cpp(47,72): warning C4244: “参数”: 从“T”转换到“const btScalar”，可能丢失数据 [D:\10_Source_Repos\21_robot\acc-t17-r2-repro\build\RobWorkSim\src\rwsimlibs\bullet\sdurwsim_bullet.vcxproj]
D:\10_Source_Repos\21_robot\acc-t17-r2-repro\RobWork\RobWorkSim\src\rwsimlibs\bullet\BtUtil.cpp(47,72): warning C4244:         with [D:\10_Source_Repos\21_robot\acc-t17-r2-repro\build\RobWorkSim\src\rwsimlibs\bullet\sdurwsim_bullet.vcxproj]
D:\10_Source_Repos\21_robot\acc-t17-r2-repro\RobWork\RobWorkSim\src\rwsimlibs\bullet\BtUtil.cpp(47,72): warning C4244:         [ [D:\10_Source_Repos\21_robot\acc-t17-r2-repro\build\RobWorkSim\src\rwsimlibs\bullet\sdurwsim_bullet.vcxproj]
D:\10_Source_Repos\21_robot\acc-t17-r2-repro\RobWork\RobWorkSim\src\rwsimlibs\bullet\BtUtil.cpp(47,72): warning C4244:             T=double [D:\10_Source_Repos\21_robot\acc-t17-r2-repro\build\RobWorkSim\src\rwsimlibs\bullet\sdurwsim_bullet.vcxproj]
D:\10_Source_Repos\21_robot\acc-t17-r2-repro\RobWork\RobWorkSim\src\rwsimlibs\bullet\BtUtil.cpp(47,72): warning C4244:         ] [D:\10_Source_Repos\21_robot\acc-t17-r2-repro\build\RobWorkSim\src\rwsimlibs\bullet\sdurwsim_bullet.vcxproj]
D:\10_Source_Repos\21_robot\acc-t17-r2-repro\RobWork\RobWorkSim\src\rwsimlibs\bullet\BtUtil.cpp(47,57): warning C4244: “参数”: 从“T”转换到“const btScalar”，可能丢失数据 [D:\10_Source_Repos\21_robot\acc-t17-r2-repro\build\RobWorkSim\src\rwsimlibs\bullet\sdurwsim_bullet.vcxproj]
D:\10_Source_Repos\21_robot\acc-t17-r2-repro\RobWork\RobWorkSim\src\rwsimlibs\bullet\BtUtil.cpp(47,57): warning C4244:         with [D:\10_Source_Repos\21_robot\acc-t17-r2-repro\build\RobWorkSim\src\rwsimlibs\bullet\sdurwsim_bullet.vcxproj]
D:\10_Source_Repos\21_robot\acc-t17-r2-repro\RobWork\RobWorkSim\src\rwsimlibs\bullet\BtUtil.cpp(47,57): warning C4244:         [ [D:\10_Source_Repos\21_robot\acc-t17-r2-repro\build\RobWorkSim\src\rwsimlibs\bullet\sdurwsim_bullet.vcxproj]
D:\10_Source_Repos\21_robot\acc-t17-r2-repro\RobWork\RobWorkSim\src\rwsimlibs\bullet\BtUtil.cpp(47,57): warning C4244:             T=double [D:\10_Source_Repos\21_robot\acc-t17-r2-repro\build\RobWorkSim\src\rwsimlibs\bullet\sdurwsim_bullet.vcxproj]
D:\10_Source_Repos\21_robot\acc-t17-r2-repro\RobWork\RobWorkSim\src\rwsimlibs\bullet\BtUtil.cpp(47,57): warning C4244:         ] [D:\10_Source_Repos\21_robot\acc-t17-r2-repro\build\RobWorkSim\src\rwsimlibs\bullet\sdurwsim_bullet.vcxproj]
D:\10_Source_Repos\21_robot\acc-t17-r2-repro\RobWork\RobWorkSim\src\rwsimlibs\bullet\BtUtil.cpp(47,42): warning C4244: “参数”: 从“T”转换到“const btScalar”，可能丢失数据 [D:\10_Source_Repos\21_robot\acc-t17-r2-repro\build\RobWorkSim\src\rwsimlibs\bullet\sdurwsim_bullet.vcxproj]
D:\10_Source_Repos\21_robot\acc-t17-r2-repro\RobWork\RobWorkSim\src\rwsimlibs\bullet\BtUtil.cpp(47,42): warning C4244:         with [D:\10_Source_Repos\21_robot\acc-t17-r2-repro\build\RobWorkSim\src\rwsimlibs\bullet\sdurwsim_bullet.vcxproj]
D:\10_Source_Repos\21_robot\acc-t17-r2-repro\RobWork\RobWorkSim\src\rwsimlibs\bullet\BtUtil.cpp(47,42): warning C4244:         [ [D:\10_Source_Repos\21_robot\acc-t17-r2-repro\build\RobWorkSim\src\rwsimlibs\bullet\sdurwsim_bullet.vcxproj]
D:\10_Source_Repos\21_robot\acc-t17-r2-repro\RobWork\RobWorkSim\src\rwsimlibs\bullet\BtUtil.cpp(47,42): warning C4244:             T=double [D:\10_Source_Repos\21_robot\acc-t17-r2-repro\build\RobWorkSim\src\rwsimlibs\bullet\sdurwsim_bullet.vcxproj]
D:\10_Source_Repos\21_robot\acc-t17-r2-repro\RobWork\RobWorkSim\src\rwsimlibs\bullet\BtUtil.cpp(47,42): warning C4244:         ] [D:\10_Source_Repos\21_robot\acc-t17-r2-repro\build\RobWorkSim\src\rwsimlibs\bullet\sdurwsim_bullet.vcxproj]
  RWSimulatorPlugin.cpp
  mocs_compilation_Release.cpp
  qrc_resources_Release.cpp
D:\10_Source_Repos\21_robot\acc-t17-r2-repro\RobWork\RobWorkSim\src\rwsimlibs\bullet\BtRWCollisionAlgorithm.cpp(117,31): warning C4244: “初始化”: 从“double”转换到“btScalar”，可能丢失数据 [D:\10_Source_Repos\21_robot\acc-t17-r2-repro\build\RobWorkSim\src\rwsimlibs\bullet\sdurwsim_bullet.vcxproj]
D:\10_Source_Repos\21_robot\acc-t17-r2-repro\RobWork\RobWorkSim\src\rwsimlibs\bullet\BtRWCollisionAlgorithm.cpp(117,29): warning C4244: “初始化”: 从“double”转换到“const btScalar”，可能丢失数据 [D:\10_Source_Repos\21_robot\acc-t17-r2-repro\build\RobWorkSim\src\rwsimlibs\bullet\sdurwsim_bullet.vcxproj]
D:\10_Source_Repos\21_robot\acc-t17-r2-repro\RobWork\RobWorkSim\src\rwsimlibs\bullet\BtVelocityDevice.cpp(46,46): warning C4244: “参数”: 从“const double”转换到“btScalar”，可能丢失数据 [D:\10_Source_Repos\21_robot\acc-t17-r2-repro\build\RobWorkSim\src\rwsimlibs\bullet\sdurwsim_bullet.vcxproj]
D:\10_Source_Repos\21_robot\acc-t17-r2-repro\RobWork\RobWorkSim\src\rwsimlibs\bullet\BtVelocityDevice.cpp(51,48): warning C4244: “参数”: 从“const double”转换到“btScalar”，可能丢失数据 [D:\10_Source_Repos\21_robot\acc-t17-r2-repro\build\RobWorkSim\src\rwsimlibs\bullet\sdurwsim_bullet.vcxproj]
D:\10_Source_Repos\21_robot\acc-t17-r2-repro\RobWork\RobWorkSim\src\rwsimlibs\bullet\BtBody.cpp(183,9): warning C4244: “参数”: 从“double”转换到“btScalar”，可能丢失数据 [D:\10_Source_Repos\21_robot\acc-t17-r2-repro\build\RobWorkSim\src\rwsimlibs\bullet\sdurwsim_bullet.vcxproj]
D:\10_Source_Repos\21_robot\acc-t17-r2-repro\RobWork\RobWorkSim\src\rwsimlibs\bullet\BtBody.cpp(238,78): warning C4244: “参数”: 从“double”转换到“const btScalar”，可能丢失数据 [D:\10_Source_Repos\21_robot\acc-t17-r2-repro\build\RobWorkSim\src\rwsimlibs\bullet\sdurwsim_bullet.vcxproj]
D:\10_Source_Repos\21_robot\acc-t17-r2-repro\RobWork\RobWorkSim\src\rwsimlibs\bullet\BtBody.cpp(238,53): warning C4244: “参数”: 从“double”转换到“const btScalar”，可能丢失数据 [D:\10_Source_Repos\21_robot\acc-t17-r2-repro\build\RobWorkSim\src\rwsimlibs\bullet\sdurwsim_bullet.vcxproj]
D:\10_Source_Repos\21_robot\acc-t17-r2-repro\RobWork\RobWorkSim\src\rwsimlibs\bullet\BtBody.cpp(242,54): warning C4244: “参数”: 从“double”转换到“btScalar”，可能丢失数据 [D:\10_Source_Repos\21_robot\acc-t17-r2-repro\build\RobWorkSim\src\rwsimlibs\bullet\sdurwsim_bullet.vcxproj]
D:\10_Source_Repos\21_robot\acc-t17-r2-repro\RobWork\RobWorkSim\src\rwsimlibs\bullet\BtBody.cpp(246,65): warning C4244: “参数”: 从“double”转换到“btScalar”，可能丢失数据 [D:\10_Source_Repos\21_robot\acc-t17-r2-repro\build\RobWorkSim\src\rwsimlibs\bullet\sdurwsim_bullet.vcxproj]
D:\10_Source_Repos\21_robot\acc-t17-r2-repro\RobWork\RobWorkSim\src\rwsimlibs\bullet\BtBody.cpp(254,57): warning C4244: “参数”: 从“const T”转换到“const btScalar”，可能丢失数据 [D:\10_Source_Repos\21_robot\acc-t17-r2-repro\build\RobWorkSim\src\rwsimlibs\bullet\sdurwsim_bullet.vcxproj]
D:\10_Source_Repos\21_robot\acc-t17-r2-repro\RobWork\RobWorkSim\src\rwsimlibs\bullet\BtBody.cpp(254,57): warning C4244:         with [D:\10_Source_Repos\21_robot\acc-t17-r2-repro\build\RobWorkSim\src\rwsimlibs\bullet\sdurwsim_bullet.vcxproj]
D:\10_Source_Repos\21_robot\acc-t17-r2-repro\RobWork\RobWorkSim\src\rwsimlibs\bullet\BtBody.cpp(254,57): warning C4244:         [ [D:\10_Source_Repos\21_robot\acc-t17-r2-repro\build\RobWorkSim\src\rwsimlibs\bullet\sdurwsim_bullet.vcxproj]
D:\10_Source_Repos\21_robot\acc-t17-r2-repro\RobWork\RobWorkSim\src\rwsimlibs\bullet\BtBody.cpp(254,57): warning C4244:             T=double [D:\10_Source_Repos\21_robot\acc-t17-r2-repro\build\RobWorkSim\src\rwsimlibs\bullet\sdurwsim_bullet.vcxproj]
D:\10_Source_Repos\21_robot\acc-t17-r2-repro\RobWork\RobWorkSim\src\rwsimlibs\bullet\BtBody.cpp(254,57): warning C4244:         ] [D:\10_Source_Repos\21_robot\acc-t17-r2-repro\build\RobWorkSim\src\rwsimlibs\bullet\sdurwsim_bullet.vcxproj]
D:\10_Source_Repos\21_robot\acc-t17-r2-repro\RobWork\RobWorkSim\src\rwsimlibs\bullet\BtBody.cpp(254,46): warning C4244: “参数”: 从“const T”转换到“const btScalar”，可能丢失数据 [D:\10_Source_Repos\21_robot\acc-t17-r2-repro\build\RobWorkSim\src\rwsimlibs\bullet\sdurwsim_bullet.vcxproj]
D:\10_Source_Repos\21_robot\acc-t17-r2-repro\RobWork\RobWorkSim\src\rwsimlibs\bullet\BtBody.cpp(254,46): warning C4244:         with [D:\10_Source_Repos\21_robot\acc-t17-r2-repro\build\RobWorkSim\src\rwsimlibs\bullet\sdurwsim_bullet.vcxproj]
D:\10_Source_Repos\21_robot\acc-t17-r2-repro\RobWork\RobWorkSim\src\rwsimlibs\bullet\BtBody.cpp(254,46): warning C4244:         [ [D:\10_Source_Repos\21_robot\acc-t17-r2-repro\build\RobWorkSim\src\rwsimlibs\bullet\sdurwsim_bullet.vcxproj]
D:\10_Source_Repos\21_robot\acc-t17-r2-repro\RobWork\RobWorkSim\src\rwsimlibs\bullet\BtBody.cpp(254,46): warning C4244:             T=double [D:\10_Source_Repos\21_robot\acc-t17-r2-repro\build\RobWorkSim\src\rwsimlibs\bullet\sdurwsim_bullet.vcxproj]
D:\10_Source_Repos\21_robot\acc-t17-r2-repro\RobWork\RobWorkSim\src\rwsimlibs\bullet\BtBody.cpp(254,46): warning C4244:         ] [D:\10_Source_Repos\21_robot\acc-t17-r2-repro\build\RobWorkSim\src\rwsimlibs\bullet\sdurwsim_bullet.vcxproj]
D:\10_Source_Repos\21_robot\acc-t17-r2-repro\RobWork\RobWorkSim\src\rwsimlibs\bullet\BtBody.cpp(254,35): warning C4244: “参数”: 从“const T”转换到“const btScalar”，可能丢失数据 [D:\10_Source_Repos\21_robot\acc-t17-r2-repro\build\RobWorkSim\src\rwsimlibs\bullet\sdurwsim_bullet.vcxproj]
D:\10_Source_Repos\21_robot\acc-t17-r2-repro\RobWork\RobWorkSim\src\rwsimlibs\bullet\BtBody.cpp(254,35): warning C4244:         with [D:\10_Source_Repos\21_robot\acc-t17-r2-repro\build\RobWorkSim\src\rwsimlibs\bullet\sdurwsim_bullet.vcxproj]
D:\10_Source_Repos\21_robot\acc-t17-r2-repro\RobWork\RobWorkSim\src\rwsimlibs\bullet\BtBody.cpp(254,35): warning C4244:         [ [D:\10_Source_Repos\21_robot\acc-t17-r2-repro\build\RobWorkSim\src\rwsimlibs\bullet\sdurwsim_bullet.vcxproj]
D:\10_Source_Repos\21_robot\acc-t17-r2-repro\RobWork\RobWorkSim\src\rwsimlibs\bullet\BtBody.cpp(254,35): warning C4244:             T=double [D:\10_Source_Repos\21_robot\acc-t17-r2-repro\build\RobWorkSim\src\rwsimlibs\bullet\sdurwsim_bullet.vcxproj]
D:\10_Source_Repos\21_robot\acc-t17-r2-repro\RobWork\RobWorkSim\src\rwsimlibs\bullet\BtBody.cpp(254,35): warning C4244:         ] [D:\10_Source_Repos\21_robot\acc-t17-r2-repro\build\RobWorkSim\src\rwsimlibs\bullet\sdurwsim_bullet.vcxproj]
D:\10_Source_Repos\21_robot\acc-t17-r2-repro\RobWork\RobWorkSim\src\rwsimlibs\bullet\BtBody.cpp(255,57): warning C4244: “参数”: 从“const T”转换到“const btScalar”，可能丢失数据 [D:\10_Source_Repos\21_robot\acc-t17-r2-repro\build\RobWorkSim\src\rwsimlibs\bullet\sdurwsim_bullet.vcxproj]
D:\10_Source_Repos\21_robot\acc-t17-r2-repro\RobWork\RobWorkSim\src\rwsimlibs\bullet\BtBody.cpp(255,57): warning C4244:         with [D:\10_Source_Repos\21_robot\acc-t17-r2-repro\build\RobWorkSim\src\rwsimlibs\bullet\sdurwsim_bullet.vcxproj]
D:\10_Source_Repos\21_robot\acc-t17-r2-repro\RobWork\RobWorkSim\src\rwsimlibs\bullet\BtBody.cpp(255,57): warning C4244:         [ [D:\10_Source_Repos\21_robot\acc-t17-r2-repro\build\RobWorkSim\src\rwsimlibs\bullet\sdurwsim_bullet.vcxproj]
D:\10_Source_Repos\21_robot\acc-t17-r2-repro\RobWork\RobWorkSim\src\rwsimlibs\bullet\BtBody.cpp(255,57): warning C4244:             T=double [D:\10_Source_Repos\21_robot\acc-t17-r2-repro\build\RobWorkSim\src\rwsimlibs\bullet\sdurwsim_bullet.vcxproj]
D:\10_Source_Repos\21_robot\acc-t17-r2-repro\RobWork\RobWorkSim\src\rwsimlibs\bullet\BtBody.cpp(255,57): warning C4244:         ] [D:\10_Source_Repos\21_robot\acc-t17-r2-repro\build\RobWorkSim\src\rwsimlibs\bullet\sdurwsim_bullet.vcxproj]
D:\10_Source_Repos\21_robot\acc-t17-r2-repro\RobWork\RobWorkSim\src\rwsimlibs\bullet\BtBody.cpp(255,46): warning C4244: “参数”: 从“const T”转换到“const btScalar”，可能丢失数据 [D:\10_Source_Repos\21_robot\acc-t17-r2-repro\build\RobWorkSim\src\rwsimlibs\bullet\sdurwsim_bullet.vcxproj]
D:\10_Source_Repos\21_robot\acc-t17-r2-repro\RobWork\RobWorkSim\src\rwsimlibs\bullet\BtBody.cpp(255,46): warning C4244:         with [D:\10_Source_Repos\21_robot\acc-t17-r2-repro\build\RobWorkSim\src\rwsimlibs\bullet\sdurwsim_bullet.vcxproj]
D:\10_Source_Repos\21_robot\acc-t17-r2-repro\RobWork\RobWorkSim\src\rwsimlibs\bullet\BtBody.cpp(255,46): warning C4244:         [ [D:\10_Source_Repos\21_robot\acc-t17-r2-repro\build\RobWorkSim\src\rwsimlibs\bullet\sdurwsim_bullet.vcxproj]
D:\10_Source_Repos\21_robot\acc-t17-r2-repro\RobWork\RobWorkSim\src\rwsimlibs\bullet\BtBody.cpp(255,46): warning C4244:             T=double [D:\10_Source_Repos\21_robot\acc-t17-r2-repro\build\RobWorkSim\src\rwsimlibs\bullet\sdurwsim_bullet.vcxproj]
D:\10_Source_Repos\21_robot\acc-t17-r2-repro\RobWork\RobWorkSim\src\rwsimlibs\bullet\BtBody.cpp(255,46): warning C4244:         ] [D:\10_Source_Repos\21_robot\acc-t17-r2-repro\build\RobWorkSim\src\rwsimlibs\bullet\sdurwsim_bullet.vcxproj]
D:\10_Source_Repos\21_robot\acc-t17-r2-repro\RobWork\RobWorkSim\src\rwsimlibs\bullet\BtBody.cpp(255,35): warning C4244: “参数”: 从“const T”转换到“const btScalar”，可能丢失数据 [D:\10_Source_Repos\21_robot\acc-t17-r2-repro\build\RobWorkSim\src\rwsimlibs\bullet\sdurwsim_bullet.vcxproj]
D:\10_Source_Repos\21_robot\acc-t17-r2-repro\RobWork\RobWorkSim\src\rwsimlibs\bullet\BtBody.cpp(255,35): warning C4244:         with [D:\10_Source_Repos\21_robot\acc-t17-r2-repro\build\RobWorkSim\src\rwsimlibs\bullet\sdurwsim_bullet.vcxproj]
D:\10_Source_Repos\21_robot\acc-t17-r2-repro\RobWork\RobWorkSim\src\rwsimlibs\bullet\BtBody.cpp(255,35): warning C4244:         [ [D:\10_Source_Repos\21_robot\acc-t17-r2-repro\build\RobWorkSim\src\rwsimlibs\bullet\sdurwsim_bullet.vcxproj]
D:\10_Source_Repos\21_robot\acc-t17-r2-repro\RobWork\RobWorkSim\src\rwsimlibs\bullet\BtBody.cpp(255,35): warning C4244:             T=double [D:\10_Source_Repos\21_robot\acc-t17-r2-repro\build\RobWorkSim\src\rwsimlibs\bullet\sdurwsim_bullet.vcxproj]
D:\10_Source_Repos\21_robot\acc-t17-r2-repro\RobWork\RobWorkSim\src\rwsimlibs\bullet\BtBody.cpp(255,35): warning C4244:         ] [D:\10_Source_Repos\21_robot\acc-t17-r2-repro\build\RobWorkSim\src\rwsimlibs\bullet\sdurwsim_bullet.vcxproj]
D:\10_Source_Repos\21_robot\acc-t17-r2-repro\RobWork\RobWorkSim\src\rwsimlibs\bullet\BtBody.cpp(256,57): warning C4244: “参数”: 从“const T”转换到“const btScalar”，可能丢失数据 [D:\10_Source_Repos\21_robot\acc-t17-r2-repro\build\RobWorkSim\src\rwsimlibs\bullet\sdurwsim_bullet.vcxproj]
D:\10_Source_Repos\21_robot\acc-t17-r2-repro\RobWork\RobWorkSim\src\rwsimlibs\bullet\BtBody.cpp(256,57): warning C4244:         with [D:\10_Source_Repos\21_robot\acc-t17-r2-repro\build\RobWorkSim\src\rwsimlibs\bullet\sdurwsim_bullet.vcxproj]
D:\10_Source_Repos\21_robot\acc-t17-r2-repro\RobWork\RobWorkSim\src\rwsimlibs\bullet\BtBody.cpp(256,57): warning C4244:         [ [D:\10_Source_Repos\21_robot\acc-t17-r2-repro\build\RobWorkSim\src\rwsimlibs\bullet\sdurwsim_bullet.vcxproj]
D:\10_Source_Repos\21_robot\acc-t17-r2-repro\RobWork\RobWorkSim\src\rwsimlibs\bullet\BtBody.cpp(256,57): warning C4244:             T=double [D:\10_Source_Repos\21_robot\acc-t17-r2-repro\build\RobWorkSim\src\rwsimlibs\bullet\sdurwsim_bullet.vcxproj]
D:\10_Source_Repos\21_robot\acc-t17-r2-repro\RobWork\RobWorkSim\src\rwsimlibs\bullet\BtBody.cpp(256,57): warning C4244:         ] [D:\10_Source_Repos\21_robot\acc-t17-r2-repro\build\RobWorkSim\src\rwsimlibs\bullet\sdurwsim_bullet.vcxproj]
D:\10_Source_Repos\21_robot\acc-t17-r2-repro\RobWork\RobWorkSim\src\rwsimlibs\bullet\BtBody.cpp(256,46): warning C4244: “参数”: 从“const T”转换到“const btScalar”，可能丢失数据 [D:\10_Source_Repos\21_robot\acc-t17-r2-repro\build\RobWorkSim\src\rwsimlibs\bullet\sdurwsim_bullet.vcxproj]
D:\10_Source_Repos\21_robot\acc-t17-r2-repro\RobWork\RobWorkSim\src\rwsimlibs\bullet\BtBody.cpp(256,46): warning C4244:         with [D:\10_Source_Repos\21_robot\acc-t17-r2-repro\build\RobWorkSim\src\rwsimlibs\bullet\sdurwsim_bullet.vcxproj]
D:\10_Source_Repos\21_robot\acc-t17-r2-repro\RobWork\RobWorkSim\src\rwsimlibs\bullet\BtBody.cpp(256,46): warning C4244:         [ [D:\10_Source_Repos\21_robot\acc-t17-r2-repro\build\RobWorkSim\src\rwsimlibs\bullet\sdurwsim_bullet.vcxproj]
D:\10_Source_Repos\21_robot\acc-t17-r2-repro\RobWork\RobWorkSim\src\rwsimlibs\bullet\BtBody.cpp(256,46): warning C4244:             T=double [D:\10_Source_Repos\21_robot\acc-t17-r2-repro\build\RobWorkSim\src\rwsimlibs\bullet\sdurwsim_bullet.vcxproj]
D:\10_Source_Repos\21_robot\acc-t17-r2-repro\RobWork\RobWorkSim\src\rwsimlibs\bullet\BtBody.cpp(256,46): warning C4244:         ] [D:\10_Source_Repos\21_robot\acc-t17-r2-repro\build\RobWorkSim\src\rwsimlibs\bullet\sdurwsim_bullet.vcxproj]
D:\10_Source_Repos\21_robot\acc-t17-r2-repro\RobWork\RobWorkSim\src\rwsimlibs\bullet\BtBody.cpp(256,35): warning C4244: “参数”: 从“const T”转换到“const btScalar”，可能丢失数据 [D:\10_Source_Repos\21_robot\acc-t17-r2-repro\build\RobWorkSim\src\rwsimlibs\bullet\sdurwsim_bullet.vcxproj]
D:\10_Source_Repos\21_robot\acc-t17-r2-repro\RobWork\RobWorkSim\src\rwsimlibs\bullet\BtBody.cpp(256,35): warning C4244:         with [D:\10_Source_Repos\21_robot\acc-t17-r2-repro\build\RobWorkSim\src\rwsimlibs\bullet\sdurwsim_bullet.vcxproj]
D:\10_Source_Repos\21_robot\acc-t17-r2-repro\RobWork\RobWorkSim\src\rwsimlibs\bullet\BtBody.cpp(256,35): warning C4244:         [ [D:\10_Source_Repos\21_robot\acc-t17-r2-repro\build\RobWorkSim\src\rwsimlibs\bullet\sdurwsim_bullet.vcxproj]
D:\10_Source_Repos\21_robot\acc-t17-r2-repro\RobWork\RobWorkSim\src\rwsimlibs\bullet\BtBody.cpp(256,35): warning C4244:             T=double [D:\10_Source_Repos\21_robot\acc-t17-r2-repro\build\RobWorkSim\src\rwsimlibs\bullet\sdurwsim_bullet.vcxproj]
D:\10_Source_Repos\21_robot\acc-t17-r2-repro\RobWork\RobWorkSim\src\rwsimlibs\bullet\BtBody.cpp(256,35): warning C4244:         ] [D:\10_Source_Repos\21_robot\acc-t17-r2-repro\build\RobWorkSim\src\rwsimlibs\bullet\sdurwsim_bullet.vcxproj]
D:\10_Source_Repos\21_robot\acc-t17-r2-repro\RobWork\RobWorkSim\src\rwsimlibs\bullet\BtBody.cpp(265,30): warning C4305: “参数”: 从“double”到“btScalar”截断 [D:\10_Source_Repos\21_robot\acc-t17-r2-repro\build\RobWorkSim\src\rwsimlibs\bullet\sdurwsim_bullet.vcxproj]
D:\10_Source_Repos\21_robot\acc-t17-r2-repro\RobWork\RobWorkSim\src\rwsimlibs\bullet\BtContactStrategy.cpp(222,73): warning C4244: “参数”: 从“double”转换到“btScalar”，可能丢失数据 [D:\10_Source_Repos\21_robot\acc-t17-r2-repro\build\RobWorkSim\src\rwsimlibs\bullet\sdurwsim_bullet.vcxproj]
D:\10_Source_Repos\21_robot\acc-t17-r2-repro\RobWork\RobWorkSim\src\rwsimlibs\bullet\BtContactStrategy.cpp(303,78): warning C4244: “参数”: 从“double”转换到“const btScalar”，可能丢失数据 [D:\10_Source_Repos\21_robot\acc-t17-r2-repro\build\RobWorkSim\src\rwsimlibs\bullet\sdurwsim_bullet.vcxproj]
D:\10_Source_Repos\21_robot\acc-t17-r2-repro\RobWork\RobWorkSim\src\rwsimlibs\bullet\BtContactStrategy.cpp(303,53): warning C4244: “参数”: 从“double”转换到“const btScalar”，可能丢失数据 [D:\10_Source_Repos\21_robot\acc-t17-r2-repro\build\RobWorkSim\src\rwsimlibs\bullet\sdurwsim_bullet.vcxproj]
D:\10_Source_Repos\21_robot\acc-t17-r2-repro\RobWork\RobWorkSim\src\rwsimlibs\bullet\BtContactStrategy.cpp(308,65): warning C4244: “参数”: 从“double”转换到“btScalar”，可能丢失数据 [D:\10_Source_Repos\21_robot\acc-t17-r2-repro\build\RobWorkSim\src\rwsimlibs\bullet\sdurwsim_bullet.vcxproj]
D:\10_Source_Repos\21_robot\acc-t17-r2-repro\RobWork\RobWorkSim\src\rwsimlibs\bullet\BtContactStrategy.cpp(314,63): warning C4244: “参数”: 从“double”转换到“const btScalar”，可能丢失数据 [D:\10_Source_Repos\21_robot\acc-t17-r2-repro\build\RobWorkSim\src\rwsimlibs\bullet\sdurwsim_bullet.vcxproj]
D:\10_Source_Repos\21_robot\acc-t17-r2-repro\RobWork\RobWorkSim\src\rwsimlibs\bullet\BtContactStrategy.cpp(313,63): warning C4244: “参数”: 从“double”转换到“const btScalar”，可能丢失数据 [D:\10_Source_Repos\21_robot\acc-t17-r2-repro\build\RobWorkSim\src\rwsimlibs\bullet\sdurwsim_bullet.vcxproj]
D:\10_Source_Repos\21_robot\acc-t17-r2-repro\RobWork\RobWorkSim\src\rwsimlibs\bullet\BtContactStrategy.cpp(312,63): warning C4244: “参数”: 从“double”转换到“const btScalar”，可能丢失数据 [D:\10_Source_Repos\21_robot\acc-t17-r2-repro\build\RobWorkSim\src\rwsimlibs\bullet\sdurwsim_bullet.vcxproj]
D:\10_Source_Repos\21_robot\acc-t17-r2-repro\RobWork\RobWorkSim\src\rwsimlibs\bullet\BtContactStrategy.cpp(320,65): warning C4244: “参数”: 从“double”转换到“btScalar”，可能丢失数据 [D:\10_Source_Repos\21_robot\acc-t17-r2-repro\build\RobWorkSim\src\rwsimlibs\bullet\sdurwsim_bullet.vcxproj]
D:\10_Source_Repos\21_robot\acc-t17-r2-repro\RobWork\RobWorkSim\src\rwsimlibs\bullet\BtContactStrategy.cpp(329,57): warning C4244: “参数”: 从“const T”转换到“const btScalar”，可能丢失数据 [D:\10_Source_Repos\21_robot\acc-t17-r2-repro\build\RobWorkSim\src\rwsimlibs\bullet\sdurwsim_bullet.vcxproj]
D:\10_Source_Repos\21_robot\acc-t17-r2-repro\RobWork\RobWorkSim\src\rwsimlibs\bullet\BtContactStrategy.cpp(329,57): warning C4244:         with [D:\10_Source_Repos\21_robot\acc-t17-r2-repro\build\RobWorkSim\src\rwsimlibs\bullet\sdurwsim_bullet.vcxproj]
D:\10_Source_Repos\21_robot\acc-t17-r2-repro\RobWork\RobWorkSim\src\rwsimlibs\bullet\BtContactStrategy.cpp(329,57): warning C4244:         [ [D:\10_Source_Repos\21_robot\acc-t17-r2-repro\build\RobWorkSim\src\rwsimlibs\bullet\sdurwsim_bullet.vcxproj]
D:\10_Source_Repos\21_robot\acc-t17-r2-repro\RobWork\RobWorkSim\src\rwsimlibs\bullet\BtContactStrategy.cpp(329,57): warning C4244:             T=double [D:\10_Source_Repos\21_robot\acc-t17-r2-repro\build\RobWorkSim\src\rwsimlibs\bullet\sdurwsim_bullet.vcxproj]
D:\10_Source_Repos\21_robot\acc-t17-r2-repro\RobWork\RobWorkSim\src\rwsimlibs\bullet\BtContactStrategy.cpp(329,57): warning C4244:         ] [D:\10_Source_Repos\21_robot\acc-t17-r2-repro\build\RobWorkSim\src\rwsimlibs\bullet\sdurwsim_bullet.vcxproj]
D:\10_Source_Repos\21_robot\acc-t17-r2-repro\RobWork\RobWorkSim\src\rwsimlibs\bullet\BtContactStrategy.cpp(329,46): warning C4244: “参数”: 从“const T”转换到“const btScalar”，可能丢失数据 [D:\10_Source_Repos\21_robot\acc-t17-r2-repro\build\RobWorkSim\src\rwsimlibs\bullet\sdurwsim_bullet.vcxproj]
D:\10_Source_Repos\21_robot\acc-t17-r2-repro\RobWork\RobWorkSim\src\rwsimlibs\bullet\BtContactStrategy.cpp(329,46): warning C4244:         with [D:\10_Source_Repos\21_robot\acc-t17-r2-repro\build\RobWorkSim\src\rwsimlibs\bullet\sdurwsim_bullet.vcxproj]
D:\10_Source_Repos\21_robot\acc-t17-r2-repro\RobWork\RobWorkSim\src\rwsimlibs\bullet\BtContactStrategy.cpp(329,46): warning C4244:         [ [D:\10_Source_Repos\21_robot\acc-t17-r2-repro\build\RobWorkSim\src\rwsimlibs\bullet\sdurwsim_bullet.vcxproj]
D:\10_Source_Repos\21_robot\acc-t17-r2-repro\RobWork\RobWorkSim\src\rwsimlibs\bullet\BtContactStrategy.cpp(329,46): warning C4244:             T=double [D:\10_Source_Repos\21_robot\acc-t17-r2-repro\build\RobWorkSim\src\rwsimlibs\bullet\sdurwsim_bullet.vcxproj]
D:\10_Source_Repos\21_robot\acc-t17-r2-repro\RobWork\RobWorkSim\src\rwsimlibs\bullet\BtContactStrategy.cpp(329,46): warning C4244:         ] [D:\10_Source_Repos\21_robot\acc-t17-r2-repro\build\RobWorkSim\src\rwsimlibs\bullet\sdurwsim_bullet.vcxproj]
D:\10_Source_Repos\21_robot\acc-t17-r2-repro\RobWork\RobWorkSim\src\rwsimlibs\bullet\BtContactStrategy.cpp(329,35): warning C4244: “参数”: 从“const T”转换到“const btScalar”，可能丢失数据 [D:\10_Source_Repos\21_robot\acc-t17-r2-repro\build\RobWorkSim\src\rwsimlibs\bullet\sdurwsim_bullet.vcxproj]
D:\10_Source_Repos\21_robot\acc-t17-r2-repro\RobWork\RobWorkSim\src\rwsimlibs\bullet\BtContactStrategy.cpp(329,35): warning C4244:         with [D:\10_Source_Repos\21_robot\acc-t17-r2-repro\build\RobWorkSim\src\rwsimlibs\bullet\sdurwsim_bullet.vcxproj]
D:\10_Source_Repos\21_robot\acc-t17-r2-repro\RobWork\RobWorkSim\src\rwsimlibs\bullet\BtContactStrategy.cpp(329,35): warning C4244:         [ [D:\10_Source_Repos\21_robot\acc-t17-r2-repro\build\RobWorkSim\src\rwsimlibs\bullet\sdurwsim_bullet.vcxproj]
D:\10_Source_Repos\21_robot\acc-t17-r2-repro\RobWork\RobWorkSim\src\rwsimlibs\bullet\BtContactStrategy.cpp(329,35): warning C4244:             T=double [D:\10_Source_Repos\21_robot\acc-t17-r2-repro\build\RobWorkSim\src\rwsimlibs\bullet\sdurwsim_bullet.vcxproj]
D:\10_Source_Repos\21_robot\acc-t17-r2-repro\RobWork\RobWorkSim\src\rwsimlibs\bullet\BtContactStrategy.cpp(329,35): warning C4244:         ] [D:\10_Source_Repos\21_robot\acc-t17-r2-repro\build\RobWorkSim\src\rwsimlibs\bullet\sdurwsim_bullet.vcxproj]
D:\10_Source_Repos\21_robot\acc-t17-r2-repro\RobWork\RobWorkSim\src\rwsimlibs\bullet\BtContactStrategy.cpp(330,57): warning C4244: “参数”: 从“const T”转换到“const btScalar”，可能丢失数据 [D:\10_Source_Repos\21_robot\acc-t17-r2-repro\build\RobWorkSim\src\rwsimlibs\bullet\sdurwsim_bullet.vcxproj]
D:\10_Source_Repos\21_robot\acc-t17-r2-repro\RobWork\RobWorkSim\src\rwsimlibs\bullet\BtContactStrategy.cpp(330,57): warning C4244:         with [D:\10_Source_Repos\21_robot\acc-t17-r2-repro\build\RobWorkSim\src\rwsimlibs\bullet\sdurwsim_bullet.vcxproj]
D:\10_Source_Repos\21_robot\acc-t17-r2-repro\RobWork\RobWorkSim\src\rwsimlibs\bullet\BtContactStrategy.cpp(330,57): warning C4244:         [ [D:\10_Source_Repos\21_robot\acc-t17-r2-repro\build\RobWorkSim\src\rwsimlibs\bullet\sdurwsim_bullet.vcxproj]
D:\10_Source_Repos\21_robot\acc-t17-r2-repro\RobWork\RobWorkSim\src\rwsimlibs\bullet\BtContactStrategy.cpp(330,57): warning C4244:             T=double [D:\10_Source_Repos\21_robot\acc-t17-r2-repro\build\RobWorkSim\src\rwsimlibs\bullet\sdurwsim_bullet.vcxproj]
D:\10_Source_Repos\21_robot\acc-t17-r2-repro\RobWork\RobWorkSim\src\rwsimlibs\bullet\BtContactStrategy.cpp(330,57): warning C4244:         ] [D:\10_Source_Repos\21_robot\acc-t17-r2-repro\build\RobWorkSim\src\rwsimlibs\bullet\sdurwsim_bullet.vcxproj]
D:\10_Source_Repos\21_robot\acc-t17-r2-repro\RobWork\RobWorkSim\src\rwsimlibs\bullet\BtContactStrategy.cpp(330,46): warning C4244: “参数”: 从“const T”转换到“const btScalar”，可能丢失数据 [D:\10_Source_Repos\21_robot\acc-t17-r2-repro\build\RobWorkSim\src\rwsimlibs\bullet\sdurwsim_bullet.vcxproj]
D:\10_Source_Repos\21_robot\acc-t17-r2-repro\RobWork\RobWorkSim\src\rwsimlibs\bullet\BtContactStrategy.cpp(330,46): warning C4244:         with [D:\10_Source_Repos\21_robot\acc-t17-r2-repro\build\RobWorkSim\src\rwsimlibs\bullet\sdurwsim_bullet.vcxproj]
D:\10_Source_Repos\21_robot\acc-t17-r2-repro\RobWork\RobWorkSim\src\rwsimlibs\bullet\BtContactStrategy.cpp(330,46): warning C4244:         [ [D:\10_Source_Repos\21_robot\acc-t17-r2-repro\build\RobWorkSim\src\rwsimlibs\bullet\sdurwsim_bullet.vcxproj]
D:\10_Source_Repos\21_robot\acc-t17-r2-repro\RobWork\RobWorkSim\src\rwsimlibs\bullet\BtContactStrategy.cpp(330,46): warning C4244:             T=double [D:\10_Source_Repos\21_robot\acc-t17-r2-repro\build\RobWorkSim\src\rwsimlibs\bullet\sdurwsim_bullet.vcxproj]
D:\10_Source_Repos\21_robot\acc-t17-r2-repro\RobWork\RobWorkSim\src\rwsimlibs\bullet\BtContactStrategy.cpp(330,46): warning C4244:         ] [D:\10_Source_Repos\21_robot\acc-t17-r2-repro\build\RobWorkSim\src\rwsimlibs\bullet\sdurwsim_bullet.vcxproj]
D:\10_Source_Repos\21_robot\acc-t17-r2-repro\RobWork\RobWorkSim\src\rwsimlibs\bullet\BtContactStrategy.cpp(330,35): warning C4244: “参数”: 从“const T”转换到“const btScalar”，可能丢失数据 [D:\10_Source_Repos\21_robot\acc-t17-r2-repro\build\RobWorkSim\src\rwsimlibs\bullet\sdurwsim_bullet.vcxproj]
D:\10_Source_Repos\21_robot\acc-t17-r2-repro\RobWork\RobWorkSim\src\rwsimlibs\bullet\BtContactStrategy.cpp(330,35): warning C4244:         with [D:\10_Source_Repos\21_robot\acc-t17-r2-repro\build\RobWorkSim\src\rwsimlibs\bullet\sdurwsim_bullet.vcxproj]
D:\10_Source_Repos\21_robot\acc-t17-r2-repro\RobWork\RobWorkSim\src\rwsimlibs\bullet\BtContactStrategy.cpp(330,35): warning C4244:         [ [D:\10_Source_Repos\21_robot\acc-t17-r2-repro\build\RobWorkSim\src\rwsimlibs\bullet\sdurwsim_bullet.vcxproj]
D:\10_Source_Repos\21_robot\acc-t17-r2-repro\RobWork\RobWorkSim\src\rwsimlibs\bullet\BtContactStrategy.cpp(330,35): warning C4244:             T=double [D:\10_Source_Repos\21_robot\acc-t17-r2-repro\build\RobWorkSim\src\rwsimlibs\bullet\sdurwsim_bullet.vcxproj]
D:\10_Source_Repos\21_robot\acc-t17-r2-repro\RobWork\RobWorkSim\src\rwsimlibs\bullet\BtContactStrategy.cpp(330,35): warning C4244:         ] [D:\10_Source_Repos\21_robot\acc-t17-r2-repro\build\RobWorkSim\src\rwsimlibs\bullet\sdurwsim_bullet.vcxproj]
D:\10_Source_Repos\21_robot\acc-t17-r2-repro\RobWork\RobWorkSim\src\rwsimlibs\bullet\BtContactStrategy.cpp(331,57): warning C4244: “参数”: 从“const T”转换到“const btScalar”，可能丢失数据 [D:\10_Source_Repos\21_robot\acc-t17-r2-repro\build\RobWorkSim\src\rwsimlibs\bullet\sdurwsim_bullet.vcxproj]
D:\10_Source_Repos\21_robot\acc-t17-r2-repro\RobWork\RobWorkSim\src\rwsimlibs\bullet\BtContactStrategy.cpp(331,57): warning C4244:         with [D:\10_Source_Repos\21_robot\acc-t17-r2-repro\build\RobWorkSim\src\rwsimlibs\bullet\sdurwsim_bullet.vcxproj]
D:\10_Source_Repos\21_robot\acc-t17-r2-repro\RobWork\RobWorkSim\src\rwsimlibs\bullet\BtContactStrategy.cpp(331,57): warning C4244:         [ [D:\10_Source_Repos\21_robot\acc-t17-r2-repro\build\RobWorkSim\src\rwsimlibs\bullet\sdurwsim_bullet.vcxproj]
D:\10_Source_Repos\21_robot\acc-t17-r2-repro\RobWork\RobWorkSim\src\rwsimlibs\bullet\BtContactStrategy.cpp(331,57): warning C4244:             T=double [D:\10_Source_Repos\21_robot\acc-t17-r2-repro\build\RobWorkSim\src\rwsimlibs\bullet\sdurwsim_bullet.vcxproj]
D:\10_Source_Repos\21_robot\acc-t17-r2-repro\RobWork\RobWorkSim\src\rwsimlibs\bullet\BtContactStrategy.cpp(331,57): warning C4244:         ] [D:\10_Source_Repos\21_robot\acc-t17-r2-repro\build\RobWorkSim\src\rwsimlibs\bullet\sdurwsim_bullet.vcxproj]
D:\10_Source_Repos\21_robot\acc-t17-r2-repro\RobWork\RobWorkSim\src\rwsimlibs\bullet\BtContactStrategy.cpp(331,46): warning C4244: “参数”: 从“const T”转换到“const btScalar”，可能丢失数据 [D:\10_Source_Repos\21_robot\acc-t17-r2-repro\build\RobWorkSim\src\rwsimlibs\bullet\sdurwsim_bullet.vcxproj]
D:\10_Source_Repos\21_robot\acc-t17-r2-repro\RobWork\RobWorkSim\src\rwsimlibs\bullet\BtContactStrategy.cpp(331,46): warning C4244:         with [D:\10_Source_Repos\21_robot\acc-t17-r2-repro\build\RobWorkSim\src\rwsimlibs\bullet\sdurwsim_bullet.vcxproj]
D:\10_Source_Repos\21_robot\acc-t17-r2-repro\RobWork\RobWorkSim\src\rwsimlibs\bullet\BtContactStrategy.cpp(331,46): warning C4244:         [ [D:\10_Source_Repos\21_robot\acc-t17-r2-repro\build\RobWorkSim\src\rwsimlibs\bullet\sdurwsim_bullet.vcxproj]
D:\10_Source_Repos\21_robot\acc-t17-r2-repro\RobWork\RobWorkSim\src\rwsimlibs\bullet\BtContactStrategy.cpp(331,46): warning C4244:             T=double [D:\10_Source_Repos\21_robot\acc-t17-r2-repro\build\RobWorkSim\src\rwsimlibs\bullet\sdurwsim_bullet.vcxproj]
D:\10_Source_Repos\21_robot\acc-t17-r2-repro\RobWork\RobWorkSim\src\rwsimlibs\bullet\BtContactStrategy.cpp(331,46): warning C4244:         ] [D:\10_Source_Repos\21_robot\acc-t17-r2-repro\build\RobWorkSim\src\rwsimlibs\bullet\sdurwsim_bullet.vcxproj]
D:\10_Source_Repos\21_robot\acc-t17-r2-repro\RobWork\RobWorkSim\src\rwsimlibs\bullet\BtContactStrategy.cpp(331,35): warning C4244: “参数”: 从“const T”转换到“const btScalar”，可能丢失数据 [D:\10_Source_Repos\21_robot\acc-t17-r2-repro\build\RobWorkSim\src\rwsimlibs\bullet\sdurwsim_bullet.vcxproj]
D:\10_Source_Repos\21_robot\acc-t17-r2-repro\RobWork\RobWorkSim\src\rwsimlibs\bullet\BtContactStrategy.cpp(331,35): warning C4244:         with [D:\10_Source_Repos\21_robot\acc-t17-r2-repro\build\RobWorkSim\src\rwsimlibs\bullet\sdurwsim_bullet.vcxproj]
D:\10_Source_Repos\21_robot\acc-t17-r2-repro\RobWork\RobWorkSim\src\rwsimlibs\bullet\BtContactStrategy.cpp(331,35): warning C4244:         [ [D:\10_Source_Repos\21_robot\acc-t17-r2-repro\build\RobWorkSim\src\rwsimlibs\bullet\sdurwsim_bullet.vcxproj]
D:\10_Source_Repos\21_robot\acc-t17-r2-repro\RobWork\RobWorkSim\src\rwsimlibs\bullet\BtContactStrategy.cpp(331,35): warning C4244:             T=double [D:\10_Source_Repos\21_robot\acc-t17-r2-repro\build\RobWorkSim\src\rwsimlibs\bullet\sdurwsim_bullet.vcxproj]
D:\10_Source_Repos\21_robot\acc-t17-r2-repro\RobWork\RobWorkSim\src\rwsimlibs\bullet\BtContactStrategy.cpp(331,35): warning C4244:         ] [D:\10_Source_Repos\21_robot\acc-t17-r2-repro\build\RobWorkSim\src\rwsimlibs\bullet\sdurwsim_bullet.vcxproj]
D:\10_Source_Repos\21_robot\acc-t17-r2-repro\RobWork\RobWorkSim\src\rwsimlibs\bullet\BtConstraint.cpp(134,17): warning C4305: “参数”: 从“double”到“btScalar”截断 [D:\10_Source_Repos\21_robot\acc-t17-r2-repro\build\RobWorkSim\src\rwsimlibs\bullet\sdurwsim_bullet.vcxproj]
D:\10_Source_Repos\21_robot\acc-t17-r2-repro\RobWork\RobWorkSim\src\rwsimlibs\bullet\BtConstraint.cpp(165,47): warning C4244: “参数”: 从“double”转换到“btScalar”，可能丢失数据 [D:\10_Source_Repos\21_robot\acc-t17-r2-repro\build\RobWorkSim\src\rwsimlibs\bullet\sdurwsim_bullet.vcxproj]
D:\10_Source_Repos\21_robot\acc-t17-r2-repro\RobWork\RobWorkSim\src\rwsimlibs\bullet\BtConstraint.cpp(166,57): warning C4244: “参数”: 从“const double”转换到“btScalar”，可能丢失数据 [D:\10_Source_Repos\21_robot\acc-t17-r2-repro\build\RobWorkSim\src\rwsimlibs\bullet\sdurwsim_bullet.vcxproj]
D:\10_Source_Repos\21_robot\acc-t17-r2-repro\RobWork\RobWorkSim\src\rwsimlibs\bullet\BtConstraint.cpp(202,47): warning C4244: “参数”: 从“double”转换到“btScalar”，可能丢失数据 [D:\10_Source_Repos\21_robot\acc-t17-r2-repro\build\RobWorkSim\src\rwsimlibs\bullet\sdurwsim_bullet.vcxproj]
D:\10_Source_Repos\21_robot\acc-t17-r2-repro\RobWork\RobWorkSim\src\rwsimlibs\bullet\BtConstraint.cpp(203,57): warning C4244: “参数”: 从“const double”转换到“btScalar”，可能丢失数据 [D:\10_Source_Repos\21_robot\acc-t17-r2-repro\build\RobWorkSim\src\rwsimlibs\bullet\sdurwsim_bullet.vcxproj]
D:\10_Source_Repos\21_robot\acc-t17-r2-repro\RobWork\RobWorkSim\src\rwsimlibs\bullet\BtConstraint.cpp(235,59): warning C4244: “参数”: 从“double”转换到“btScalar”，可能丢失数据 [D:\10_Source_Repos\21_robot\acc-t17-r2-repro\build\RobWorkSim\src\rwsimlibs\bullet\sdurwsim_bullet.vcxproj]
D:\10_Source_Repos\21_robot\acc-t17-r2-repro\RobWork\RobWorkSim\src\rwsimlibs\bullet\BtConstraint.cpp(236,69): warning C4244: “参数”: 从“const double”转换到“btScalar”，可能丢失数据 [D:\10_Source_Repos\21_robot\acc-t17-r2-repro\build\RobWorkSim\src\rwsimlibs\bullet\sdurwsim_bullet.vcxproj]
D:\10_Source_Repos\21_robot\acc-t17-r2-repro\RobWork\RobWorkSim\src\rwsimlibs\bullet\BtConstraint.cpp(266,63): warning C4244: “参数”: 从“double”转换到“btScalar”，可能丢失数据 [D:\10_Source_Repos\21_robot\acc-t17-r2-repro\build\RobWorkSim\src\rwsimlibs\bullet\sdurwsim_bullet.vcxproj]
D:\10_Source_Repos\21_robot\acc-t17-r2-repro\RobWork\RobWorkSim\src\rwsimlibs\bullet\BtConstraint.cpp(267,73): warning C4244: “参数”: 从“const double”转换到“btScalar”，可能丢失数据 [D:\10_Source_Repos\21_robot\acc-t17-r2-repro\build\RobWorkSim\src\rwsimlibs\bullet\sdurwsim_bullet.vcxproj]
D:\10_Source_Repos\21_robot\acc-t17-r2-repro\RobWork\RobWorkSim\src\rwsimlibs\bullet\BtConstraint.cpp(296,63): warning C4244: “参数”: 从“double”转换到“btScalar”，可能丢失数据 [D:\10_Source_Repos\21_robot\acc-t17-r2-repro\build\RobWorkSim\src\rwsimlibs\bullet\sdurwsim_bullet.vcxproj]
D:\10_Source_Repos\21_robot\acc-t17-r2-repro\RobWork\RobWorkSim\src\rwsimlibs\bullet\BtConstraint.cpp(297,73): warning C4244: “参数”: 从“const double”转换到“btScalar”，可能丢失数据 [D:\10_Source_Repos\21_robot\acc-t17-r2-repro\build\RobWorkSim\src\rwsimlibs\bullet\sdurwsim_bullet.vcxproj]
D:\10_Source_Repos\21_robot\acc-t17-r2-repro\RobWork\RobWorkSim\src\rwsimlibs\bullet\BtConstraint.cpp(341,59): warning C4244: “参数”: 从“double”转换到“btScalar”，可能丢失数据 [D:\10_Source_Repos\21_robot\acc-t17-r2-repro\build\RobWorkSim\src\rwsimlibs\bullet\sdurwsim_bullet.vcxproj]
D:\10_Source_Repos\21_robot\acc-t17-r2-repro\RobWork\RobWorkSim\src\rwsimlibs\bullet\BtConstraint.cpp(342,69): warning C4244: “参数”: 从“const double”转换到“btScalar”，可能丢失数据 [D:\10_Source_Repos\21_robot\acc-t17-r2-repro\build\RobWorkSim\src\rwsimlibs\bullet\sdurwsim_bullet.vcxproj]
D:\10_Source_Repos\21_robot\acc-t17-r2-repro\RobWork\RobWorkSim\src\rwsimlibs\bullet\BtConstraint.cpp(374,59): warning C4244: “参数”: 从“double”转换到“btScalar”，可能丢失数据 [D:\10_Source_Repos\21_robot\acc-t17-r2-repro\build\RobWorkSim\src\rwsimlibs\bullet\sdurwsim_bullet.vcxproj]
D:\10_Source_Repos\21_robot\acc-t17-r2-repro\RobWork\RobWorkSim\src\rwsimlibs\bullet\BtConstraint.cpp(375,69): warning C4244: “参数”: 从“const double”转换到“btScalar”，可能丢失数据 [D:\10_Source_Repos\21_robot\acc-t17-r2-repro\build\RobWorkSim\src\rwsimlibs\bullet\sdurwsim_bullet.vcxproj]
D:\10_Source_Repos\21_robot\acc-t17-r2-repro\RobWork\RobWorkSim\src\rwsimlibs\bullet\BtConstraint.cpp(405,57): warning C4244: “参数”: 从“double”转换到“btScalar”，可能丢失数据 [D:\10_Source_Repos\21_robot\acc-t17-r2-repro\build\RobWorkSim\src\rwsimlibs\bullet\sdurwsim_bullet.vcxproj]
D:\10_Source_Repos\21_robot\acc-t17-r2-repro\RobWork\RobWorkSim\src\rwsimlibs\bullet\BtConstraint.cpp(417,57): warning C4244: “参数”: 从“T”转换到“btScalar”，可能丢失数据 [D:\10_Source_Repos\21_robot\acc-t17-r2-repro\build\RobWorkSim\src\rwsimlibs\bullet\sdurwsim_bullet.vcxproj]
D:\10_Source_Repos\21_robot\acc-t17-r2-repro\RobWork\RobWorkSim\src\rwsimlibs\bullet\BtConstraint.cpp(417,57): warning C4244:         with [D:\10_Source_Repos\21_robot\acc-t17-r2-repro\build\RobWorkSim\src\rwsimlibs\bullet\sdurwsim_bullet.vcxproj]
D:\10_Source_Repos\21_robot\acc-t17-r2-repro\RobWork\RobWorkSim\src\rwsimlibs\bullet\BtConstraint.cpp(417,57): warning C4244:         [ [D:\10_Source_Repos\21_robot\acc-t17-r2-repro\build\RobWorkSim\src\rwsimlibs\bullet\sdurwsim_bullet.vcxproj]
D:\10_Source_Repos\21_robot\acc-t17-r2-repro\RobWork\RobWorkSim\src\rwsimlibs\bullet\BtConstraint.cpp(417,57): warning C4244:             T=double [D:\10_Source_Repos\21_robot\acc-t17-r2-repro\build\RobWorkSim\src\rwsimlibs\bullet\sdurwsim_bullet.vcxproj]
D:\10_Source_Repos\21_robot\acc-t17-r2-repro\RobWork\RobWorkSim\src\rwsimlibs\bullet\BtConstraint.cpp(417,57): warning C4244:         ] [D:\10_Source_Repos\21_robot\acc-t17-r2-repro\build\RobWorkSim\src\rwsimlibs\bullet\sdurwsim_bullet.vcxproj]
D:\10_Source_Repos\21_robot\acc-t17-r2-repro\RobWork\RobWorkSim\src\rwsimlibs\bullet\BtTactileSensor.cpp(116,79): warning C4244: “初始化”: 从“double”转换到“btScalar”，可能丢失数据 [D:\10_Source_Repos\21_robot\acc-t17-r2-repro\build\RobWorkSim\src\rwsimlibs\bullet\sdurwsim_bullet.vcxproj]
D:\10_Source_Repos\21_robot\acc-t17-r2-repro\RobWork\RobWorkSim\src\rwsimlibs\bullet\BtTactileSensor.cpp(116,50): warning C4244: “初始化”: 从“double”转换到“const btScalar”，可能丢失数据 [D:\10_Source_Repos\21_robot\acc-t17-r2-repro\build\RobWorkSim\src\rwsimlibs\bullet\sdurwsim_bullet.vcxproj]
D:\10_Source_Repos\21_robot\acc-t17-r2-repro\RobWork\RobWorkSim\src\rwsimlibs\bullet\BtTactileSensor.cpp(126,79): warning C4244: “初始化”: 从“double”转换到“btScalar”，可能丢失数据 [D:\10_Source_Repos\21_robot\acc-t17-r2-repro\build\RobWorkSim\src\rwsimlibs\bullet\sdurwsim_bullet.vcxproj]
D:\10_Source_Repos\21_robot\acc-t17-r2-repro\RobWork\RobWorkSim\src\rwsimlibs\bullet\BtTactileSensor.cpp(126,50): warning C4244: “初始化”: 从“double”转换到“const btScalar”，可能丢失数据 [D:\10_Source_Repos\21_robot\acc-t17-r2-repro\build\RobWorkSim\src\rwsimlibs\bullet\sdurwsim_bullet.vcxproj]
D:\10_Source_Repos\21_robot\acc-t17-r2-repro\RobWork\RobWorkSim\src\rwsimlibs\bullet\BtTactileSensor.cpp(138,79): warning C4244: “初始化”: 从“double”转换到“btScalar”，可能丢失数据 [D:\10_Source_Repos\21_robot\acc-t17-r2-repro\build\RobWorkSim\src\rwsimlibs\bullet\sdurwsim_bullet.vcxproj]
D:\10_Source_Repos\21_robot\acc-t17-r2-repro\RobWork\RobWorkSim\src\rwsimlibs\bullet\BtTactileSensor.cpp(138,50): warning C4244: “初始化”: 从“double”转换到“const btScalar”，可能丢失数据 [D:\10_Source_Repos\21_robot\acc-t17-r2-repro\build\RobWorkSim\src\rwsimlibs\bullet\sdurwsim_bullet.vcxproj]
D:\10_Source_Repos\21_robot\acc-t17-r2-repro\RobWork\RobWorkSim\src\rwsimlibs\bullet\BtTactileSensor.cpp(147,79): warning C4244: “初始化”: 从“double”转换到“btScalar”，可能丢失数据 [D:\10_Source_Repos\21_robot\acc-t17-r2-repro\build\RobWorkSim\src\rwsimlibs\bullet\sdurwsim_bullet.vcxproj]
D:\10_Source_Repos\21_robot\acc-t17-r2-repro\RobWork\RobWorkSim\src\rwsimlibs\bullet\BtTactileSensor.cpp(147,50): warning C4244: “初始化”: 从“double”转换到“const btScalar”，可能丢失数据 [D:\10_Source_Repos\21_robot\acc-t17-r2-repro\build\RobWorkSim\src\rwsimlibs\bullet\sdurwsim_bullet.vcxproj]
D:\10_Source_Repos\21_robot\acc-t17-r2-repro\RobWork\RobWorkSim\src\rwsimlibs\bullet\BtSimulator.cpp(135,49): warning C4244: “参数”: 从“double”转换到“btScalar”，可能丢失数据 [D:\10_Source_Repos\21_robot\acc-t17-r2-repro\build\RobWorkSim\src\rwsimlibs\bullet\sdurwsim_bullet.vcxproj]
D:\10_Source_Repos\21_robot\acc-t17-r2-repro\RobWork\RobWorkSim\src\rwsimlibs\bullet\BtSimulator.cpp(135,42): warning C4244: “参数”: 从“double”转换到“btScalar”，可能丢失数据 [D:\10_Source_Repos\21_robot\acc-t17-r2-repro\build\RobWorkSim\src\rwsimlibs\bullet\sdurwsim_bullet.vcxproj]
D:\10_Source_Repos\21_robot\acc-t17-r2-repro\RobWork\RobWorkSim\src\rwsimlibs\bullet\BtSimulator.cpp(280,56): warning C4244: “=”: 从“double”转换到“btScalar”，可能丢失数据 [D:\10_Source_Repos\21_robot\acc-t17-r2-repro\build\RobWorkSim\src\rwsimlibs\bullet\sdurwsim_bullet.vcxproj]
D:\10_Source_Repos\21_robot\acc-t17-r2-repro\RobWork\RobWorkSim\src\rwsimlibs\bullet\BtSimulator.cpp(281,59): warning C4244: “=”: 从“double”转换到“btScalar”，可能丢失数据 [D:\10_Source_Repos\21_robot\acc-t17-r2-repro\build\RobWorkSim\src\rwsimlibs\bullet\sdurwsim_bullet.vcxproj]
D:\10_Source_Repos\21_robot\acc-t17-r2-repro\RobWork\RobWorkSim\src\rwsimlibs\bullet\BtSimulator.cpp(326,82): warning C4244: “=”: 从“const T”转换到“btScalar”，可能丢失数据 [D:\10_Source_Repos\21_robot\acc-t17-r2-repro\build\RobWorkSim\src\rwsimlibs\bullet\sdurwsim_bullet.vcxproj]
D:\10_Source_Repos\21_robot\acc-t17-r2-repro\RobWork\RobWorkSim\src\rwsimlibs\bullet\BtSimulator.cpp(326,82): warning C4244:         with [D:\10_Source_Repos\21_robot\acc-t17-r2-repro\build\RobWorkSim\src\rwsimlibs\bullet\sdurwsim_bullet.vcxproj]
D:\10_Source_Repos\21_robot\acc-t17-r2-repro\RobWork\RobWorkSim\src\rwsimlibs\bullet\BtSimulator.cpp(326,82): warning C4244:         [ [D:\10_Source_Repos\21_robot\acc-t17-r2-repro\build\RobWorkSim\src\rwsimlibs\bullet\sdurwsim_bullet.vcxproj]
D:\10_Source_Repos\21_robot\acc-t17-r2-repro\RobWork\RobWorkSim\src\rwsimlibs\bullet\BtSimulator.cpp(326,82): warning C4244:             T=double [D:\10_Source_Repos\21_robot\acc-t17-r2-repro\build\RobWorkSim\src\rwsimlibs\bullet\sdurwsim_bullet.vcxproj]
D:\10_Source_Repos\21_robot\acc-t17-r2-repro\RobWork\RobWorkSim\src\rwsimlibs\bullet\BtSimulator.cpp(326,82): warning C4244:         ] [D:\10_Source_Repos\21_robot\acc-t17-r2-repro\build\RobWorkSim\src\rwsimlibs\bullet\sdurwsim_bullet.vcxproj]
D:\10_Source_Repos\21_robot\acc-t17-r2-repro\RobWork\RobWorkSim\src\rwsimlibs\bullet\BtSimulator.cpp(328,74): warning C4244: “=”: 从“const T”转换到“btScalar”，可能丢失数据 [D:\10_Source_Repos\21_robot\acc-t17-r2-repro\build\RobWorkSim\src\rwsimlibs\bullet\sdurwsim_bullet.vcxproj]
D:\10_Source_Repos\21_robot\acc-t17-r2-repro\RobWork\RobWorkSim\src\rwsimlibs\bullet\BtSimulator.cpp(328,74): warning C4244:         with [D:\10_Source_Repos\21_robot\acc-t17-r2-repro\build\RobWorkSim\src\rwsimlibs\bullet\sdurwsim_bullet.vcxproj]
D:\10_Source_Repos\21_robot\acc-t17-r2-repro\RobWork\RobWorkSim\src\rwsimlibs\bullet\BtSimulator.cpp(328,74): warning C4244:         [ [D:\10_Source_Repos\21_robot\acc-t17-r2-repro\build\RobWorkSim\src\rwsimlibs\bullet\sdurwsim_bullet.vcxproj]
D:\10_Source_Repos\21_robot\acc-t17-r2-repro\RobWork\RobWorkSim\src\rwsimlibs\bullet\BtSimulator.cpp(328,74): warning C4244:             T=double [D:\10_Source_Repos\21_robot\acc-t17-r2-repro\build\RobWorkSim\src\rwsimlibs\bullet\sdurwsim_bullet.vcxproj]
D:\10_Source_Repos\21_robot\acc-t17-r2-repro\RobWork\RobWorkSim\src\rwsimlibs\bullet\BtSimulator.cpp(328,74): warning C4244:         ] [D:\10_Source_Repos\21_robot\acc-t17-r2-repro\build\RobWorkSim\src\rwsimlibs\bullet\sdurwsim_bullet.vcxproj]
D:\10_Source_Repos\21_robot\acc-t17-r2-repro\RobWork\RobWorkSim\src\rwsimlibs\bullet\BtSimulator.cpp(331,35): warning C4244: “=”: 从“const T”转换到“btScalar”，可能丢失数据 [D:\10_Source_Repos\21_robot\acc-t17-r2-repro\build\RobWorkSim\src\rwsimlibs\bullet\sdurwsim_bullet.vcxproj]
D:\10_Source_Repos\21_robot\acc-t17-r2-repro\RobWork\RobWorkSim\src\rwsimlibs\bullet\BtSimulator.cpp(331,35): warning C4244:         with [D:\10_Source_Repos\21_robot\acc-t17-r2-repro\build\RobWorkSim\src\rwsimlibs\bullet\sdurwsim_bullet.vcxproj]
D:\10_Source_Repos\21_robot\acc-t17-r2-repro\RobWork\RobWorkSim\src\rwsimlibs\bullet\BtSimulator.cpp(331,35): warning C4244:         [ [D:\10_Source_Repos\21_robot\acc-t17-r2-repro\build\RobWorkSim\src\rwsimlibs\bullet\sdurwsim_bullet.vcxproj]
D:\10_Source_Repos\21_robot\acc-t17-r2-repro\RobWork\RobWorkSim\src\rwsimlibs\bullet\BtSimulator.cpp(331,35): warning C4244:             T=double [D:\10_Source_Repos\21_robot\acc-t17-r2-repro\build\RobWorkSim\src\rwsimlibs\bullet\sdurwsim_bullet.vcxproj]
D:\10_Source_Repos\21_robot\acc-t17-r2-repro\RobWork\RobWorkSim\src\rwsimlibs\bullet\BtSimulator.cpp(331,35): warning C4244:         ] [D:\10_Source_Repos\21_robot\acc-t17-r2-repro\build\RobWorkSim\src\rwsimlibs\bullet\sdurwsim_bullet.vcxproj]
  Auto build dll exports
    正在创建库 D:/10_Source_Repos/21_robot/acc-t17-r2-repro/build/RobWorkSim/libs/Release/sdurwsim_bullet.lib 和对象 D:/10_Source_Repos/21_robot/acc-t17-r2-repro/build/RobWorkSim/libs/Release/sdurwsim_bullet.exp
  sdurwsim_bullet.vcxproj -> D:\10_Source_Repos\21_robot\acc-t17-r2-repro\build\RobWorkSim\bin\Release\sdurwsim_bullet.dll
  Automatic MOC and UIC for target bt_plugin.rwplugin
  Building Custom Rule D:/10_Source_Repos/21_robot/acc-t17-r2-repro/RobWork/RobWorkSim/src/rwsimlibs/bullet/CMakeLists.txt
  BtPlugin.cpp
  mocs_compilation_Release.cpp
    正在创建库 D:/10_Source_Repos/21_robot/acc-t17-r2-repro/build/RobWorkSim/bin/Release/bt_plugin.rwplugin.lib 和对象 D:/10_Source_Repos/21_robot/acc-t17-r2-repro/build/RobWorkSim/bin/Release/bt_plugin.rwplugin.exp
  bt_plugin.rwplugin.vcxproj -> D:\10_Source_Repos\21_robot\acc-t17-r2-repro\build\RobWorkSim\bin\Release\bt_plugin.rwplugin.dll
    正在创建库 D:/10_Source_Repos/21_robot/acc-t17-r2-repro/build/RobWorkSim/libs/Release/RWSimulatorPlugin.lib 和对象 D:/10_Source_Repos/21_robot/acc-t17-r2-repro/build/RobWorkSim/libs/Release/RWSimulatorPlugin.exp
  RWSimulatorPlugin.vcxproj -> D:\10_Source_Repos\21_robot\acc-t17-r2-repro\build\RobWorkSim\libs\Release\RWSimulatorPlugin.dll
  D:\10_Source_Repos\21_robot\RobWork\vcpkg\installed\x64-windows\bin\boost_filesystem-vc143-mt-x64-1_92.dll -> D:\10_Source_Repos\21_robot\acc-t17-r2-repro\build\RobWorkSim\libs\Release\boost_filesystem-vc143-mt-x64-1_92.dll done
  Automatic MOC and UIC for target sdurwsim_gui
  1>Automatic RCC for resources.qrc
  Building Custom Rule D:/10_Source_Repos/21_robot/acc-t17-r2-repro/RobWork/RobWorkSim/src/rwsimlibs/gui/CMakeLists.txt
  ContactTableWidget.cpp
  JointControlDialog.cpp
  JogGroup.cpp
  BodyControllerWidget.cpp
  RestingPoseDialog.cpp
  GraspSelectionDialog.cpp
  GraspRestingPoseDialog.cpp
  SupportPoseAnalyserDialog.cpp
  GLViewRW.cpp
  CreateEngineDialog.cpp
  SimCfgDialog.cpp
  TactileSensorDialog.cpp
  SimulatorLogModel.cpp
  SimulatorLogEntryWidget.cpp
  SimulatorLogWidget.cpp
  BodyMotionWidget.cpp
  CollisionResultWidget.cpp
  DistanceMultiResultWidget.cpp
  DistanceResultWidget.cpp
  ConstraintWidget.cpp
  ForceTorqueWidget.cpp
  ContactSetWidget.cpp
  ContactVelocitiesWidget.cpp
  EquationSystemWidget.cpp
  LogValuesWidget.cpp
  LogMessageWidget.cpp
  SimulatorStatisticsWidget.cpp
  MathematicaPlotWidget.cpp
  mocs_compilation_Release.cpp
  qrc_resources_Release.cpp
D:\10_Source_Repos\21_robot\acc-t17-r2-repro\RobWork\RobWorkSim\src\rwsimlibs\gui\RestingPoseDialog.cpp(210,17): warning C4996: 'sprintf': This function or variable may be unsafe. Consider using sprintf_s instead. To disable deprecation, use _CRT_SECURE_NO_WARNINGS. See online help for details. [D:\10_Source_Repos\21_robot\acc-t17-r2-repro\build\RobWorkSim\src\rwsimlibs\gui\sdurwsim_gui.vcxproj]
D:\10_Source_Repos\21_robot\acc-t17-r2-repro\RobWork\RobWorkSim\src\rwsimlibs\gui\GraspRestingPoseDialog.cpp(1082,22): warning C4996: 'sprintf': This function or variable may be unsafe. Consider using sprintf_s instead. To disable deprecation, use _CRT_SECURE_NO_WARNINGS. See online help for details. [D:\10_Source_Repos\21_robot\acc-t17-r2-repro\build\RobWorkSim\src\rwsimlibs\gui\sdurwsim_gui.vcxproj]
  Auto build dll exports
    正在创建库 D:/10_Source_Repos/21_robot/acc-t17-r2-repro/build/RobWorkSim/libs/Release/sdurwsim_gui.lib 和对象 D:/10_Source_Repos/21_robot/acc-t17-r2-repro/build/RobWorkSim/libs/Release/sdurwsim_gui.exp
  sdurwsim_gui.vcxproj -> D:\10_Source_Repos\21_robot\acc-t17-r2-repro\build\RobWorkSim\bin\Release\sdurwsim_gui.dll
  D:\10_Source_Repos\21_robot\RobWork\vcpkg\installed\x64-windows\bin\boost_filesystem-vc143-mt-x64-1_92.dll -> D:\10_Source_Repos\21_robot\acc-t17-r2-repro\build\RobWorkSim\bin\Release\boost_filesystem-vc143-mt-x64-1_92.dll done
  Automatic MOC and UIC for target SimUtilityPlugin
  1>Automatic RCC for resources.qrc
  Building Custom Rule D:/10_Source_Repos/21_robot/acc-t17-r2-repro/RobWork/RobWorkSim/src/rwsimlibs/plugins/CMakeLists.txt
  SimUtilityPlugin.cpp
  mocs_compilation_Release.cpp
  qrc_resources_Release.cpp
    正在创建库 D:/10_Source_Repos/21_robot/acc-t17-r2-repro/build/RobWorkSim/libs/Release/SimUtilityPlugin.lib 和对象 D:/10_Source_Repos/21_robot/acc-t17-r2-repro/build/RobWorkSim/libs/Release/SimUtilityPlugin.exp
  SimUtilityPlugin.vcxproj -> D:\10_Source_Repos\21_robot\acc-t17-r2-repro\build\RobWorkSim\libs\Release\SimUtilityPlugin.dll
  Automatic MOC and UIC for target GraspTableGeneratorPlugin
  1>Automatic RCC for resources.qrc
  Building Custom Rule D:/10_Source_Repos/21_robot/acc-t17-r2-repro/RobWork/RobWorkSim/src/rwsimlibs/plugins/CMakeLists.txt
  GraspTableGeneratorPlugin.cpp
  mocs_compilation_Release.cpp
  qrc_resources_Release.cpp
    正在创建库 D:/10_Source_Repos/21_robot/acc-t17-r2-repro/build/RobWorkSim/libs/Release/GraspTableGeneratorPlugin.lib 和对象 D:/10_Source_Repos/21_robot/acc-t17-r2-repro/build/RobWorkSim/libs/Release/GraspTableGeneratorPlugin.exp
  GraspTableGeneratorPlugin.vcxproj -> D:\10_Source_Repos\21_robot\acc-t17-r2-repro\build\RobWorkSim\libs\Release\GraspTableGeneratorPlugin.dll
  D:\10_Source_Repos\21_robot\RobWork\vcpkg\installed\x64-windows\bin\boost_thread-vc143-mt-x64-1_92.dll -> D:\10_Source_Repos\21_robot\acc-t17-r2-repro\build\RobWorkSim\libs\Release\boost_thread-vc143-mt-x64-1_92.dll done
  Automatic MOC and UIC for target RWSimPlugin
  1>Automatic RCC for ../../gfx/RWSimPlugin.qrc
  Building Custom Rule D:/10_Source_Repos/21_robot/acc-t17-r2-repro/RobWork/RobWorkSim/src/rwsimlibs/plugins/CMakeLists.txt
  RWSimPlugin.cpp
  mocs_compilation_Release.cpp
  qrc_RWSimPlugin_Release.cpp
    正在创建库 D:/10_Source_Repos/21_robot/acc-t17-r2-repro/build/RobWorkSim/libs/Release/RWSimPlugin.lib 和对象 D:/10_Source_Repos/21_robot/acc-t17-r2-repro/build/RobWorkSim/libs/Release/RWSimPlugin.exp
  RWSimPlugin.vcxproj -> D:\10_Source_Repos\21_robot\acc-t17-r2-repro\build\RobWorkSim\libs\Release\RWSimPlugin.dll
  Automatic MOC and UIC for target SimTaskPlugin
  2>Automatic RCC for ../../gfx/SimTaskPlugin.qrc
  1>Automatic RCC for resources.qrc
  Building Custom Rule D:/10_Source_Repos/21_robot/acc-t17-r2-repro/RobWork/RobWorkSim/src/rwsimlibs/plugins/CMakeLists.txt
  SimTaskPlugin.cpp
  mocs_compilation_Release.cpp
  qrc_resources_Release.cpp
  qrc_SimTaskPlugin_Release.cpp
    正在创建库 D:/10_Source_Repos/21_robot/acc-t17-r2-repro/build/RobWorkSim/libs/Release/SimTaskPlugin.lib 和对象 D:/10_Source_Repos/21_robot/acc-t17-r2-repro/build/RobWorkSim/libs/Release/SimTaskPlugin.exp
  SimTaskPlugin.vcxproj -> D:\10_Source_Repos\21_robot\acc-t17-r2-repro\build\RobWorkSim\libs\Release\SimTaskPlugin.dll
  Automatic MOC and UIC for target sdurwsim_test
  Building Custom Rule D:/10_Source_Repos/21_robot/acc-t17-r2-repro/RobWork/RobWorkSim/src/rwsimlibs/test/CMakeLists.txt
  DynamicWorkCellBuilder.cpp
  EngineTest.cpp
  IntegratorTest.cpp
  IntegratorGravityTest.cpp
  IntegratorRotationTest.cpp
  IntegratorSpringTest.cpp
  mocs_compilation_Release.cpp
  Auto build dll exports
    正在创建库 D:/10_Source_Repos/21_robot/acc-t17-r2-repro/build/RobWorkSim/libs/Release/sdurwsim_test.lib 和对象 D:/10_Source_Repos/21_robot/acc-t17-r2-repro/build/RobWorkSim/libs/Release/sdurwsim_test.exp
  sdurwsim_test.vcxproj -> D:\10_Source_Repos\21_robot\acc-t17-r2-repro\build\RobWorkSim\bin\Release\sdurwsim_test.dll
  Automatic MOC and UIC for target EngineTestPlugin
  1>Automatic RCC for resources.qrc
  Building Custom Rule D:/10_Source_Repos/21_robot/acc-t17-r2-repro/RobWork/RobWorkSim/src/rwsimlibs/plugins/CMakeLists.txt
  EngineTestPlugin.cpp
  mocs_compilation_Release.cpp
  qrc_resources_Release.cpp
  Please define _WIN32_WINNT or _WIN32_WINDOWS appropriately. For example:
  - add -D_WIN32_WINNT=0x0601 to the compiler command line; or
  - add _WIN32_WINNT=0x0601 to your project's Preprocessor Definitions.
  Assuming _WIN32_WINNT=0x0601 (i.e. Windows 7 target).
    正在创建库 D:/10_Source_Repos/21_robot/acc-t17-r2-repro/build/RobWorkSim/libs/Release/EngineTestPlugin.lib 和对象 D:/10_Source_Repos/21_robot/acc-t17-r2-repro/build/RobWorkSim/libs/Release/EngineTestPlugin.exp
  EngineTestPlugin.vcxproj -> D:\10_Source_Repos\21_robot\acc-t17-r2-repro\build\RobWorkSim\libs\Release\EngineTestPlugin.dll
  Automatic MOC for target QCodeEditor
  Automatic MOC for target sdurws_ird_core_test
  Automatic MOC for target sdurws_ird_diagnostics_test
  Automatic MOC and UIC for target SimulatorLogViewer
  Automatic MOC for target sdurws_ird_testkit
  Building Custom Rule D:/10_Source_Repos/21_robot/acc-t17-r2-repro/RobWork/RobWork/src/rwlibs/pathoptimization/CMakeLists.txt
  Building Custom Rule D:/10_Source_Repos/21_robot/acc-t17-r2-repro/RobWork/RobWork/src/rwlibs/calibration/CMakeLists.txt
  Automatic MOC for target sdurws_jog
  Building Custom Rule D:/10_Source_Repos/21_robot/acc-t17-r2-repro/RobWork/RobWorkStudio/src/rwslibs/industrialrobot/core/CMakeLists.txt
  Automatic MOC for target sdurws_log
  Building Custom Rule D:/10_Source_Repos/21_robot/acc-t17-r2-repro/RobWork/RobWorkStudio/src/rwslibs/industrialrobot/diagnostics/CMakeLists.txt
  Automatic MOC for target sdurws_playback
  Building Custom Rule D:/10_Source_Repos/21_robot/acc-t17-r2-repro/RobWork/RobWorkStudio/src/rwslibs/industrialrobot/testkit/CMakeLists.txt
  XmlCalibrationLoader.cpp
  XmlCalibrationSaver.cpp
  Calibration.cpp
  ClearanceOptimizer.cpp
  ClearanceCalculator.cpp
  FixedFrameCalibration.cpp
  WorkCellCalibration.cpp
  MinimumClearanceCalculator.cpp
  PathLengthOptimizer.cpp
  BuildRedLineTest.cpp
  IdentityTest.cpp
  DigestTest.cpp
  ConventionValueSemanticsTest.cpp
  ProvenanceTest.cpp
  UnitsTest.cpp
  CompareTest.cpp
  EvaluationTest.cpp
  DiagDataTest.cpp
  EventsTest.cpp
  mocs_compilation_Release.cpp
  BuildRedLineTest.cpp
  StableCodeRegistryTest.cpp
  CatalogFactoryTest.cpp
  CatalogLifecycleTest.cpp
  ConfirmableTest.cpp
  AggregationTest.cpp
  LoggingTest.cpp
  RedactionTest.cpp
  TestPaths.cpp
  CollaborationQueryTest.cpp
  JsonLite.cpp
  Fault.cpp
  Dataset.cpp
  ToleranceProfile.cpp
  Check.cpp
  ContractCheck.cpp
  Fixture.cpp
  Report.cpp
  mocs_compilation_Release.cpp
  ProcessRunner.cpp
  mocs_compilation_Release.cpp
  1>Automatic RCC for resources.qrc
  1>Automatic RCC for resources/qcodeeditor_resources.qrc
  Generating qrc_resources.cpp
  Generating qrc_resources.cpp
  Building Custom Rule D:/10_Source_Repos/21_robot/acc-t17-r2-repro/RobWork/RobWorkSim/src/rwsimlibs/tools/CMakeLists.txt
  Building Custom Rule D:/10_Source_Repos/21_robot/acc-t17-r2-repro/RobWork/RobWorkStudio/src/rwslibs/jog/CMakeLists.txt
  Generating qrc_playback_resources.cpp
  Building Custom Rule D:/10_Source_Repos/21_robot/acc-t17-r2-repro/RobWork/RobWorkStudio/ext/QCodeEditor/CMakeLists.txt
  Building Custom Rule D:/10_Source_Repos/21_robot/acc-t17-r2-repro/RobWork/RobWorkStudio/src/rwslibs/log/CMakeLists.txt
  Building Custom Rule D:/10_Source_Repos/21_robot/acc-t17-r2-repro/RobWork/RobWorkStudio/src/rwslibs/playback/CMakeLists.txt
  SimulatorLogViewer.cpp
  mocs_compilation_Release.cpp
  qrc_resources_Release.cpp
  Jog.cpp
  SliderTab.cpp
  qrc_resources.cpp
  mocs_compilation_Release.cpp
  Automatic MOC for target sdurws_propertyview
  QCodeEditor.cpp
  QLineNumberArea.cpp
  QCXXHighlighter.cpp
  QSyntaxStyle.cpp
  QStyleSyntaxHighlighter.cpp
  QGLSLCompleter.cpp
  QGLSLHighlighter.cpp
  QLanguage.cpp
  QXMLHighlighter.cpp
  QJSONHighlighter.cpp
  QLuaCompleter.cpp
  QLuaHighlighter.cpp
  QPythonCompleter.cpp
  QPythonHighlighter.cpp
  QFramedTextAttribute.cpp
  mocs_compilation_Release.cpp
  qrc_qcodeeditor_resources_Release.cpp
  ShowLog.cpp
  qrc_resources.cpp
  mocs_compilation_Release.cpp
  PlayBack.cpp
  Player.cpp
  StateDraw.cpp
  PlayBackSettings.cpp
  qrc_playback_resources.cpp
  mocs_compilation_Release.cpp
  Auto build dll exports
  sdurws_ird_testkit.vcxproj -> D:\10_Source_Repos\21_robot\acc-t17-r2-repro\build\RobWorkStudio\libs\Release\sdurws_ird_testkit.lib
  sdurws_ird_core_test.vcxproj -> D:\10_Source_Repos\21_robot\acc-t17-r2-repro\build\RobWorkStudio\bin\Release\sdurws_ird_core_test.exe
  Auto build dll exports
    正在创建库 D:/10_Source_Repos/21_robot/acc-t17-r2-repro/build/RobWork/libs/Release/sdurw_pathoptimization.lib 和对象 D:/10_Source_Repos/21_robot/acc-t17-r2-repro/build/RobWork/libs/Release/sdurw_pathoptimization.exp
  Generating qrc_resources.cpp
  D:\10_Source_Repos\21_robot\RobWork\vcpkg\installed\x64-windows\bin\gtest_main.dll -> D:\10_Source_Repos\21_robot\acc-t17-r2-repro\build\RobWorkStudio\bin\Release\gtest_main.dll done
  D:\10_Source_Repos\21_robot\RobWork\vcpkg\installed\x64-windows\bin\gtest.dll -> D:\10_Source_Repos\21_robot\acc-t17-r2-repro\build\RobWorkStudio\bin\Release\gtest.dll done
  Building Custom Rule D:/10_Source_Repos/21_robot/acc-t17-r2-repro/RobWork/RobWorkStudio/src/rwslibs/propertyview/CMakeLists.txt
  sdurw_pathoptimization.vcxproj -> D:\10_Source_Repos\21_robot\acc-t17-r2-repro\build\RobWork\bin\Release\sdurw_pathoptimization.dll
    正在创建库 D:/10_Source_Repos/21_robot/acc-t17-r2-repro/build/RobWork/libs/Release/sdurw_calibration.lib 和对象 D:/10_Source_Repos/21_robot/acc-t17-r2-repro/build/RobWork/libs/Release/sdurw_calibration.exp
  sdurws_ird_diagnostics_test.vcxproj -> D:\10_Source_Repos\21_robot\acc-t17-r2-repro\build\RobWorkStudio\bin\Release\sdurws_ird_diagnostics_test.exe
  PropertyView.cpp
  qrc_resources.cpp
  mocs_compilation_Release.cpp
  sdurw_calibration.vcxproj -> D:\10_Source_Repos\21_robot\acc-t17-r2-repro\build\RobWork\bin\Release\sdurw_calibration.dll
  Automatic MOC for target sdurws_sensors
  Automatic MOC for target sdurws_treeview
  Automatic MOC for target sdurws_workcelleditor
  Automatic MOC for target sdurws_ird_evidence
  Building Custom Rule D:/10_Source_Repos/21_robot/acc-t17-r2-repro/RobWork/RobWorkStudio/src/rwslibs/industrialrobot/evidence/CMakeLists.txt
  QCodeEditor.vcxproj -> D:\10_Source_Repos\21_robot\acc-t17-r2-repro\build\RobWorkStudio\libs\Release\QCodeEditor.lib
  Generating ui_WorkcellEditorWindow.h
  Evidence.cpp
  Errors.cpp
  Snapshot.cpp
  Slice.cpp
  Verdict.cpp
  Envelope.cpp
  Currentness.cpp
  Compatibility.cpp
  Evaluator.cpp
  mocs_compilation_Release.cpp
  Building Custom Rule D:/10_Source_Repos/21_robot/acc-t17-r2-repro/RobWork/RobWorkStudio/src/rwslibs/workcelleditor/CMakeLists.txt
  Generating ui_SensorsPlugin.h
  Generating qrc_resources.cpp
  Automatic MOC for target sdurws_ird_io
  Building Custom Rule D:/10_Source_Repos/21_robot/acc-t17-r2-repro/RobWork/RobWorkStudio/src/rwslibs/sensors/CMakeLists.txt
  Generating qrc_resources.cpp
  WorkcellEditorWindow.cpp
  WorkcellHighlighter.cpp
  WCCodeEditor.cpp
  WCECompleter.cpp
  InputFormDialog.cpp
  SetColorButton.cpp
  FileDialogButton.cpp
  Building Custom Rule D:/10_Source_Repos/21_robot/acc-t17-r2-repro/RobWork/RobWorkStudio/src/rwslibs/treeview/CMakeLists.txt
  mocs_compilation_Release.cpp
D:\10_Source_Repos\21_robot\acc-t17-r2-repro\RobWork\RobWork\src\rw\common\INIArchive.hpp(257,21): warning C4996: 'sscanf': This function or variable may be unsafe. Consider using sscanf_s instead. To disable deprecation, use _CRT_SECURE_NO_WARNINGS. See online help for details. [D:\10_Source_Repos\21_robot\acc-t17-r2-repro\build\RobWorkSim\src\rwsimlibs\tools\SimulatorLogViewer.vcxproj]
  Sensors.cpp
  SensorView.cpp
  qrc_resources.cpp
  mocs_compilation_Release.cpp
  Building Custom Rule D:/10_Source_Repos/21_robot/acc-t17-r2-repro/RobWork/RobWorkStudio/src/rwslibs/industrialrobot/io/CMakeLists.txt
  TreeView.cpp
  qrc_resources.cpp
  mocs_compilation_Release.cpp
  (编译源文件“../../../../../RobWork/RobWorkSim/src/rwsimlibs/tools/SimulatorLogViewer.cpp”)
  
D:\10_Source_Repos\21_robot\acc-t17-r2-repro\RobWork\RobWork\src\rw\common\INIArchive.hpp(258,21): warning C4996: 'sscanf': This function or variable may be unsafe. Consider using sscanf_s instead. To disable deprecation, use _CRT_SECURE_NO_WARNINGS. See online help for details. [D:\10_Source_Repos\21_robot\acc-t17-r2-repro\build\RobWorkSim\src\rwsimlibs\tools\SimulatorLogViewer.vcxproj]
  (编译源文件“../../../../../RobWork/RobWorkSim/src/rwsimlibs/tools/SimulatorLogViewer.cpp”)
  
  Io.cpp
  SafePath.cpp
  Budget.cpp
  IoDiagnostics.cpp
  Csv.cpp
  Json.cpp
  ZipChannel.cpp
  ResourceIo.cpp
  TempArea.cpp
  AtomicFile.cpp
  Package.cpp
  mocs_compilation_Release.cpp
  sdurws_log.vcxproj -> D:\10_Source_Repos\21_robot\acc-t17-r2-repro\build\RobWorkStudio\libs\Release\sdurws_log.lib
  Automatic MOC for target sdurws_ird_policy
  Automatic MOC for target sdurws_ird_runtime
D:\10_Source_Repos\21_robot\acc-t17-r2-repro\RobWork\RobWorkStudio\src\rwslibs\workcelleditor\WCCodeEditor.cpp(263,43): warning C4996: 'QString::count': Use size() or length() instead. [D:\10_Source_Repos\21_robot\acc-t17-r2-repro\build\RobWorkStudio\src\rwslibs\workcelleditor\sdurws_workcelleditor.vcxproj]
  sdurws_ird_evidence.vcxproj -> D:\10_Source_Repos\21_robot\acc-t17-r2-repro\build\RobWorkStudio\libs\Release\sdurws_ird_evidence.lib
D:\10_Source_Repos\21_robot\acc-t17-r2-repro\RobWork\RobWorkStudio\src\rwslibs\workcelleditor\InputFormDialog.cpp(281,28): warning C4996: 'QVariant::Type': Use QMetaType::Type instead. [D:\10_Source_Repos\21_robot\acc-t17-r2-repro\build\RobWorkStudio\src\rwslibs\workcelleditor\sdurws_workcelleditor.vcxproj]
      D:\software\QT\6.11.1\msvc2022_64\include\QtCore\qvariant.h(149,70):
      参见“QVariant::Type”的声明
  
D:\10_Source_Repos\21_robot\acc-t17-r2-repro\RobWork\RobWorkStudio\src\rwslibs\workcelleditor\InputFormDialog.cpp(286,28): warning C4996: 'QVariant::Type': Use QMetaType::Type instead. [D:\10_Source_Repos\21_robot\acc-t17-r2-repro\build\RobWorkStudio\src\rwslibs\workcelleditor\sdurws_workcelleditor.vcxproj]
      D:\software\QT\6.11.1\msvc2022_64\include\QtCore\qvariant.h(149,70):
      参见“QVariant::Type”的声明
  
D:\10_Source_Repos\21_robot\acc-t17-r2-repro\RobWork\RobWorkStudio\src\rwslibs\workcelleditor\InputFormDialog.cpp(291,28): warning C4996: 'QVariant::Type': Use QMetaType::Type instead. [D:\10_Source_Repos\21_robot\acc-t17-r2-repro\build\RobWorkStudio\src\rwslibs\workcelleditor\sdurws_workcelleditor.vcxproj]
      D:\software\QT\6.11.1\msvc2022_64\include\QtCore\qvariant.h(149,70):
      参见“QVariant::Type”的声明
  
D:\10_Source_Repos\21_robot\acc-t17-r2-repro\RobWork\RobWorkStudio\src\rwslibs\workcelleditor\InputFormDialog.cpp(296,28): warning C4996: 'QVariant::Type': Use QMetaType::Type instead. [D:\10_Source_Repos\21_robot\acc-t17-r2-repro\build\RobWorkStudio\src\rwslibs\workcelleditor\sdurws_workcelleditor.vcxproj]
      D:\software\QT\6.11.1\msvc2022_64\include\QtCore\qvariant.h(149,70):
      参见“QVariant::Type”的声明
  
D:\10_Source_Repos\21_robot\acc-t17-r2-repro\RobWork\RobWorkStudio\src\rwslibs\workcelleditor\InputFormDialog.cpp(301,28): warning C4996: 'QVariant::Type': Use QMetaType::Type instead. [D:\10_Source_Repos\21_robot\acc-t17-r2-repro\build\RobWorkStudio\src\rwslibs\workcelleditor\sdurws_workcelleditor.vcxproj]
      D:\software\QT\6.11.1\msvc2022_64\include\QtCore\qvariant.h(149,70):
      参见“QVariant::Type”的声明
  
D:\10_Source_Repos\21_robot\acc-t17-r2-repro\RobWork\RobWorkStudio\src\rwslibs\workcelleditor\InputFormDialog.cpp(315,28): warning C4996: 'QVariant::Type': Use QMetaType::Type instead. [D:\10_Source_Repos\21_robot\acc-t17-r2-repro\build\RobWorkStudio\src\rwslibs\workcelleditor\sdurws_workcelleditor.vcxproj]
      D:\software\QT\6.11.1\msvc2022_64\include\QtCore\qvariant.h(149,70):
      参见“QVariant::Type”的声明
  
D:\10_Source_Repos\21_robot\acc-t17-r2-repro\RobWork\RobWorkStudio\src\rwslibs\workcelleditor\InputFormDialog.cpp(348,28): warning C4996: 'QVariant::Type': Use QMetaType::Type instead. [D:\10_Source_Repos\21_robot\acc-t17-r2-repro\build\RobWorkStudio\src\rwslibs\workcelleditor\sdurws_workcelleditor.vcxproj]
      D:\software\QT\6.11.1\msvc2022_64\include\QtCore\qvariant.h(149,70):
      参见“QVariant::Type”的声明
  
D:\10_Source_Repos\21_robot\acc-t17-r2-repro\RobWork\RobWorkStudio\src\rwslibs\workcelleditor\InputFormDialog.cpp(355,28): warning C4996: 'QVariant::Type': Use QMetaType::Type instead. [D:\10_Source_Repos\21_robot\acc-t17-r2-repro\build\RobWorkStudio\src\rwslibs\workcelleditor\sdurws_workcelleditor.vcxproj]
      D:\software\QT\6.11.1\msvc2022_64\include\QtCore\qvariant.h(149,70):
      参见“QVariant::Type”的声明
  
  Building Custom Rule D:/10_Source_Repos/21_robot/acc-t17-r2-repro/RobWork/RobWorkStudio/src/rwslibs/industrialrobot/policy/CMakeLists.txt
  Building Custom Rule D:/10_Source_Repos/21_robot/acc-t17-r2-repro/RobWork/RobWorkStudio/src/rwslibs/industrialrobot/runtime/CMakeLists.txt
  sdurws_playback.vcxproj -> D:\10_Source_Repos\21_robot\acc-t17-r2-repro\build\RobWorkStudio\libs\Release\sdurws_playback.lib
  Automatic MOC for target sdurws_planning
  Policy.cpp
  Errors.cpp
  Diagnostics.cpp
  PolicyInput.cpp
  PolicyParsing.cpp
  PolicyPort.cpp
  CollisionEvaluator.cpp
  CollisionQuery.cpp
  RobWorkCollisionEvaluator.cpp
  JointLimits.cpp
  Compatibility.cpp
  mocs_compilation_Release.cpp
  Runtime.cpp
  Errors.cpp
  DescriptionValidator.cpp
  CanonicalModel.cpp
  Codec.cpp
  NameMap.cpp
  BaseWorldTransform.cpp
  WorkCellCompiler.cpp
  DynamicWorkCellCompiler.cpp
  Snapshot.cpp
  CacheKey.cpp
  CompilerImpl.cpp
  mocs_compilation_Release.cpp
  sdurws_jog.vcxproj -> D:\10_Source_Repos\21_robot\acc-t17-r2-repro\build\RobWorkStudio\libs\Release\sdurws_jog.lib
  sdurws_propertyview.vcxproj -> D:\10_Source_Repos\21_robot\acc-t17-r2-repro\build\RobWorkStudio\libs\Release\sdurws_propertyview.lib
  Automatic MOC for target sdurws_pythoneditor
  Automatic MOC for target sdurws_ird_testkit_prochelper
  Automatic MOC for target sdurws_ird_project_contract_test
  Generating qrc_resources.cpp
  Building Custom Rule D:/10_Source_Repos/21_robot/acc-t17-r2-repro/RobWork/RobWorkStudio/src/rwslibs/planning/CMakeLists.txt
  Building Custom Rule D:/10_Source_Repos/21_robot/acc-t17-r2-repro/RobWork/RobWorkStudio/src/rwslibs/industrialrobot/testkit/CMakeLists.txt
  Building Custom Rule D:/10_Source_Repos/21_robot/acc-t17-r2-repro/RobWork/RobWorkStudio/src/rwslibs/industrialrobot/project/CMakeLists.txt
  Automatic MOC for target sdurws_ird_testdata_lint
  main.cpp
  mocs_compilation_Release.cpp
D:\10_Source_Repos\21_robot\acc-t17-r2-repro\RobWork\RobWorkStudio\src\rwslibs\workcelleditor\WorkcellEditorWindow.cpp(394,62): warning C4305: “参数”: 从“double”到“float”截断 [D:\10_Source_Repos\21_robot\acc-t17-r2-repro\build\RobWorkStudio\src\rwslibs\workcelleditor\sdurws_workcelleditor.vcxproj]
D:\10_Source_Repos\21_robot\acc-t17-r2-repro\RobWork\RobWorkStudio\src\rwslibs\workcelleditor\WorkcellEditorWindow.cpp(394,57): warning C4305: “参数”: 从“double”到“float”截断 [D:\10_Source_Repos\21_robot\acc-t17-r2-repro\build\RobWorkStudio\src\rwslibs\workcelleditor\sdurws_workcelleditor.vcxproj]
D:\10_Source_Repos\21_robot\acc-t17-r2-repro\RobWork\RobWorkStudio\src\rwslibs\workcelleditor\WorkcellEditorWindow.cpp(394,52): warning C4305: “参数”: 从“double”到“float”截断 [D:\10_Source_Repos\21_robot\acc-t17-r2-repro\build\RobWorkStudio\src\rwslibs\workcelleditor\sdurws_workcelleditor.vcxproj]
  Building Custom Rule D:/10_Source_Repos/21_robot/acc-t17-r2-repro/RobWork/RobWorkStudio/src/rwslibs/industrialrobot/testkit/CMakeLists.txt
  Automatic MOC for target sdurws_ird_project_test
  #include <rw/common/Exception.hpp> is deprecated use #include <rw/core/Exception.hpp> instead
  Building Custom Rule D:/10_Source_Repos/21_robot/acc-t17-r2-repro/RobWork/RobWorkStudio/src/rwslibs/industrialrobot/project/CMakeLists.txt
  Generating qrc_resources_pyeditor.cpp
  Automatic MOC for target sdurws_ird_diagnostics_contract_test
  Generating qrc_rwstudio_resources.cpp
  sdurws_ird_io.vcxproj -> D:\10_Source_Repos\21_robot\acc-t17-r2-repro\build\RobWorkStudio\libs\Release\sdurws_ird_io.lib
  Automatic MOC for target sdurws_ird_io_test
  Building Custom Rule D:/10_Source_Repos/21_robot/acc-t17-r2-repro/RobWork/RobWorkStudio/src/rwslibs/industrialrobot/diagnostics/CMakeLists.txt
  Building Custom Rule D:/10_Source_Repos/21_robot/acc-t17-r2-repro/RobWork/RobWorkStudio/src/rwslibs/pythoneditor/CMakeLists.txt
  Building Custom Rule D:/10_Source_Repos/21_robot/acc-t17-r2-repro/RobWork/RobWorkStudio/src/rwslibs/industrialrobot/io/CMakeLists.txt
  Automatic MOC for target sdurws_ird_evidence_contract_test
  Automatic MOC for target sdurws_ird_io_contract_test
  Automatic MOC for target sdurws_ird_ui_app
  Building Custom Rule D:/10_Source_Repos/21_robot/acc-t17-r2-repro/RobWork/RobWorkStudio/src/rwslibs/industrialrobot/evidence/CMakeLists.txt
  Building Custom Rule D:/10_Source_Repos/21_robot/acc-t17-r2-repro/RobWork/RobWorkStudio/src/rwslibs/industrialrobot/io/CMakeLists.txt
  Automatic MOC for target sdurws_ird_evidence_test
  sdurws_ird_testkit_prochelper.vcxproj -> D:\10_Source_Repos\21_robot\acc-t17-r2-repro\build\RobWorkStudio\bin\Release\sdurws_ird_testkit_prochelper.exe
  Building Custom Rule D:/10_Source_Repos/21_robot/acc-t17-r2-repro/RobWork/RobWorkStudio/src/rwslibs/industrialrobot/ui/CMakeLists.txt
  Automatic MOC for target sdurws_ird_reporting
  LinkageContractTest.cpp
  LockContractTest.cpp
  CommandContractTest.cpp
  ArchiveContractTest.cpp
  ProcessCrashContractTest.cpp
  ProcessLockContractTest.cpp
  Tx2DiagnosticRecordContractTest.cpp
  Tx15Child.cpp
  StubHandlers.cpp
  mocs_compilation_Release.cpp
  Building Custom Rule D:/10_Source_Repos/21_robot/acc-t17-r2-repro/RobWork/RobWorkStudio/src/rwslibs/industrialrobot/evidence/CMakeLists.txt
  HarnessMain.cpp
  PortAdapters.cpp
  DiagnosticsAssembly.cpp
  mocs_compilation_Release.cpp
  Building Custom Rule D:/10_Source_Repos/21_robot/acc-t17-r2-repro/RobWork/RobWorkStudio/src/rwslibs/industrialrobot/reporting/CMakeLists.txt
  TestMainReport.cpp
  SafePathTest.cpp
  BudgetTest.cpp
  IoDiagnosticsTest.cpp
  CsvTest.cpp
  JsonTest.cpp
  ZipChannelTest.cpp
  ResourceIoTest.cpp
  ResourceSolidifyTest.cpp
  PackageTest.cpp
  mocs_compilation_Release.cpp
  BuildRedLineTest.cpp
  AtomicFileTest.cpp
  StoreLockTest.cpp
  PathCanonicalTest.cpp
  PersistenceFormatTest.cpp
  ObjectStoreTest.cpp
  RevisionIndexTest.cpp
  TxEngineTest.cpp
  ProjectStoreTest.cpp
  QueryPortTest.cpp
  CommandServiceTest.cpp
  DraftServiceTest.cpp
  UndoRedoServiceTest.cpp
  ArchiveServiceTest.cpp
  Tx11Tx13SuiteTest.cpp
  StubHandlers.cpp
  TestMainReport.cpp
  mocs_compilation_Release.cpp
D:\10_Source_Repos\21_robot\acc-t17-r2-repro\RobWork\RobWorkStudio\src\rwslibs\industrialrobot\project\test\ArchiveContractTest.cpp(383,26): warning C4834: 放弃具有 [[nodiscard]] 属性的函数的返回值 [D:\10_Source_Repos\21_robot\acc-t17-r2-repro\build\RobWorkStudio\src\rwslibs\industrialrobot\project\sdurws_ird_project_contract_test.vcxproj]
  main.cpp
  mocs_compilation_Release.cpp
D:\software\Microsoft Visual Studio\2022\Community\VC\Tools\MSVC\14.42.34433\include\xutility(4709,18): warning C4244: “=”: 从“const wchar_t”转换到“char”，可能丢失数据 [D:\10_Source_Repos\21_robot\acc-t17-r2-repro\build\RobWorkStudio\src\rwslibs\industrialrobot\project\sdurws_ird_project_contract_test.vcxproj]
  (编译源文件“../../../../../../RobWork/RobWorkStudio/src/rwslibs/industrialrobot/project/test/Tx15Child.cpp”)
      D:\software\Microsoft Visual Studio\2022\Community\VC\Tools\MSVC\14.42.34433\include\xutility(4709,18):
      模板实例化上下文(最早的实例化上下文)为
          D:\10_Source_Repos\21_robot\acc-t17-r2-repro\RobWork\RobWorkStudio\src\rwslibs\industrialrobot\project\test\Tx15Child.cpp(301,27):
          查看对正在编译的函数 模板 实例化“std::basic_string<char,std::char_traits<char>,std::allocator<char>>::basic_string<std::_String_const_iterator<std::_String_val<std::_Simple_types<_Elem>>>,0>(_Iter,_Iter,const _Alloc &)”的引用
          with
          [
              _Elem=wchar_t,
              _Iter=std::_String_const_iterator<std::_String_val<std::_Simple_types<wchar_t>>>,
              _Alloc=std::allocator<char>
          ]
              D:\10_Source_Repos\21_robot\acc-t17-r2-repro\RobWork\RobWorkStudio\src\rwslibs\industrialrobot\project\test\Tx15Child.cpp(301,27):
              请参阅 "sdurws::ird::project::tx15::`anonymous-namespace'::runCrashCommitChild" 中对 "std::basic_string<char,std::char_traits<char>,std::allocator<char>>::basic_string" 的第一个引用
          D:\software\Microsoft Visual Studio\2022\Community\VC\Tools\MSVC\14.42.34433\include\xstring(793,17):
          查看对正在编译的函数 模板 实例化“void std::basic_string<char,std::char_traits<char>,std::allocator<char>>::_Construct_from_iter<const wchar_t*,const wchar_t*,_Size_type>(_Iter,const _Sent,_Size)”的引用
          with
          [
              _Size_type=unsigned __int64,
              _Iter=const wchar_t *,
              _Sent=const wchar_t *,
              _Size=unsigned __int64
          ]
          D:\software\Microsoft Visual Studio\2022\Community\VC\Tools\MSVC\14.42.34433\include\xstring(949,18):
          查看对正在编译的函数 模板 实例化“_OutIt *std::_Copy_n_unchecked4<const wchar_t*,_Size,char*>(_InIt,_SizeTy,_OutIt)”的引用
          with
          [
              _OutIt=char *,
              _Size=unsigned __int64,
              _InIt=const wchar_t *,
              _SizeTy=unsigned __int64
          ]
  
D:\10_Source_Repos\21_robot\acc-t17-r2-repro\RobWork\RobWorkStudio\src\rwslibs\industrialrobot\project\test\ArchiveServiceTest.cpp(416,31): warning C4834: 放弃具有 [[nodiscard]] 属性的函数的返回值 [D:\10_Source_Repos\21_robot\acc-t17-r2-repro\build\RobWorkStudio\src\rwslibs\industrialrobot\project\sdurws_ird_project_test.vcxproj]
D:\10_Source_Repos\21_robot\acc-t17-r2-repro\RobWork\RobWorkStudio\src\rwslibs\industrialrobot\project\test\ArchiveServiceTest.cpp(424,33): warning C4834: 放弃具有 [[nodiscard]] 属性的函数的返回值 [D:\10_Source_Repos\21_robot\acc-t17-r2-repro\build\RobWorkStudio\src\rwslibs\industrialrobot\project\sdurws_ird_project_test.vcxproj]
D:\10_Source_Repos\21_robot\acc-t17-r2-repro\RobWork\RobWorkStudio\src\rwslibs\industrialrobot\project\test\ArchiveServiceTest.cpp(683,33): warning C4834: 放弃具有 [[nodiscard]] 属性的函数的返回值 [D:\10_Source_Repos\21_robot\acc-t17-r2-repro\build\RobWorkStudio\src\rwslibs\industrialrobot\project\sdurws_ird_project_test.vcxproj]
D:\10_Source_Repos\21_robot\acc-t17-r2-repro\RobWork\RobWorkStudio\src\rwslibs\industrialrobot\project\test\ArchiveServiceTest.cpp(835,36): warning C4834: 放弃具有 [[nodiscard]] 属性的函数的返回值 [D:\10_Source_Repos\21_robot\acc-t17-r2-repro\build\RobWorkStudio\src\rwslibs\industrialrobot\project\sdurws_ird_project_test.vcxproj]
D:\10_Source_Repos\21_robot\acc-t17-r2-repro\RobWork\RobWorkStudio\src\rwslibs\industrialrobot\project\test\ArchiveServiceTest.cpp(845,31): warning C4834: 放弃具有 [[nodiscard]] 属性的函数的返回值 [D:\10_Source_Repos\21_robot\acc-t17-r2-repro\build\RobWorkStudio\src\rwslibs\industrialrobot\project\sdurws_ird_project_test.vcxproj]
  SimulatorLogViewer.vcxproj -> D:\10_Source_Repos\21_robot\acc-t17-r2-repro\build\RobWorkSim\bin\Release\SimulatorLogViewer.exe
D:\software\Microsoft Visual Studio\2022\Community\VC\Tools\MSVC\14.42.34433\include\xutility(4709,18): warning C4244: “=”: 从“const wchar_t”转换到“char”，可能丢失数据 [D:\10_Source_Repos\21_robot\acc-t17-r2-repro\build\RobWorkStudio\src\rwslibs\industrialrobot\project\sdurws_ird_project_test.vcxproj]
  (编译源文件“../../../../../../RobWork/RobWorkStudio/src/rwslibs/industrialrobot/project/test/PathCanonicalTest.cpp”)
      D:\software\Microsoft Visual Studio\2022\Community\VC\Tools\MSVC\14.42.34433\include\xutility(4709,18):
      模板实例化上下文(最早的实例化上下文)为
          D:\10_Source_Repos\21_robot\acc-t17-r2-repro\RobWork\RobWorkStudio\src\rwslibs\industrialrobot\project\test\PathCanonicalTest.cpp(150,27):
          查看对正在编译的函数 模板 实例化“std::basic_string<char,std::char_traits<char>,std::allocator<char>>::basic_string<std::_String_const_iterator<std::_String_val<std::_Simple_types<_Elem>>>,0>(_Iter,_Iter,const _Alloc &)”的引用
          with
          [
              _Elem=wchar_t,
              _Iter=std::_String_const_iterator<std::_String_val<std::_Simple_types<wchar_t>>>,
              _Alloc=std::allocator<char>
          ]
              D:\10_Source_Repos\21_robot\acc-t17-r2-repro\RobWork\RobWorkStudio\src\rwslibs\industrialrobot\project\test\PathCanonicalTest.cpp(148,9):
              请参阅 "PathCanonicalTest_SameProject_DifferentSpellings_CanonicalizeEqual_Test::TestBody" 中对 "std::basic_string<char,std::char_traits<char>,std::allocator<char>>::basic_string" 的第一个引用
          D:\software\Microsoft Visual Studio\2022\Community\VC\Tools\MSVC\14.42.34433\include\xstring(793,17):
          查看对正在编译的函数 模板 实例化“void std::basic_string<char,std::char_traits<char>,std::allocator<char>>::_Construct_from_iter<const wchar_t*,const wchar_t*,_Size_type>(_Iter,const _Sent,_Size)”的引用
          with
          [
              _Size_type=unsigned __int64,
              _Iter=const wchar_t *,
              _Sent=const wchar_t *,
              _Size=unsigned __int64
          ]
          D:\software\Microsoft Visual Studio\2022\Community\VC\Tools\MSVC\14.42.34433\include\xstring(949,18):
          查看对正在编译的函数 模板 实例化“_OutIt *std::_Copy_n_unchecked4<const wchar_t*,_Size,char*>(_InIt,_SizeTy,_OutIt)”的引用
          with
          [
              _OutIt=char *,
              _Size=unsigned __int64,
              _InIt=const wchar_t *,
              _SizeTy=unsigned __int64
          ]
  
D:\10_Source_Repos\21_robot\acc-t17-r2-repro\RobWork\RobWorkStudio\src\rwslibs\industrialrobot\project\test\DraftServiceTest.cpp(420,23): warning C4834: 放弃具有 [[nodiscard]] 属性的函数的返回值 [D:\10_Source_Repos\21_robot\acc-t17-r2-repro\build\RobWorkStudio\src\rwslibs\industrialrobot\project\sdurws_ird_project_test.vcxproj]
D:\10_Source_Repos\21_robot\acc-t17-r2-repro\RobWork\RobWorkStudio\src\rwslibs\industrialrobot\project\test\DraftServiceTest.cpp(473,23): warning C4834: 放弃具有 [[nodiscard]] 属性的函数的返回值 [D:\10_Source_Repos\21_robot\acc-t17-r2-repro\build\RobWorkStudio\src\rwslibs\industrialrobot\project\sdurws_ird_project_test.vcxproj]
D:\10_Source_Repos\21_robot\acc-t17-r2-repro\RobWork\RobWorkStudio\src\rwslibs\industrialrobot\project\test\DraftServiceTest.cpp(799,23): warning C4834: 放弃具有 [[nodiscard]] 属性的函数的返回值 [D:\10_Source_Repos\21_robot\acc-t17-r2-repro\build\RobWorkStudio\src\rwslibs\industrialrobot\project\sdurws_ird_project_test.vcxproj]
D:\10_Source_Repos\21_robot\acc-t17-r2-repro\RobWork\RobWorkStudio\src\rwslibs\industrialrobot\project\test\DraftServiceTest.cpp(1010,9): warning C4834: 放弃具有 [[nodiscard]] 属性的函数的返回值 [D:\10_Source_Repos\21_robot\acc-t17-r2-repro\build\RobWorkStudio\src\rwslibs\industrialrobot\project\sdurws_ird_project_test.vcxproj]
D:\10_Source_Repos\21_robot\acc-t17-r2-repro\RobWork\RobWorkStudio\src\rwslibs\industrialrobot\project\test\DraftServiceTest.cpp(1015,9): warning C4834: 放弃具有 [[nodiscard]] 属性的函数的返回值 [D:\10_Source_Repos\21_robot\acc-t17-r2-repro\build\RobWorkStudio\src\rwslibs\industrialrobot\project\sdurws_ird_project_test.vcxproj]
D:\10_Source_Repos\21_robot\acc-t17-r2-repro\RobWork\RobWorkStudio\src\rwslibs\industrialrobot\project\test\DraftServiceTest.cpp(1017,9): warning C4834: 放弃具有 [[nodiscard]] 属性的函数的返回值 [D:\10_Source_Repos\21_robot\acc-t17-r2-repro\build\RobWorkStudio\src\rwslibs\industrialrobot\project\sdurws_ird_project_test.vcxproj]
D:\10_Source_Repos\21_robot\acc-t17-r2-repro\RobWork\RobWorkStudio\src\rwslibs\industrialrobot\project\test\DraftServiceTest.cpp(1024,5): warning C4834: 放弃具有 [[nodiscard]] 属性的函数的返回值 [D:\10_Source_Repos\21_robot\acc-t17-r2-repro\build\RobWorkStudio\src\rwslibs\industrialrobot\project\sdurws_ird_project_test.vcxproj]
D:\10_Source_Repos\21_robot\acc-t17-r2-repro\RobWork\RobWorkStudio\src\rwslibs\industrialrobot\project\test\DraftServiceTest.cpp(1026,5): warning C4834: 放弃具有 [[nodiscard]] 属性的函数的返回值 [D:\10_Source_Repos\21_robot\acc-t17-r2-repro\build\RobWorkStudio\src\rwslibs\industrialrobot\project\sdurws_ird_project_test.vcxproj]
D:\10_Source_Repos\21_robot\acc-t17-r2-repro\RobWork\RobWorkStudio\src\rwslibs\industrialrobot\project\test\DraftServiceTest.cpp(1028,5): warning C4834: 放弃具有 [[nodiscard]] 属性的函数的返回值 [D:\10_Source_Repos\21_robot\acc-t17-r2-repro\build\RobWorkStudio\src\rwslibs\industrialrobot\project\sdurws_ird_project_test.vcxproj]
D:\10_Source_Repos\21_robot\acc-t17-r2-repro\RobWork\RobWorkStudio\src\rwslibs\industrialrobot\project\test\DraftServiceTest.cpp(1048,5): warning C4834: 放弃具有 [[nodiscard]] 属性的函数的返回值 [D:\10_Source_Repos\21_robot\acc-t17-r2-repro\build\RobWorkStudio\src\rwslibs\industrialrobot\project\sdurws_ird_project_test.vcxproj]
  D:\10_Source_Repos\21_robot\RobWork\vcpkg\installed\x64-windows\bin\boost_program_options-vc143-mt-x64-1_92.dll -> D:\10_Source_Repos\21_robot\acc-t17-r2-repro\build\RobWorkSim\bin\Release\boost_program_options-vc143-mt-x64-1_92.dll done
  ContractTestMain.cpp
  PackageContractTest.cpp
  mocs_compilation_Release.cpp
  sdurws_sensors.vcxproj -> D:\10_Source_Repos\21_robot\acc-t17-r2-repro\build\RobWorkStudio\libs\Release\sdurws_sensors.lib
D:\10_Source_Repos\21_robot\acc-t17-r2-repro\RobWork\RobWorkStudio\src\rwslibs\industrialrobot\io\contract_test\PackageContractTest.cpp(719,63): warning C4129: “ ：: 不可识别的字符转义序列 [D:\10_Source_Repos\21_robot\acc-t17-r2-repro\build\RobWorkStudio\src\rwslibs\industrialrobot\io\sdurws_ird_io_contract_test.vcxproj]
  sdurws_workcelleditor.vcxproj -> D:\10_Source_Repos\21_robot\acc-t17-r2-repro\build\RobWorkStudio\libs\Release\sdurws_workcelleditor.lib
  Automatic MOC for target sdurws_ird_execution
  sdurws_ird_testdata_lint.vcxproj -> D:\10_Source_Repos\21_robot\acc-t17-r2-repro\build\RobWorkStudio\bin\Release\sdurws_ird_testdata_lint.exe
  LinkageContractTest.cpp
  ConfirmableProjectStubTest.cpp
  CatalogHostTraceStubTest.cpp
  Building Custom Rule D:/10_Source_Repos/21_robot/acc-t17-r2-repro/RobWork/RobWorkStudio/src/rwslibs/industrialrobot/execution/CMakeLists.txt
  ScriptedDiagSourceTest.cpp
  DiagContractCheckTest.cpp
  mocs_compilation_Release.cpp
  Automatic MOC for target sdurws_ird_execution_worker
  Automatic MOC for target sdurws_ird_ui_gui_test
  Building Custom Rule D:/10_Source_Repos/21_robot/acc-t17-r2-repro/RobWork/RobWorkStudio/src/rwslibs/industrialrobot/execution/CMakeLists.txt
  Automatic MOC for target sdurws_ird_ui_test
  Automatic MOC for target sdurws_ird_testkit_test
  sdurws_ird_policy.vcxproj -> D:\10_Source_Repos\21_robot\acc-t17-r2-repro\build\RobWorkStudio\libs\Release\sdurws_ird_policy.lib
  Building Custom Rule D:/10_Source_Repos/21_robot/acc-t17-r2-repro/RobWork/RobWorkStudio/src/rwslibs/industrialrobot/ui/CMakeLists.txt
  Building Custom Rule D:/10_Source_Repos/21_robot/acc-t17-r2-repro/RobWork/RobWorkStudio/src/rwslibs/industrialrobot/ui/CMakeLists.txt
  Building Custom Rule D:/10_Source_Repos/21_robot/acc-t17-r2-repro/RobWork/RobWorkStudio/src/rwslibs/industrialrobot/testkit/CMakeLists.txt
  TestMainReport.cpp
  BuildPlacementTest.cpp
  WorkbenchShellGuiTest.cpp
  WorkbenchContentGuiTest.cpp
  CommandPaletteGuiTest.cpp
  PolicySummaryCardGuiTest.cpp
  ParamTablePanelGuiTest.cpp
  AboutDialogGuiTest.cpp
  mocs_compilation_Release.cpp
  sdurws_ird_runtime.vcxproj -> D:\10_Source_Repos\21_robot\acc-t17-r2-repro\build\RobWorkStudio\libs\Release\sdurws_ird_runtime.lib
  sdurws_treeview.vcxproj -> D:\10_Source_Repos\21_robot\acc-t17-r2-repro\build\RobWorkStudio\libs\Release\sdurws_treeview.lib
  TestMainReport.cpp
  BuildRedLineTest.cpp
  sdurws_ird_ui_app.vcxproj -> D:\10_Source_Repos\21_robot\acc-t17-r2-repro\build\RobWorkStudio\bin\Release\sdurws_ird_ui_app.exe
  ShellModelTest.cpp
  StatusWordModelTest.cpp
  View3DContractTest.cpp
  CommandRegistryModelTest.cpp
  ShortcutRegistryModelTest.cpp
  PolicySummaryCardTest.cpp
  FormEditModelTest.cpp
  StageNavigationModelTest.cpp
  AboutDialogModelTest.cpp
  SessionControllerModelTest.cpp
  TestPathsTest.cpp
  DraftControllerModelTest.cpp
  JsonLiteTest.cpp
  FaultTest.cpp
  DatasetTest.cpp
  ToleranceProfileTest.cpp
  DiagPresentationModelTest.cpp
  TaskPresentationModelTest.cpp
  CheckTest.cpp
  ContractCheckTest.cpp
  SetCheckTest.cpp
  FixtureTest.cpp
  CommandInteractionBridgeTest.cpp
  ReportTest.cpp
  mocs_compilation_Release.cpp
  ProcessRunnerTest.cpp
  CoreIntegrationExampleTest.cpp
  TestMain.cpp
  BuildRedLineTest.cpp
  mocs_compilation_Release.cpp
  Editor.cpp
  qrc_resources_pyeditor.cpp
  qrc_rwstudio_resources.cpp
  mocs_compilation_Release.cpp
  Automatic MOC for target sdurws_workcelleditorplugin
  sdurws_ird_io_contract_test.vcxproj -> D:\10_Source_Repos\21_robot\acc-t17-r2-repro\build\RobWorkStudio\bin\Release\sdurws_ird_io_contract_test.exe
  sdurws_ird_diagnostics_contract_test.vcxproj -> D:\10_Source_Repos\21_robot\acc-t17-r2-repro\build\RobWorkStudio\bin\Release\sdurws_ird_diagnostics_contract_test.exe
  sdurws_ird_project_contract_test.vcxproj -> D:\10_Source_Repos\21_robot\acc-t17-r2-repro\build\RobWorkStudio\bin\Release\sdurws_ird_project_contract_test.exe
  sdurws_ird_project_test.vcxproj -> D:\10_Source_Repos\21_robot\acc-t17-r2-repro\build\RobWorkStudio\bin\Release\sdurws_ird_project_test.exe
  Automatic MOC for target sdurws_ird_runtime_test
  Generating qrc_resources.cpp
  Building Custom Rule D:/10_Source_Repos/21_robot/acc-t17-r2-repro/RobWork/RobWorkStudio/src/rwslibs/workcelleditorplugin/CMakeLists.txt
  Building Custom Rule D:/10_Source_Repos/21_robot/acc-t17-r2-repro/RobWork/RobWorkStudio/src/rwslibs/industrialrobot/runtime/CMakeLists.txt
  sdurws_ird_testkit_test.vcxproj -> D:\10_Source_Repos\21_robot\acc-t17-r2-repro\build\RobWorkStudio\bin\Release\sdurws_ird_testkit_test.exe
  Planning.cpp
  qrc_resources.cpp
  mocs_compilation_Release.cpp
  D:\10_Source_Repos\21_robot\RobWork\vcpkg\installed\x64-windows\bin\zip.dll -> D:\10_Source_Repos\21_robot\acc-t17-r2-repro\build\RobWorkStudio\bin\Release\zip.dll done
  D:\10_Source_Repos\21_robot\RobWork\vcpkg\installed\x64-windows\bin\bz2.dll -> D:\10_Source_Repos\21_robot\acc-t17-r2-repro\build\RobWorkStudio\bin\Release\bz2.dll done
  WorkcellEditorPlugin.cpp
  D:\10_Source_Repos\21_robot\RobWork\vcpkg\installed\x64-windows\bin\z.dll -> D:\10_Source_Repos\21_robot\acc-t17-r2-repro\build\RobWorkStudio\bin\Release\z.dll done
  qrc_resources.cpp
  mocs_compilation_Release.cpp
  main.cpp
  ChannelProtocol.cpp
  Errors.cpp
  TaskTypes.cpp
  sdurws_ird_io_test.vcxproj -> D:\10_Source_Repos\21_robot\acc-t17-r2-repro\build\RobWorkStudio\bin\Release\sdurws_ird_io_test.exe
  mocs_compilation_Release.cpp
  D:\10_Source_Repos\21_robot\RobWork\vcpkg\installed\x64-windows\bin\libexpat.dll -> D:\10_Source_Repos\21_robot\acc-t17-r2-repro\build\RobWorkStudio\bin\Release\libexpat.dll done
D:\10_Source_Repos\21_robot\acc-t17-r2-repro\RobWork\RobWorkStudio\src\rwslibs\industrialrobot\ui\gui_test\CommandPaletteGuiTest.cpp(174,36): warning C4834: 放弃具有 [[nodiscard]] 属性的函数的返回值 [D:\10_Source_Repos\21_robot\acc-t17-r2-repro\build\RobWorkStudio\src\rwslibs\industrialrobot\ui\sdurws_ird_ui_gui_test.vcxproj]
D:\10_Source_Repos\21_robot\acc-t17-r2-repro\RobWork\RobWorkStudio\src\rwslibs\industrialrobot\ui\gui_test\CommandPaletteGuiTest.cpp(172,23): warning C4996: 'QApplication::setActiveWindow': Use QWidget::activateWindow() instead. [D:\10_Source_Repos\21_robot\acc-t17-r2-repro\build\RobWorkStudio\src\rwslibs\industrialrobot\ui\sdurws_ird_ui_gui_test.vcxproj]
D:\10_Source_Repos\21_robot\acc-t17-r2-repro\RobWork\RobWorkStudio\src\rwslibs\industrialrobot\execution\worker\main.cpp(54,9): warning C4005: “WIN32_LEAN_AND_MEAN”: 宏重定义 [D:\10_Source_Repos\21_robot\acc-t17-r2-repro\build\RobWorkStudio\src\rwslibs\industrialrobot\execution\sdurws_ird_execution_worker.vcxproj]
      D:\10_Source_Repos\21_robot\acc-t17-r2-repro\RobWork\RobWorkStudio\src\rwslibs\industrialrobot\execution\worker\main.cpp(54,9):
      之前在命令行上声明的“WIN32_LEAN_AND_MEAN”
  
D:\10_Source_Repos\21_robot\acc-t17-r2-repro\RobWork\RobWorkStudio\src\rwslibs\industrialrobot\execution\worker\main.cpp(55,9): warning C4005: “NOMINMAX”: 宏重定义 [D:\10_Source_Repos\21_robot\acc-t17-r2-repro\build\RobWorkStudio\src\rwslibs\industrialrobot\execution\sdurws_ird_execution_worker.vcxproj]
      D:\10_Source_Repos\21_robot\acc-t17-r2-repro\RobWork\RobWorkStudio\src\rwslibs\industrialrobot\execution\worker\main.cpp(55,9):
      之前在命令行上声明的“NOMINMAX”
  
D:\software\Microsoft Visual Studio\2022\Community\VC\Tools\MSVC\14.42.34433\include\xutility(4709,18): warning C4244: “=”: 从“const wchar_t”转换到“char”，可能丢失数据 [D:\10_Source_Repos\21_robot\acc-t17-r2-repro\build\RobWorkStudio\src\rwslibs\industrialrobot\execution\sdurws_ird_execution_worker.vcxproj]
  (编译源文件“../../../../../../RobWork/RobWorkStudio/src/rwslibs/industrialrobot/execution/worker/main.cpp”)
      D:\software\Microsoft Visual Studio\2022\Community\VC\Tools\MSVC\14.42.34433\include\xutility(4709,18):
      模板实例化上下文(最早的实例化上下文)为
          D:\10_Source_Repos\21_robot\acc-t17-r2-repro\RobWork\RobWorkStudio\src\rwslibs\industrialrobot\execution\worker\main.cpp(299,37):
          查看对正在编译的函数 模板 实例化“std::basic_string<char,std::char_traits<char>,std::allocator<char>>::basic_string<std::_String_const_iterator<std::_String_val<std::_Simple_types<_Elem>>>,0>(_Iter,_Iter,const _Alloc &)”的引用
          with
          [
              _Elem=wchar_t,
              _Iter=std::_String_const_iterator<std::_String_val<std::_Simple_types<wchar_t>>>,
              _Alloc=std::allocator<char>
          ]
              D:\10_Source_Repos\21_robot\acc-t17-r2-repro\RobWork\RobWorkStudio\src\rwslibs\industrialrobot\execution\worker\main.cpp(299,37):
              请参阅 "`anonymous-namespace'::parseArgs" 中对 "std::basic_string<char,std::char_traits<char>,std::allocator<char>>::basic_string" 的第一个引用
          D:\software\Microsoft Visual Studio\2022\Community\VC\Tools\MSVC\14.42.34433\include\xstring(793,17):
          查看对正在编译的函数 模板 实例化“void std::basic_string<char,std::char_traits<char>,std::allocator<char>>::_Construct_from_iter<const wchar_t*,const wchar_t*,_Size_type>(_Iter,const _Sent,_Size)”的引用
          with
          [
              _Size_type=unsigned __int64,
              _Iter=const wchar_t *,
              _Sent=const wchar_t *,
              _Size=unsigned __int64
          ]
          D:\software\Microsoft Visual Studio\2022\Community\VC\Tools\MSVC\14.42.34433\include\xstring(949,18):
          查看对正在编译的函数 模板 实例化“_OutIt *std::_Copy_n_unchecked4<const wchar_t*,_Size,char*>(_InIt,_SizeTy,_OutIt)”的引用
          with
          [
              _OutIt=char *,
              _Size=unsigned __int64,
              _InIt=const wchar_t *,
              _SizeTy=unsigned __int64
          ]
  
  Automatic MOC for target sdurws_ird_policy_test
  Automatic MOC for target sdurws_ird_modeling
  Reporting.cpp
  Errors.cpp
  Identity.cpp
  ReportModel.cpp
  ReportCodec.cpp
  Sections.cpp
  Builder.cpp
  Render.cpp
  Execution.cpp
  Errors.cpp
  TaskTypes.cpp
  StateMachine.cpp
  Controller.cpp
  Scheduler.cpp
  RunRegistry.cpp
  Admission.cpp
  EventBus.cpp
  ChannelProtocol.cpp
  WorkerSupervisor.cpp
  Consistency.cpp
  Checkpoint.cpp
  CacheCoordinator.cpp
  Archive.cpp
  BuildRedLineTest.cpp
  ChannelPair.cpp
  JobScope.cpp
  MemProbe.cpp
  ProcessLauncher.cpp
  ErrorsTest.cpp
  DependencyTest.cpp
  mocs_compilation_Release.cpp
  SnapshotTest.cpp
  Export.cpp
  Bundle.cpp
  SliceTest.cpp
  EvidenceTest.cpp
  VerdictTest.cpp
  mocs_compilation_Release.cpp
  EnvelopeTest.cpp
  CurrentnessTest.cpp
  CompatibilityTest.cpp
  EvaluatorTest.cpp
  EvaluatorPortSuiteTest.cpp
  mocs_compilation_Release.cpp
  Building Custom Rule D:/10_Source_Repos/21_robot/acc-t17-r2-repro/RobWork/RobWorkStudio/src/rwslibs/industrialrobot/modeling/CMakeLists.txt
  EnvelopeContractTest.cpp
  EnvelopeAccessorContractTest.cpp
  SliceFixtureContractTest.cpp
  mocs_compilation_Release.cpp
  Building Custom Rule D:/10_Source_Repos/21_robot/acc-t17-r2-repro/RobWork/RobWorkStudio/src/rwslibs/industrialrobot/policy/CMakeLists.txt
D:\software\Microsoft Visual Studio\2022\Community\VC\Tools\MSVC\14.42.34433\include\xutility(4709,18): warning C4244: “=”: 从“const wchar_t”转换到“char”，可能丢失数据 [D:\10_Source_Repos\21_robot\acc-t17-r2-repro\build\RobWorkStudio\src\rwslibs\industrialrobot\execution\sdurws_ird_execution.vcxproj]
  (编译源文件“../../../../../../RobWork/RobWorkStudio/src/rwslibs/industrialrobot/execution/src/WorkerSupervisor.cpp”)
      D:\software\Microsoft Visual Studio\2022\Community\VC\Tools\MSVC\14.42.34433\include\xutility(4709,18):
      模板实例化上下文(最早的实例化上下文)为
          D:\10_Source_Repos\21_robot\acc-t17-r2-repro\RobWork\RobWorkStudio\src\rwslibs\industrialrobot\execution\src\WorkerSupervisor.cpp(291,43):
          查看对正在编译的函数 模板 实例化“std::basic_string<char,std::char_traits<char>,std::allocator<char>>::basic_string<std::_String_const_iterator<std::_String_val<std::_Simple_types<_Elem>>>,0>(_Iter,_Iter,const _Alloc &)”的引用
          with
          [
              _Elem=wchar_t,
              _Iter=std::_String_const_iterator<std::_String_val<std::_Simple_types<wchar_t>>>,
              _Alloc=std::allocator<char>
          ]
              D:\10_Source_Repos\21_robot\acc-t17-r2-repro\RobWork\RobWorkStudio\src\rwslibs\industrialrobot\execution\src\WorkerSupervisor.cpp(289,38):
              请参阅 "sdurws::ird::execution::WorkerSupervisor::spawnNewWorker" 中对 "std::basic_string<char,std::char_traits<char>,std::allocator<char>>::basic_string" 的第一个引用
          D:\software\Microsoft Visual Studio\2022\Community\VC\Tools\MSVC\14.42.34433\include\xstring(793,17):
          查看对正在编译的函数 模板 实例化“void std::basic_string<char,std::char_traits<char>,std::allocator<char>>::_Construct_from_iter<const wchar_t*,const wchar_t*,_Size_type>(_Iter,const _Sent,_Size)”的引用
          with
          [
              _Size_type=unsigned __int64,
              _Iter=const wchar_t *,
              _Sent=const wchar_t *,
              _Size=unsigned __int64
          ]
          D:\software\Microsoft Visual Studio\2022\Community\VC\Tools\MSVC\14.42.34433\include\xstring(949,18):
          查看对正在编译的函数 模板 实例化“_OutIt *std::_Copy_n_unchecked4<const wchar_t*,_Size,char*>(_InIt,_SizeTy,_OutIt)”的引用
          with
          [
              _OutIt=char *,
              _Size=unsigned __int64,
              _InIt=const wchar_t *,
              _SizeTy=unsigned __int64
          ]
  
  sdurws_pythoneditor.vcxproj -> D:\10_Source_Repos\21_robot\acc-t17-r2-repro\build\RobWorkStudio\libs\Release\sdurws_pythoneditor.lib
  Automatic MOC for target sdurws_ird_policy_contract_test
  sdurws_ird_ui_gui_test.vcxproj -> D:\10_Source_Repos\21_robot\acc-t17-r2-repro\build\RobWorkStudio\bin\Release\sdurws_ird_ui_gui_test.exe
  sdurws_ird_execution_worker.vcxproj -> D:\10_Source_Repos\21_robot\acc-t17-r2-repro\build\RobWorkStudio\bin\Release\sdurws_ird_execution_worker.exe
  sdurws_workcelleditorplugin.vcxproj -> D:\10_Source_Repos\21_robot\acc-t17-r2-repro\build\RobWorkStudio\libs\Release\sdurws_workcelleditorplugin.lib
  Building Custom Rule D:/10_Source_Repos/21_robot/acc-t17-r2-repro/RobWork/RobWorkStudio/src/rwslibs/industrialrobot/policy/CMakeLists.txt
  sdurws_ird_ui_test.vcxproj -> D:\10_Source_Repos\21_robot\acc-t17-r2-repro\build\RobWorkStudio\bin\Release\sdurws_ird_ui_test.exe
  ObjectTypes.cpp
  Errors.cpp
  DiagCodes.cpp
  RobotDesign.cpp
  Parts.cpp
  Codec.cpp
  PropertyEstimation.cpp
  Import.cpp
  XacroExpand.cpp
  Template.cpp
  Readiness.cpp
  PolicyCodecFixtureContractTest.cpp
  CommandHandlers.cpp
  mocs_compilation_Release.cpp
  PolicyTestDoubleBoundaryTest.cpp
  PolicyContractDoublesTest.cpp
  PolicyProofMaterialContractTest.cpp
  CollisionAnalyticDatasetTest.cpp
  mocs_compilation_Release.cpp
  BuildRedLineTest.cpp
  ErrorsTest.cpp
  SourcesTest.cpp
  ExpectedTest.cpp
  DescriptionTest.cpp
  DescriptionValidatorTest.cpp
  CanonicalModelTest.cpp
  CodecTest.cpp
  NameMapTest.cpp
  BaseWorldTransformTest.cpp
  WorkCellCompilerTest.cpp
  DynamicWorkCellCompilerTest.cpp
  SnapshotTest.cpp
  CacheKeyTest.cpp
  CompilerTest.cpp
  ContractSuiteTest.cpp
  GoldenDataLintTest.cpp
  mocs_compilation_Release.cpp
  BuildRedLineTest.cpp
  PolicySetTest.cpp
  PolicyInputTest.cpp
  PolicyParsingTest.cpp
  PolicyPortTest.cpp
  DiagnosticsTest.cpp
  CollisionSessionTest.cpp
  CollisionEvaluationTest.cpp
  JointLimitsTest.cpp
  CompatibilityTest.cpp
  mocs_compilation_Release.cpp
  sdurws_ird_execution.vcxproj -> D:\10_Source_Repos\21_robot\acc-t17-r2-repro\build\RobWorkStudio\libs\Release\sdurws_ird_execution.lib
  #include <rw/common/macros.hpp> is deprecated use #include <rw/core/macros.hpp> instead
  #include <rw/common/macros.hpp> is deprecated use #include <rw/core/macros.hpp> instead
  #include <rw/common/macros.hpp> is deprecated use #include <rw/core/macros.hpp> instead
D:\10_Source_Repos\21_robot\acc-t17-r2-repro\RobWork\RobWorkStudio\src\rwslibs\industrialrobot\policy\test\sdurws\ird\policy\testdouble\PolicyTestDoubles.hpp(306,7): warning C4250: “sdurws::ird::policy::testdoubles::ScriptedDistanceBackend”: 通过域控制继承“sdurws::ird::policy::testdoubles::ScriptedCollisionBackend::sdurws::ird::policy::testdoubles::ScriptedCollisionBackend::createModel” [D:\10_Source_Repos\21_robot\acc-t17-r2-repro\build\RobWorkStudio\src\rwslibs\industrialrobot\policy\sdurws_ird_policy_contract_test.vcxproj]
  (编译源文件“../../../../../../RobWork/RobWorkStudio/src/rwslibs/industrialrobot/policy/test/CollisionAnalyticDatasetTest.cpp”)
      D:\10_Source_Repos\21_robot\acc-t17-r2-repro\RobWork\RobWorkStudio\src\rwslibs\industrialrobot\policy\test\sdurws\ird\policy\testdouble\PolicyTestDoubles.hpp(232,40):
      参见“sdurws::ird::policy::testdoubles::ScriptedCollisionBackend::createModel”的声明
  
D:\10_Source_Repos\21_robot\acc-t17-r2-repro\RobWork\RobWorkStudio\src\rwslibs\industrialrobot\policy\test\sdurws\ird\policy\testdouble\PolicyTestDoubles.hpp(306,7): warning C4250: “sdurws::ird::policy::testdoubles::ScriptedDistanceBackend”: 通过域控制继承“sdurws::ird::policy::testdoubles::ScriptedCollisionBackend::sdurws::ird::policy::testdoubles::ScriptedCollisionBackend::destroyModel” [D:\10_Source_Repos\21_robot\acc-t17-r2-repro\build\RobWorkStudio\src\rwslibs\industrialrobot\policy\sdurws_ird_policy_contract_test.vcxproj]
  (编译源文件“../../../../../../RobWork/RobWorkStudio/src/rwslibs/industrialrobot/policy/test/CollisionAnalyticDatasetTest.cpp”)
      D:\10_Source_Repos\21_robot\acc-t17-r2-repro\RobWork\RobWorkStudio\src\rwslibs\industrialrobot\policy\test\sdurws\ird\policy\testdouble\PolicyTestDoubles.hpp(237,10):
      参见“sdurws::ird::policy::testdoubles::ScriptedCollisionBackend::destroyModel”的声明
  
D:\10_Source_Repos\21_robot\acc-t17-r2-repro\RobWork\RobWorkStudio\src\rwslibs\industrialrobot\policy\test\sdurws\ird\policy\testdouble\PolicyTestDoubles.hpp(306,7): warning C4250: “sdurws::ird::policy::testdoubles::ScriptedDistanceBackend”: 通过域控制继承“sdurws::ird::policy::testdoubles::ScriptedCollisionBackend::sdurws::ird::policy::testdoubles::ScriptedCollisionBackend::addGeometry” [D:\10_Source_Repos\21_robot\acc-t17-r2-repro\build\RobWorkStudio\src\rwslibs\industrialrobot\policy\sdurws_ird_policy_contract_test.vcxproj]
  (编译源文件“../../../../../../RobWork/RobWorkStudio/src/rwslibs/industrialrobot/policy/test/CollisionAnalyticDatasetTest.cpp”)
      D:\10_Source_Repos\21_robot\acc-t17-r2-repro\RobWork\RobWorkStudio\src\rwslibs\industrialrobot\policy\test\sdurws\ird\policy\testdouble\PolicyTestDoubles.hpp(244,10):
      参见“sdurws::ird::policy::testdoubles::ScriptedCollisionBackend::addGeometry”的声明
  
D:\10_Source_Repos\21_robot\acc-t17-r2-repro\RobWork\RobWorkStudio\src\rwslibs\industrialrobot\policy\test\sdurws\ird\policy\testdouble\PolicyTestDoubles.hpp(306,7): warning C4250: “sdurws::ird::policy::testdoubles::ScriptedDistanceBackend”: 通过域控制继承“sdurws::ird::policy::testdoubles::ScriptedCollisionBackend::sdurws::ird::policy::testdoubles::ScriptedCollisionBackend::removeGeometry” [D:\10_Source_Repos\21_robot\acc-t17-r2-repro\build\RobWorkStudio\src\rwslibs\industrialrobot\policy\sdurws_ird_policy_contract_test.vcxproj]
  (编译源文件“../../../../../../RobWork/RobWorkStudio/src/rwslibs/industrialrobot/policy/test/CollisionAnalyticDatasetTest.cpp”)
      D:\10_Source_Repos\21_robot\acc-t17-r2-repro\RobWork\RobWorkStudio\src\rwslibs\industrialrobot\policy\test\sdurws\ird\policy\testdouble\PolicyTestDoubles.hpp(253,10):
      参见“sdurws::ird::policy::testdoubles::ScriptedCollisionBackend::removeGeometry”的声明
  
D:\10_Source_Repos\21_robot\acc-t17-r2-repro\RobWork\RobWorkStudio\src\rwslibs\industrialrobot\policy\test\sdurws\ird\policy\testdouble\PolicyTestDoubles.hpp(306,7): warning C4250: “sdurws::ird::policy::testdoubles::ScriptedDistanceBackend”: 通过域控制继承“sdurws::ird::policy::testdoubles::ScriptedCollisionBackend::sdurws::ird::policy::testdoubles::ScriptedCollisionBackend::getGeometryIDs” [D:\10_Source_Repos\21_robot\acc-t17-r2-repro\build\RobWorkStudio\src\rwslibs\industrialrobot\policy\sdurws_ird_policy_contract_test.vcxproj]
  (编译源文件“../../../../../../RobWork/RobWorkStudio/src/rwslibs/industrialrobot/policy/test/CollisionAnalyticDatasetTest.cpp”)
      D:\10_Source_Repos\21_robot\acc-t17-r2-repro\RobWork\RobWorkStudio\src\rwslibs\industrialrobot\policy\test\sdurws\ird\policy\testdouble\PolicyTestDoubles.hpp(258,30):
      参见“sdurws::ird::policy::testdoubles::ScriptedCollisionBackend::getGeometryIDs”的声明
  
D:\10_Source_Repos\21_robot\acc-t17-r2-repro\RobWork\RobWorkStudio\src\rwslibs\industrialrobot\policy\test\sdurws\ird\policy\testdouble\PolicyTestDoubles.hpp(306,7): warning C4250: “sdurws::ird::policy::testdoubles::ScriptedDistanceBackend”: 通过域控制继承“sdurws::ird::policy::testdoubles::ScriptedCollisionBackend::sdurws::ird::policy::testdoubles::ScriptedCollisionBackend::getGeometrys” [D:\10_Source_Repos\21_robot\acc-t17-r2-repro\build\RobWorkStudio\src\rwslibs\industrialrobot\policy\sdurws_ird_policy_contract_test.vcxproj]
  (编译源文件“../../../../../../RobWork/RobWorkStudio/src/rwslibs/industrialrobot/policy/test/CollisionAnalyticDatasetTest.cpp”)
      D:\10_Source_Repos\21_robot\acc-t17-r2-repro\RobWork\RobWorkStudio\src\rwslibs\industrialrobot\policy\test\sdurws\ird\policy\testdouble\PolicyTestDoubles.hpp(264,5):
      参见“sdurws::ird::policy::testdoubles::ScriptedCollisionBackend::getGeometrys”的声明
  
D:\10_Source_Repos\21_robot\acc-t17-r2-repro\RobWork\RobWorkStudio\src\rwslibs\industrialrobot\policy\test\sdurws\ird\policy\testdouble\PolicyTestDoubles.hpp(306,7): warning C4250: “sdurws::ird::policy::testdoubles::ScriptedDistanceBackend”: 通过域控制继承“sdurws::ird::policy::testdoubles::ScriptedCollisionBackend::sdurws::ird::policy::testdoubles::ScriptedCollisionBackend::clear” [D:\10_Source_Repos\21_robot\acc-t17-r2-repro\build\RobWorkStudio\src\rwslibs\industrialrobot\policy\sdurws_ird_policy_contract_test.vcxproj]
  (编译源文件“../../../../../../RobWork/RobWorkStudio/src/rwslibs/industrialrobot/policy/test/CollisionAnalyticDatasetTest.cpp”)
      D:\10_Source_Repos\21_robot\acc-t17-r2-repro\RobWork\RobWorkStudio\src\rwslibs\industrialrobot\policy\test\sdurws\ird\policy\testdouble\PolicyTestDoubles.hpp(269,10):
      参见“sdurws::ird::policy::testdoubles::ScriptedCollisionBackend::clear”的声明
  
D:\10_Source_Repos\21_robot\acc-t17-r2-repro\RobWork\RobWorkStudio\src\rwslibs\industrialrobot\policy\test\sdurws\ird\policy\testdouble\PolicyTestDoubles.hpp(306,7): warning C4250: “sdurws::ird::policy::testdoubles::ScriptedDistanceBackend”: 通过域控制继承“sdurws::ird::policy::testdoubles::ScriptedCollisionBackend::sdurws::ird::policy::testdoubles::ScriptedCollisionBackend::createModel” [D:\10_Source_Repos\21_robot\acc-t17-r2-repro\build\RobWorkStudio\src\rwslibs\industrialrobot\policy\sdurws_ird_policy_contract_test.vcxproj]
  (编译源文件“../../../../../../RobWork/RobWorkStudio/src/rwslibs/industrialrobot/policy/test/PolicyContractDoublesTest.cpp”)
      D:\10_Source_Repos\21_robot\acc-t17-r2-repro\RobWork\RobWorkStudio\src\rwslibs\industrialrobot\policy\test\sdurws\ird\policy\testdouble\PolicyTestDoubles.hpp(232,40):
      参见“sdurws::ird::policy::testdoubles::ScriptedCollisionBackend::createModel”的声明
  
D:\10_Source_Repos\21_robot\acc-t17-r2-repro\RobWork\RobWorkStudio\src\rwslibs\industrialrobot\policy\test\sdurws\ird\policy\testdouble\PolicyTestDoubles.hpp(306,7): warning C4250: “sdurws::ird::policy::testdoubles::ScriptedDistanceBackend”: 通过域控制继承“sdurws::ird::policy::testdoubles::ScriptedCollisionBackend::sdurws::ird::policy::testdoubles::ScriptedCollisionBackend::destroyModel” [D:\10_Source_Repos\21_robot\acc-t17-r2-repro\build\RobWorkStudio\src\rwslibs\industrialrobot\policy\sdurws_ird_policy_contract_test.vcxproj]
  (编译源文件“../../../../../../RobWork/RobWorkStudio/src/rwslibs/industrialrobot/policy/test/PolicyContractDoublesTest.cpp”)
      D:\10_Source_Repos\21_robot\acc-t17-r2-repro\RobWork\RobWorkStudio\src\rwslibs\industrialrobot\policy\test\sdurws\ird\policy\testdouble\PolicyTestDoubles.hpp(237,10):
      参见“sdurws::ird::policy::testdoubles::ScriptedCollisionBackend::destroyModel”的声明
  
D:\10_Source_Repos\21_robot\acc-t17-r2-repro\RobWork\RobWorkStudio\src\rwslibs\industrialrobot\policy\test\sdurws\ird\policy\testdouble\PolicyTestDoubles.hpp(306,7): warning C4250: “sdurws::ird::policy::testdoubles::ScriptedDistanceBackend”: 通过域控制继承“sdurws::ird::policy::testdoubles::ScriptedCollisionBackend::sdurws::ird::policy::testdoubles::ScriptedCollisionBackend::addGeometry” [D:\10_Source_Repos\21_robot\acc-t17-r2-repro\build\RobWorkStudio\src\rwslibs\industrialrobot\policy\sdurws_ird_policy_contract_test.vcxproj]
  (编译源文件“../../../../../../RobWork/RobWorkStudio/src/rwslibs/industrialrobot/policy/test/PolicyContractDoublesTest.cpp”)
      D:\10_Source_Repos\21_robot\acc-t17-r2-repro\RobWork\RobWorkStudio\src\rwslibs\industrialrobot\policy\test\sdurws\ird\policy\testdouble\PolicyTestDoubles.hpp(244,10):
      参见“sdurws::ird::policy::testdoubles::ScriptedCollisionBackend::addGeometry”的声明
  
D:\10_Source_Repos\21_robot\acc-t17-r2-repro\RobWork\RobWorkStudio\src\rwslibs\industrialrobot\policy\test\sdurws\ird\policy\testdouble\PolicyTestDoubles.hpp(306,7): warning C4250: “sdurws::ird::policy::testdoubles::ScriptedDistanceBackend”: 通过域控制继承“sdurws::ird::policy::testdoubles::ScriptedCollisionBackend::sdurws::ird::policy::testdoubles::ScriptedCollisionBackend::removeGeometry” [D:\10_Source_Repos\21_robot\acc-t17-r2-repro\build\RobWorkStudio\src\rwslibs\industrialrobot\policy\sdurws_ird_policy_contract_test.vcxproj]
  (编译源文件“../../../../../../RobWork/RobWorkStudio/src/rwslibs/industrialrobot/policy/test/PolicyContractDoublesTest.cpp”)
      D:\10_Source_Repos\21_robot\acc-t17-r2-repro\RobWork\RobWorkStudio\src\rwslibs\industrialrobot\policy\test\sdurws\ird\policy\testdouble\PolicyTestDoubles.hpp(253,10):
      参见“sdurws::ird::policy::testdoubles::ScriptedCollisionBackend::removeGeometry”的声明
  
D:\10_Source_Repos\21_robot\acc-t17-r2-repro\RobWork\RobWorkStudio\src\rwslibs\industrialrobot\policy\test\sdurws\ird\policy\testdouble\PolicyTestDoubles.hpp(306,7): warning C4250: “sdurws::ird::policy::testdoubles::ScriptedDistanceBackend”: 通过域控制继承“sdurws::ird::policy::testdoubles::ScriptedCollisionBackend::sdurws::ird::policy::testdoubles::ScriptedCollisionBackend::getGeometryIDs” [D:\10_Source_Repos\21_robot\acc-t17-r2-repro\build\RobWorkStudio\src\rwslibs\industrialrobot\policy\sdurws_ird_policy_contract_test.vcxproj]
  sdurws_ird_evidence_contract_test.vcxproj -> D:\10_Source_Repos\21_robot\acc-t17-r2-repro\build\RobWorkStudio\bin\Release\sdurws_ird_evidence_contract_test.exe
  (编译源文件“../../../../../../RobWork/RobWorkStudio/src/rwslibs/industrialrobot/policy/test/PolicyContractDoublesTest.cpp”)
      D:\10_Source_Repos\21_robot\acc-t17-r2-repro\RobWork\RobWorkStudio\src\rwslibs\industrialrobot\policy\test\sdurws\ird\policy\testdouble\PolicyTestDoubles.hpp(258,30):
      参见“sdurws::ird::policy::testdoubles::ScriptedCollisionBackend::getGeometryIDs”的声明
  
D:\10_Source_Repos\21_robot\acc-t17-r2-repro\RobWork\RobWorkStudio\src\rwslibs\industrialrobot\policy\test\sdurws\ird\policy\testdouble\PolicyTestDoubles.hpp(306,7): warning C4250: “sdurws::ird::policy::testdoubles::ScriptedDistanceBackend”: 通过域控制继承“sdurws::ird::policy::testdoubles::ScriptedCollisionBackend::sdurws::ird::policy::testdoubles::ScriptedCollisionBackend::getGeometrys” [D:\10_Source_Repos\21_robot\acc-t17-r2-repro\build\RobWorkStudio\src\rwslibs\industrialrobot\policy\sdurws_ird_policy_contract_test.vcxproj]
  (编译源文件“../../../../../../RobWork/RobWorkStudio/src/rwslibs/industrialrobot/policy/test/PolicyContractDoublesTest.cpp”)
      D:\10_Source_Repos\21_robot\acc-t17-r2-repro\RobWork\RobWorkStudio\src\rwslibs\industrialrobot\policy\test\sdurws\ird\policy\testdouble\PolicyTestDoubles.hpp(264,5):
      参见“sdurws::ird::policy::testdoubles::ScriptedCollisionBackend::getGeometrys”的声明
  
D:\10_Source_Repos\21_robot\acc-t17-r2-repro\RobWork\RobWorkStudio\src\rwslibs\industrialrobot\policy\test\sdurws\ird\policy\testdouble\PolicyTestDoubles.hpp(306,7): warning C4250: “sdurws::ird::policy::testdoubles::ScriptedDistanceBackend”: 通过域控制继承“sdurws::ird::policy::testdoubles::ScriptedCollisionBackend::sdurws::ird::policy::testdoubles::ScriptedCollisionBackend::clear” [D:\10_Source_Repos\21_robot\acc-t17-r2-repro\build\RobWorkStudio\src\rwslibs\industrialrobot\policy\sdurws_ird_policy_contract_test.vcxproj]
  #include <rw/common/Exception.hpp> is deprecated use #include <rw/core/Exception.hpp> instead
  (编译源文件“../../../../../../RobWork/RobWorkStudio/src/rwslibs/industrialrobot/policy/test/PolicyContractDoublesTest.cpp”)
      D:\10_Source_Repos\21_robot\acc-t17-r2-repro\RobWork\RobWorkStudio\src\rwslibs\industrialrobot\policy\test\sdurws\ird\policy\testdouble\PolicyTestDoubles.hpp(269,10):
      参见“sdurws::ird::policy::testdoubles::ScriptedCollisionBackend::clear”的声明
  
  #include <rw/common/macros.hpp> is deprecated use #include <rw/core/macros.hpp> instead
D:\10_Source_Repos\21_robot\acc-t17-r2-repro\RobWork\RobWorkStudio\src\rwslibs\industrialrobot\policy\test\sdurws\ird\policy\testdouble\PolicyTestDoubles.hpp(306,7): warning C4250: “sdurws::ird::policy::testdoubles::ScriptedDistanceBackend”: 通过域控制继承“sdurws::ird::policy::testdoubles::ScriptedCollisionBackend::sdurws::ird::policy::testdoubles::ScriptedCollisionBackend::createModel” [D:\10_Source_Repos\21_robot\acc-t17-r2-repro\build\RobWorkStudio\src\rwslibs\industrialrobot\policy\sdurws_ird_policy_contract_test.vcxproj]
  (编译源文件“../../../../../../RobWork/RobWorkStudio/src/rwslibs/industrialrobot/policy/test/PolicyProofMaterialContractTest.cpp”)
      D:\10_Source_Repos\21_robot\acc-t17-r2-repro\RobWork\RobWorkStudio\src\rwslibs\industrialrobot\policy\test\sdurws\ird\policy\testdouble\PolicyTestDoubles.hpp(232,40):
      参见“sdurws::ird::policy::testdoubles::ScriptedCollisionBackend::createModel”的声明
  
D:\10_Source_Repos\21_robot\acc-t17-r2-repro\RobWork\RobWorkStudio\src\rwslibs\industrialrobot\policy\test\sdurws\ird\policy\testdouble\PolicyTestDoubles.hpp(306,7): warning C4250: “sdurws::ird::policy::testdoubles::ScriptedDistanceBackend”: 通过域控制继承“sdurws::ird::policy::testdoubles::ScriptedCollisionBackend::sdurws::ird::policy::testdoubles::ScriptedCollisionBackend::destroyModel” [D:\10_Source_Repos\21_robot\acc-t17-r2-repro\build\RobWorkStudio\src\rwslibs\industrialrobot\policy\sdurws_ird_policy_contract_test.vcxproj]
  (编译源文件“../../../../../../RobWork/RobWorkStudio/src/rwslibs/industrialrobot/policy/test/PolicyProofMaterialContractTest.cpp”)
      D:\10_Source_Repos\21_robot\acc-t17-r2-repro\RobWork\RobWorkStudio\src\rwslibs\industrialrobot\policy\test\sdurws\ird\policy\testdouble\PolicyTestDoubles.hpp(237,10):
      参见“sdurws::ird::policy::testdoubles::ScriptedCollisionBackend::destroyModel”的声明
  
D:\10_Source_Repos\21_robot\acc-t17-r2-repro\RobWork\RobWorkStudio\src\rwslibs\industrialrobot\policy\test\sdurws\ird\policy\testdouble\PolicyTestDoubles.hpp(306,7): warning C4250: “sdurws::ird::policy::testdoubles::ScriptedDistanceBackend”: 通过域控制继承“sdurws::ird::policy::testdoubles::ScriptedCollisionBackend::sdurws::ird::policy::testdoubles::ScriptedCollisionBackend::addGeometry” [D:\10_Source_Repos\21_robot\acc-t17-r2-repro\build\RobWorkStudio\src\rwslibs\industrialrobot\policy\sdurws_ird_policy_contract_test.vcxproj]
  (编译源文件“../../../../../../RobWork/RobWorkStudio/src/rwslibs/industrialrobot/policy/test/PolicyProofMaterialContractTest.cpp”)
      D:\10_Source_Repos\21_robot\acc-t17-r2-repro\RobWork\RobWorkStudio\src\rwslibs\industrialrobot\policy\test\sdurws\ird\policy\testdouble\PolicyTestDoubles.hpp(244,10):
      参见“sdurws::ird::policy::testdoubles::ScriptedCollisionBackend::addGeometry”的声明
  
D:\10_Source_Repos\21_robot\acc-t17-r2-repro\RobWork\RobWorkStudio\src\rwslibs\industrialrobot\policy\test\sdurws\ird\policy\testdouble\PolicyTestDoubles.hpp(306,7): warning C4250: “sdurws::ird::policy::testdoubles::ScriptedDistanceBackend”: 通过域控制继承“sdurws::ird::policy::testdoubles::ScriptedCollisionBackend::sdurws::ird::policy::testdoubles::ScriptedCollisionBackend::removeGeometry” [D:\10_Source_Repos\21_robot\acc-t17-r2-repro\build\RobWorkStudio\src\rwslibs\industrialrobot\policy\sdurws_ird_policy_contract_test.vcxproj]
D:\10_Source_Repos\21_robot\acc-t17-r2-repro\RobWork\RobWorkStudio\src\rwslibs\industrialrobot\runtime\test\ContractSuiteTest.cpp(65,9): warning C4005: “NOMINMAX”: 宏重定义 [D:\10_Source_Repos\21_robot\acc-t17-r2-repro\build\RobWorkStudio\src\rwslibs\industrialrobot\runtime\sdurws_ird_runtime_test.vcxproj]
      D:\10_Source_Repos\21_robot\acc-t17-r2-repro\RobWork\RobWorkStudio\src\rwslibs\industrialrobot\runtime\test\ContractSuiteTest.cpp(65,9):
      之前在命令行上声明的“NOMINMAX”
  
D:\10_Source_Repos\21_robot\acc-t17-r2-repro\RobWork\RobWorkStudio\src\rwslibs\industrialrobot\runtime\test\ContractSuiteTest.cpp(66,9): warning C4005: “WIN32_LEAN_AND_MEAN”: 宏重定义 [D:\10_Source_Repos\21_robot\acc-t17-r2-repro\build\RobWorkStudio\src\rwslibs\industrialrobot\runtime\sdurws_ird_runtime_test.vcxproj]
      D:\10_Source_Repos\21_robot\acc-t17-r2-repro\RobWork\RobWorkStudio\src\rwslibs\industrialrobot\runtime\test\ContractSuiteTest.cpp(66,9):
      之前在命令行上声明的“WIN32_LEAN_AND_MEAN”
  
  (编译源文件“../../../../../../RobWork/RobWorkStudio/src/rwslibs/industrialrobot/policy/test/PolicyProofMaterialContractTest.cpp”)
      D:\10_Source_Repos\21_robot\acc-t17-r2-repro\RobWork\RobWorkStudio\src\rwslibs\industrialrobot\policy\test\sdurws\ird\policy\testdouble\PolicyTestDoubles.hpp(253,10):
      参见“sdurws::ird::policy::testdoubles::ScriptedCollisionBackend::removeGeometry”的声明
  
D:\10_Source_Repos\21_robot\acc-t17-r2-repro\RobWork\RobWorkStudio\src\rwslibs\industrialrobot\policy\test\sdurws\ird\policy\testdouble\PolicyTestDoubles.hpp(306,7): warning C4250: “sdurws::ird::policy::testdoubles::ScriptedDistanceBackend”: 通过域控制继承“sdurws::ird::policy::testdoubles::ScriptedCollisionBackend::sdurws::ird::policy::testdoubles::ScriptedCollisionBackend::getGeometryIDs” [D:\10_Source_Repos\21_robot\acc-t17-r2-repro\build\RobWorkStudio\src\rwslibs\industrialrobot\policy\sdurws_ird_policy_contract_test.vcxproj]
  (编译源文件“../../../../../../RobWork/RobWorkStudio/src/rwslibs/industrialrobot/policy/test/PolicyProofMaterialContractTest.cpp”)
      D:\10_Source_Repos\21_robot\acc-t17-r2-repro\RobWork\RobWorkStudio\src\rwslibs\industrialrobot\policy\test\sdurws\ird\policy\testdouble\PolicyTestDoubles.hpp(258,30):
      参见“sdurws::ird::policy::testdoubles::ScriptedCollisionBackend::getGeometryIDs”的声明
  
D:\10_Source_Repos\21_robot\acc-t17-r2-repro\RobWork\RobWorkStudio\src\rwslibs\industrialrobot\policy\test\sdurws\ird\policy\testdouble\PolicyTestDoubles.hpp(306,7): warning C4250: “sdurws::ird::policy::testdoubles::ScriptedDistanceBackend”: 通过域控制继承“sdurws::ird::policy::testdoubles::ScriptedCollisionBackend::sdurws::ird::policy::testdoubles::ScriptedCollisionBackend::getGeometrys” [D:\10_Source_Repos\21_robot\acc-t17-r2-repro\build\RobWorkStudio\src\rwslibs\industrialrobot\policy\sdurws_ird_policy_contract_test.vcxproj]
D:\10_Source_Repos\21_robot\acc-t17-r2-repro\RobWork\RobWorkStudio\src\rwslibs\industrialrobot\policy\test\CollisionEvaluationTest.cpp(278,7): warning C4250: “`anonymous-namespace'::ScriptedDistanceBackend”: 通过域控制继承“`anonymous-namespace'::ScriptedCollisionBackend::`anonymous-namespace'::ScriptedCollisionBackend::createModel” [D:\10_Source_Repos\21_robot\acc-t17-r2-repro\build\RobWorkStudio\src\rwslibs\industrialrobot\policy\sdurws_ird_policy_test.vcxproj]
  (编译源文件“../../../../../../RobWork/RobWorkStudio/src/rwslibs/industrialrobot/policy/test/PolicyProofMaterialContractTest.cpp”)
      D:\10_Source_Repos\21_robot\acc-t17-r2-repro\RobWork\RobWorkStudio\src\rwslibs\industrialrobot\policy\test\sdurws\ird\policy\testdouble\PolicyTestDoubles.hpp(264,5):
      参见“sdurws::ird::policy::testdoubles::ScriptedCollisionBackend::getGeometrys”的声明
  
      D:\10_Source_Repos\21_robot\acc-t17-r2-repro\RobWork\RobWorkStudio\src\rwslibs\industrialrobot\policy\test\CollisionEvaluationTest.cpp(206,40):
      参见“`anonymous-namespace'::ScriptedCollisionBackend::createModel”的声明
  
D:\10_Source_Repos\21_robot\acc-t17-r2-repro\RobWork\RobWorkStudio\src\rwslibs\industrialrobot\policy\test\sdurws\ird\policy\testdouble\PolicyTestDoubles.hpp(306,7): warning C4250: “sdurws::ird::policy::testdoubles::ScriptedDistanceBackend”: 通过域控制继承“sdurws::ird::policy::testdoubles::ScriptedCollisionBackend::sdurws::ird::policy::testdoubles::ScriptedCollisionBackend::clear” [D:\10_Source_Repos\21_robot\acc-t17-r2-repro\build\RobWorkStudio\src\rwslibs\industrialrobot\policy\sdurws_ird_policy_contract_test.vcxproj]
D:\10_Source_Repos\21_robot\acc-t17-r2-repro\RobWork\RobWorkStudio\src\rwslibs\industrialrobot\policy\test\CollisionEvaluationTest.cpp(278,7): warning C4250: “`anonymous-namespace'::ScriptedDistanceBackend”: 通过域控制继承“`anonymous-namespace'::ScriptedCollisionBackend::`anonymous-namespace'::ScriptedCollisionBackend::destroyModel” [D:\10_Source_Repos\21_robot\acc-t17-r2-repro\build\RobWorkStudio\src\rwslibs\industrialrobot\policy\sdurws_ird_policy_test.vcxproj]
      D:\10_Source_Repos\21_robot\acc-t17-r2-repro\RobWork\RobWorkStudio\src\rwslibs\industrialrobot\policy\test\CollisionEvaluationTest.cpp(211,10):
      参见“`anonymous-namespace'::ScriptedCollisionBackend::destroyModel”的声明
  
  (编译源文件“../../../../../../RobWork/RobWorkStudio/src/rwslibs/industrialrobot/policy/test/PolicyProofMaterialContractTest.cpp”)
      D:\10_Source_Repos\21_robot\acc-t17-r2-repro\RobWork\RobWorkStudio\src\rwslibs\industrialrobot\policy\test\sdurws\ird\policy\testdouble\PolicyTestDoubles.hpp(269,10):
      参见“sdurws::ird::policy::testdoubles::ScriptedCollisionBackend::clear”的声明
  
D:\10_Source_Repos\21_robot\acc-t17-r2-repro\RobWork\RobWorkStudio\src\rwslibs\industrialrobot\policy\test\CollisionEvaluationTest.cpp(278,7): warning C4250: “`anonymous-namespace'::ScriptedDistanceBackend”: 通过域控制继承“`anonymous-namespace'::ScriptedCollisionBackend::`anonymous-namespace'::ScriptedCollisionBackend::addGeometry” [D:\10_Source_Repos\21_robot\acc-t17-r2-repro\build\RobWorkStudio\src\rwslibs\industrialrobot\policy\sdurws_ird_policy_test.vcxproj]
      D:\10_Source_Repos\21_robot\acc-t17-r2-repro\RobWork\RobWorkStudio\src\rwslibs\industrialrobot\policy\test\CollisionEvaluationTest.cpp(218,10):
      参见“`anonymous-namespace'::ScriptedCollisionBackend::addGeometry”的声明
  
D:\10_Source_Repos\21_robot\acc-t17-r2-repro\RobWork\RobWorkStudio\src\rwslibs\industrialrobot\policy\test\CollisionEvaluationTest.cpp(278,7): warning C4250: “`anonymous-namespace'::ScriptedDistanceBackend”: 通过域控制继承“`anonymous-namespace'::ScriptedCollisionBackend::`anonymous-namespace'::ScriptedCollisionBackend::removeGeometry” [D:\10_Source_Repos\21_robot\acc-t17-r2-repro\build\RobWorkStudio\src\rwslibs\industrialrobot\policy\sdurws_ird_policy_test.vcxproj]
      D:\10_Source_Repos\21_robot\acc-t17-r2-repro\RobWork\RobWorkStudio\src\rwslibs\industrialrobot\policy\test\CollisionEvaluationTest.cpp(227,10):
      参见“`anonymous-namespace'::ScriptedCollisionBackend::removeGeometry”的声明
  
D:\10_Source_Repos\21_robot\acc-t17-r2-repro\RobWork\RobWorkStudio\src\rwslibs\industrialrobot\policy\test\CollisionEvaluationTest.cpp(278,7): warning C4250: “`anonymous-namespace'::ScriptedDistanceBackend”: 通过域控制继承“`anonymous-namespace'::ScriptedCollisionBackend::`anonymous-namespace'::ScriptedCollisionBackend::getGeometryIDs” [D:\10_Source_Repos\21_robot\acc-t17-r2-repro\build\RobWorkStudio\src\rwslibs\industrialrobot\policy\sdurws_ird_policy_test.vcxproj]
      D:\10_Source_Repos\21_robot\acc-t17-r2-repro\RobWork\RobWorkStudio\src\rwslibs\industrialrobot\policy\test\CollisionEvaluationTest.cpp(232,30):
      参见“`anonymous-namespace'::ScriptedCollisionBackend::getGeometryIDs”的声明
  
D:\10_Source_Repos\21_robot\acc-t17-r2-repro\RobWork\RobWorkStudio\src\rwslibs\industrialrobot\policy\test\CollisionEvaluationTest.cpp(278,7): warning C4250: “`anonymous-namespace'::ScriptedDistanceBackend”: 通过域控制继承“`anonymous-namespace'::ScriptedCollisionBackend::`anonymous-namespace'::ScriptedCollisionBackend::getGeometrys” [D:\10_Source_Repos\21_robot\acc-t17-r2-repro\build\RobWorkStudio\src\rwslibs\industrialrobot\policy\sdurws_ird_policy_test.vcxproj]
      D:\10_Source_Repos\21_robot\acc-t17-r2-repro\RobWork\RobWorkStudio\src\rwslibs\industrialrobot\policy\test\CollisionEvaluationTest.cpp(238,5):
      参见“`anonymous-namespace'::ScriptedCollisionBackend::getGeometrys”的声明
  
D:\10_Source_Repos\21_robot\acc-t17-r2-repro\RobWork\RobWorkStudio\src\rwslibs\industrialrobot\policy\test\CollisionEvaluationTest.cpp(278,7): warning C4250: “`anonymous-namespace'::ScriptedDistanceBackend”: 通过域控制继承“`anonymous-namespace'::ScriptedCollisionBackend::`anonymous-namespace'::ScriptedCollisionBackend::clear” [D:\10_Source_Repos\21_robot\acc-t17-r2-repro\build\RobWorkStudio\src\rwslibs\industrialrobot\policy\sdurws_ird_policy_test.vcxproj]
      D:\10_Source_Repos\21_robot\acc-t17-r2-repro\RobWork\RobWorkStudio\src\rwslibs\industrialrobot\policy\test\CollisionEvaluationTest.cpp(243,10):
      参见“`anonymous-namespace'::ScriptedCollisionBackend::clear”的声明
  
  sdurws_ird_reporting.vcxproj -> D:\10_Source_Repos\21_robot\acc-t17-r2-repro\build\RobWorkStudio\libs\Release\sdurws_ird_reporting.lib
  Automatic MOC for target sdurws_ird_reporting_contract_test
  Automatic MOC for target sdurws_ird_reporting_test
  sdurws_planning.vcxproj -> D:\10_Source_Repos\21_robot\acc-t17-r2-repro\build\RobWorkStudio\libs\Release\sdurws_planning.lib
  Building Custom Rule D:/10_Source_Repos/21_robot/acc-t17-r2-repro/RobWork/RobWorkStudio/src/rwslibs/industrialrobot/reporting/CMakeLists.txt
  Building Custom Rule D:/10_Source_Repos/21_robot/acc-t17-r2-repro/RobWork/RobWorkStudio/src/rwslibs/industrialrobot/reporting/CMakeLists.txt
  TestMainReport.cpp
  LinkageContractTest.cpp
  IdentityCrossUnitContractTest.cpp
  EvidenceCrossUnitContractTest.cpp
  SectionCrossUnitContractTest.cpp
  BuilderCrossUnitContractTest.cpp
  RenderCrossUnitContractTest.cpp
  ConsistencyCrossUnitContractTest.cpp
  ArchiveCrossUnitContractTest.cpp
  BundleCrossUnitContractTest.cpp
  ModelSummaryTaskStatusCrossUnitContractTest.cpp
  mocs_compilation_Release.cpp
  sdurws_ird_evidence_test.vcxproj -> D:\10_Source_Repos\21_robot\acc-t17-r2-repro\build\RobWorkStudio\bin\Release\sdurws_ird_evidence_test.exe
  Automatic MOC for target sdurws_ird_execution_test
  Automatic MOC for target sdurws_ird_ui_contract_test
  sdurws_ird_policy_contract_test.vcxproj -> D:\10_Source_Repos\21_robot\acc-t17-r2-repro\build\RobWorkStudio\bin\Release\sdurws_ird_policy_contract_test.exe
  TestMainReport.cpp
  BuildRedLineTest.cpp
  ErrorsIdentityTest.cpp
  ReportModelTest.cpp
  sdurws_ird_policy_test.vcxproj -> D:\10_Source_Repos\21_robot\acc-t17-r2-repro\build\RobWorkStudio\bin\Release\sdurws_ird_policy_test.exe
  SectionsTest.cpp
  SectionProviderTest.cpp
  BuilderTest.cpp
  RenderTest.cpp
  ConsistencyTest.cpp
  ArchiveExportTest.cpp
  BundleTest.cpp
  ModelSummaryTest.cpp
  TaskStatusSourceTest.cpp
  ReportingContractSuiteTest.cpp
  mocs_compilation_Release.cpp
  Building Custom Rule D:/10_Source_Repos/21_robot/acc-t17-r2-repro/RobWork/RobWorkStudio/src/rwslibs/industrialrobot/execution/CMakeLists.txt
  Building Custom Rule D:/10_Source_Repos/21_robot/acc-t17-r2-repro/RobWork/RobWorkStudio/src/rwslibs/industrialrobot/ui/CMakeLists.txt
  open_for_read("D:/10_Source_Repos/21_robot/acc-t17-r2-repro/build/RobWorkStudio/bin/Release\sdurw_proximity.dll"): permission denied
D:\software\Microsoft Visual Studio\2022\Community\MSBuild\Microsoft\VC\v170\Microsoft.CppCommon.targets(166,5): error MSB3073: 命令“setlocal [D:\10_Source_Repos\21_robot\acc-t17-r2-repro\build\RobWorkStudio\src\rwslibs\industrialrobot\policy\sdurws_ird_policy_test.vcxproj]
D:\software\Microsoft Visual Studio\2022\Community\MSBuild\Microsoft\VC\v170\Microsoft.CppCommon.targets(166,5): error MSB3073: D:\10_Source_Repos\21_robot\RobWork\vcpkg\vcpkg.exe z-applocal --target-binary=D:/10_Source_Repos/21_robot/acc-t17-r2-repro/build/RobWorkStudio/bin/Release/sdurws_ird_policy_test.exe --installed-bin-dir=D:/10_Source_Repos/21_robot/RobWork/vcpkg/installed/x64-windows/bin [D:\10_Source_Repos\21_robot\acc-t17-r2-repro\build\RobWorkStudio\src\rwslibs\industrialrobot\policy\sdurws_ird_policy_test.vcxproj]
D:\software\Microsoft Visual Studio\2022\Community\MSBuild\Microsoft\VC\v170\Microsoft.CppCommon.targets(166,5): error MSB3073: if %errorlevel% neq 0 goto :cmEnd [D:\10_Source_Repos\21_robot\acc-t17-r2-repro\build\RobWorkStudio\src\rwslibs\industrialrobot\policy\sdurws_ird_policy_test.vcxproj]
D:\software\Microsoft Visual Studio\2022\Community\MSBuild\Microsoft\VC\v170\Microsoft.CppCommon.targets(166,5): error MSB3073: :cmEnd [D:\10_Source_Repos\21_robot\acc-t17-r2-repro\build\RobWorkStudio\src\rwslibs\industrialrobot\policy\sdurws_ird_policy_test.vcxproj]
D:\software\Microsoft Visual Studio\2022\Community\MSBuild\Microsoft\VC\v170\Microsoft.CppCommon.targets(166,5): error MSB3073: endlocal & call :cmErrorLevel %errorlevel% & goto :cmDone [D:\10_Source_Repos\21_robot\acc-t17-r2-repro\build\RobWorkStudio\src\rwslibs\industrialrobot\policy\sdurws_ird_policy_test.vcxproj]
D:\software\Microsoft Visual Studio\2022\Community\MSBuild\Microsoft\VC\v170\Microsoft.CppCommon.targets(166,5): error MSB3073: :cmErrorLevel [D:\10_Source_Repos\21_robot\acc-t17-r2-repro\build\RobWorkStudio\src\rwslibs\industrialrobot\policy\sdurws_ird_policy_test.vcxproj]
D:\software\Microsoft Visual Studio\2022\Community\MSBuild\Microsoft\VC\v170\Microsoft.CppCommon.targets(166,5): error MSB3073: exit /b %1 [D:\10_Source_Repos\21_robot\acc-t17-r2-repro\build\RobWorkStudio\src\rwslibs\industrialrobot\policy\sdurws_ird_policy_test.vcxproj]
D:\software\Microsoft Visual Studio\2022\Community\MSBuild\Microsoft\VC\v170\Microsoft.CppCommon.targets(166,5): error MSB3073: :cmDone [D:\10_Source_Repos\21_robot\acc-t17-r2-repro\build\RobWorkStudio\src\rwslibs\industrialrobot\policy\sdurws_ird_policy_test.vcxproj]
D:\software\Microsoft Visual Studio\2022\Community\MSBuild\Microsoft\VC\v170\Microsoft.CppCommon.targets(166,5): error MSB3073: if %errorlevel% neq 0 goto :VCEnd [D:\10_Source_Repos\21_robot\acc-t17-r2-repro\build\RobWorkStudio\src\rwslibs\industrialrobot\policy\sdurws_ird_policy_test.vcxproj]
D:\software\Microsoft Visual Studio\2022\Community\MSBuild\Microsoft\VC\v170\Microsoft.CppCommon.targets(166,5): error MSB3073: setlocal [D:\10_Source_Repos\21_robot\acc-t17-r2-repro\build\RobWorkStudio\src\rwslibs\industrialrobot\policy\sdurws_ird_policy_test.vcxproj]
D:\software\Microsoft Visual Studio\2022\Community\MSBuild\Microsoft\VC\v170\Microsoft.CppCommon.targets(166,5): error MSB3073: D:\software\CMake\bin\cmake.exe -E copy_if_different D:/10_Source_Repos/21_robot/RobWork/vcpkg/installed/x64-windows/bin/gtest_main.dll D:/10_Source_Repos/21_robot/acc-t17-r2-repro/build/RobWork/bin/Release/sdurw_proximity.dll D:/10_Source_Repos/21_robot/acc-t17-r2-repro/build/RobWork/bin/Release/sdurw_models.dll D:/10_Source_Repos/21_robot/acc-t17-r2-repro/build/RobWork/bin/Release/sdurw_sensor.dll D:/10_Source_Repos/21_robot/acc-t17-r2-repro/build/RobWork/bin/Release/sdurw_geometry.dll D:/10_Source_Repos/21_robot/acc-t17-r2-repro/build/RobWork/bin/Release/sdurw_kinematics.dll D:/10_Source_Repos/21_robot/RobWork/vcpkg/installed/x64-windows/bin/qhull_r.dll D:/10_Source_Repos/21_robot/acc-t17-r2-repro/build/RobWork/bin/Release/sdurw_math.dll D:/10_Source_Repos/21_robot/acc-t17-r2-repro/build/RobWork/bin/Release/sdurw_common.dll D:/10_Source_Repos/21_robot/acc-t17-r2-repro/build/RobWork/bin/Release/sdurw_core.dll D:/10_Source_Repos/21_robot/RobWork/vcpkg/installed/x64-windows/bin/boost_filesystem-vc143-mt-x64-1_92.dll D:/10_Source_Repos/21_robot/RobWork/vcpkg/installed/x64-windows/bin/boost_thread-vc143-mt-x64-1_92.dll D:/10_Source_Repos/21_robot/RobWork/vcpkg/installed/x64-windows/bin/boost_atomic-vc143-mt-x64-1_92.dll D:/10_Source_Repos/21_robot/RobWork/vcpkg/installed/x64-windows/bin/boost_chrono-vc143-mt-x64-1_92.dll D:/10_Source_Repos/21_robot/RobWork/vcpkg/installed/x64-windows/bin/boost_program_options-vc143-mt-x64-1_92.dll D:/10_Source_Repos/21_robot/RobWork/vcpkg/installed/x64-windows/bin/boost_date_time-vc143-mt-x64-1_92.dll D:/10_Source_Repos/21_robot/RobWork/vcpkg/installed/x64-windows/bin/boost_container-vc143-mt-x64-1_92.dll D:/10_Source_Repos/21_robot/RobWork/vcpkg/installed/x64-windows/bin/gtest.dll D:/10_Source_Repos/21_robot/acc-t17-r2-repro/build/RobWorkStudio/bin/Release [D:\10_Source_Repos\21_robot\acc-t17-r2-repro\build\RobWorkStudio\src\rwslibs\industrialrobot\policy\sdurws_ird_policy_test.vcxproj]
D:\software\Microsoft Visual Studio\2022\Community\MSBuild\Microsoft\VC\v170\Microsoft.CppCommon.targets(166,5): error MSB3073: if %errorlevel% neq 0 goto :cmEnd [D:\10_Source_Repos\21_robot\acc-t17-r2-repro\build\RobWorkStudio\src\rwslibs\industrialrobot\policy\sdurws_ird_policy_test.vcxproj]
D:\software\Microsoft Visual Studio\2022\Community\MSBuild\Microsoft\VC\v170\Microsoft.CppCommon.targets(166,5): error MSB3073: :cmEnd [D:\10_Source_Repos\21_robot\acc-t17-r2-repro\build\RobWorkStudio\src\rwslibs\industrialrobot\policy\sdurws_ird_policy_test.vcxproj]
D:\software\Microsoft Visual Studio\2022\Community\MSBuild\Microsoft\VC\v170\Microsoft.CppCommon.targets(166,5): error MSB3073: endlocal & call :cmErrorLevel %errorlevel% & goto :cmDone [D:\10_Source_Repos\21_robot\acc-t17-r2-repro\build\RobWorkStudio\src\rwslibs\industrialrobot\policy\sdurws_ird_policy_test.vcxproj]
D:\software\Microsoft Visual Studio\2022\Community\MSBuild\Microsoft\VC\v170\Microsoft.CppCommon.targets(166,5): error MSB3073: :cmErrorLevel [D:\10_Source_Repos\21_robot\acc-t17-r2-repro\build\RobWorkStudio\src\rwslibs\industrialrobot\policy\sdurws_ird_policy_test.vcxproj]
D:\software\Microsoft Visual Studio\2022\Community\MSBuild\Microsoft\VC\v170\Microsoft.CppCommon.targets(166,5): error MSB3073: exit /b %1 [D:\10_Source_Repos\21_robot\acc-t17-r2-repro\build\RobWorkStudio\src\rwslibs\industrialrobot\policy\sdurws_ird_policy_test.vcxproj]
D:\software\Microsoft Visual Studio\2022\Community\MSBuild\Microsoft\VC\v170\Microsoft.CppCommon.targets(166,5): error MSB3073: :cmDone [D:\10_Source_Repos\21_robot\acc-t17-r2-repro\build\RobWorkStudio\src\rwslibs\industrialrobot\policy\sdurws_ird_policy_test.vcxproj]
D:\software\Microsoft Visual Studio\2022\Community\MSBuild\Microsoft\VC\v170\Microsoft.CppCommon.targets(166,5): error MSB3073: if %errorlevel% neq 0 goto :VCEnd [D:\10_Source_Repos\21_robot\acc-t17-r2-repro\build\RobWorkStudio\src\rwslibs\industrialrobot\policy\sdurws_ird_policy_test.vcxproj]
D:\software\Microsoft Visual Studio\2022\Community\MSBuild\Microsoft\VC\v170\Microsoft.CppCommon.targets(166,5): error MSB3073: :VCEnd”已退出，代码为 1。 [D:\10_Source_Repos\21_robot\acc-t17-r2-repro\build\RobWorkStudio\src\rwslibs\industrialrobot\policy\sdurws_ird_policy_test.vcxproj]
  Automatic MOC for target sdurws_ird_execution_contract_test
  TestMainReport.cpp
  BuildRedLineTest.cpp
  TestMainReport.cpp
  TaskStateMachineTest.cpp
  CancelProtocolTest.cpp
  RunRegistryAdmissionTest.cpp
  SchedulerEventBusTest.cpp
  LinkageContractTest.cpp
  SessionContractTest.cpp
  ChannelProtocolTest.cpp
  DraftContractTest.cpp
  ResourceGovernanceTest.cpp
  CheckpointCacheTest.cpp
  ContractSuiteFacilitiesTest.cpp
  mocs_compilation_Release.cpp
  InteractionTaskContractTest.cpp
  PeerBridgeContractTest.cpp
  Section12RegistryTest.cpp
  mocs_compilation_Release.cpp
D:\10_Source_Repos\21_robot\acc-t17-r2-repro\RobWork\RobWorkStudio\src\rwslibs\industrialrobot\execution\test\CheckpointCacheTest.cpp(62,9): warning C4005: “NOMINMAX”: 宏重定义 [D:\10_Source_Repos\21_robot\acc-t17-r2-repro\build\RobWorkStudio\src\rwslibs\industrialrobot\execution\sdurws_ird_execution_test.vcxproj]
      D:\10_Source_Repos\21_robot\acc-t17-r2-repro\RobWork\RobWorkStudio\src\rwslibs\industrialrobot\execution\test\CheckpointCacheTest.cpp(62,9):
      之前在命令行上声明的“NOMINMAX”
  
D:\10_Source_Repos\21_robot\acc-t17-r2-repro\RobWork\RobWorkStudio\src\rwslibs\industrialrobot\execution\test\CheckpointCacheTest.cpp(63,9): warning C4005: “WIN32_LEAN_AND_MEAN”: 宏重定义 [D:\10_Source_Repos\21_robot\acc-t17-r2-repro\build\RobWorkStudio\src\rwslibs\industrialrobot\execution\sdurws_ird_execution_test.vcxproj]
      D:\10_Source_Repos\21_robot\acc-t17-r2-repro\RobWork\RobWorkStudio\src\rwslibs\industrialrobot\execution\test\CheckpointCacheTest.cpp(63,9):
      之前在命令行上声明的“WIN32_LEAN_AND_MEAN”
  
D:\10_Source_Repos\21_robot\acc-t17-r2-repro\RobWork\RobWorkStudio\src\rwslibs\industrialrobot\execution\test\ResourceGovernanceTest.cpp(77,9): warning C4005: “NOMINMAX”: 宏重定义 [D:\10_Source_Repos\21_robot\acc-t17-r2-repro\build\RobWorkStudio\src\rwslibs\industrialrobot\execution\sdurws_ird_execution_test.vcxproj]
      D:\10_Source_Repos\21_robot\acc-t17-r2-repro\RobWork\RobWorkStudio\src\rwslibs\industrialrobot\execution\test\ResourceGovernanceTest.cpp(77,9):
      之前在命令行上声明的“NOMINMAX”
  
D:\10_Source_Repos\21_robot\acc-t17-r2-repro\RobWork\RobWorkStudio\src\rwslibs\industrialrobot\execution\test\ResourceGovernanceTest.cpp(78,9): warning C4005: “WIN32_LEAN_AND_MEAN”: 宏重定义 [D:\10_Source_Repos\21_robot\acc-t17-r2-repro\build\RobWorkStudio\src\rwslibs\industrialrobot\execution\sdurws_ird_execution_test.vcxproj]
      D:\10_Source_Repos\21_robot\acc-t17-r2-repro\RobWork\RobWorkStudio\src\rwslibs\industrialrobot\execution\test\ResourceGovernanceTest.cpp(78,9):
      之前在命令行上声明的“WIN32_LEAN_AND_MEAN”
  
D:\10_Source_Repos\21_robot\acc-t17-r2-repro\RobWork\RobWorkStudio\src\rwslibs\industrialrobot\execution\test\RunRegistryAdmissionTest.cpp(52,9): warning C4005: “NOMINMAX”: 宏重定义 [D:\10_Source_Repos\21_robot\acc-t17-r2-repro\build\RobWorkStudio\src\rwslibs\industrialrobot\execution\sdurws_ird_execution_test.vcxproj]
      D:\10_Source_Repos\21_robot\acc-t17-r2-repro\RobWork\RobWorkStudio\src\rwslibs\industrialrobot\execution\test\RunRegistryAdmissionTest.cpp(52,9):
      之前在命令行上声明的“NOMINMAX”
  
D:\10_Source_Repos\21_robot\acc-t17-r2-repro\RobWork\RobWorkStudio\src\rwslibs\industrialrobot\execution\test\RunRegistryAdmissionTest.cpp(53,9): warning C4005: “WIN32_LEAN_AND_MEAN”: 宏重定义 [D:\10_Source_Repos\21_robot\acc-t17-r2-repro\build\RobWorkStudio\src\rwslibs\industrialrobot\execution\sdurws_ird_execution_test.vcxproj]
      D:\10_Source_Repos\21_robot\acc-t17-r2-repro\RobWork\RobWorkStudio\src\rwslibs\industrialrobot\execution\test\RunRegistryAdmissionTest.cpp(53,9):
      之前在命令行上声明的“WIN32_LEAN_AND_MEAN”
  
D:\10_Source_Repos\21_robot\acc-t17-r2-repro\RobWork\RobWorkStudio\src\rwslibs\industrialrobot\execution\test\SchedulerEventBusTest.cpp(61,9): warning C4005: “NOMINMAX”: 宏重定义 [D:\10_Source_Repos\21_robot\acc-t17-r2-repro\build\RobWorkStudio\src\rwslibs\industrialrobot\execution\sdurws_ird_execution_test.vcxproj]
      D:\10_Source_Repos\21_robot\acc-t17-r2-repro\RobWork\RobWorkStudio\src\rwslibs\industrialrobot\execution\test\SchedulerEventBusTest.cpp(61,9):
      之前在命令行上声明的“NOMINMAX”
  
D:\10_Source_Repos\21_robot\acc-t17-r2-repro\RobWork\RobWorkStudio\src\rwslibs\industrialrobot\execution\test\SchedulerEventBusTest.cpp(62,9): warning C4005: “WIN32_LEAN_AND_MEAN”: 宏重定义 [D:\10_Source_Repos\21_robot\acc-t17-r2-repro\build\RobWorkStudio\src\rwslibs\industrialrobot\execution\sdurws_ird_execution_test.vcxproj]
      D:\10_Source_Repos\21_robot\acc-t17-r2-repro\RobWork\RobWorkStudio\src\rwslibs\industrialrobot\execution\test\SchedulerEventBusTest.cpp(62,9):
      之前在命令行上声明的“WIN32_LEAN_AND_MEAN”
  
D:\10_Source_Repos\21_robot\acc-t17-r2-repro\RobWork\RobWorkStudio\src\rwslibs\industrialrobot\execution\test\RunRegistryAdmissionTest.cpp(1236,26): warning C4834: 放弃具有 [[nodiscard]] 属性的函数的返回值 [D:\10_Source_Repos\21_robot\acc-t17-r2-repro\build\RobWorkStudio\src\rwslibs\industrialrobot\execution\sdurws_ird_execution_test.vcxproj]
D:\10_Source_Repos\21_robot\acc-t17-r2-repro\RobWork\RobWorkStudio\src\rwslibs\industrialrobot\execution\test\RunRegistryAdmissionTest.cpp(1258,26): warning C4834: 放弃具有 [[nodiscard]] 属性的函数的返回值 [D:\10_Source_Repos\21_robot\acc-t17-r2-repro\build\RobWorkStudio\src\rwslibs\industrialrobot\execution\sdurws_ird_execution_test.vcxproj]
  Building Custom Rule D:/10_Source_Repos/21_robot/acc-t17-r2-repro/RobWork/RobWorkStudio/src/rwslibs/industrialrobot/execution/CMakeLists.txt
  sdurws_ird_modeling.vcxproj -> D:\10_Source_Repos\21_robot\acc-t17-r2-repro\build\RobWorkStudio\libs\Release\sdurws_ird_modeling.lib
  Automatic MOC for target sdurws_robworkstudioapp
  ContractTestMain.cpp
  LinkageContractTest.cpp
  IdentityVocabularyContractTest.cpp
  ArchiveCollaborationContractTest.cpp
  EventBusDeliveryContractTest.cpp
  WorkerProcessContractTest.cpp
  CacheJudgeContractTest.cpp
  ArchiveFaultContractTest.cpp
  RecoveryProcessContractTest.cpp
  RecoveryChild.cpp
  mocs_compilation_Release.cpp
D:\10_Source_Repos\21_robot\acc-t17-r2-repro\RobWork\RobWorkStudio\src\rwslibs\industrialrobot\execution\contract_test\ArchiveCollaborationContractTest.cpp(53,9): warning C4005: “NOMINMAX”: 宏重定义 [D:\10_Source_Repos\21_robot\acc-t17-r2-repro\build\RobWorkStudio\src\rwslibs\industrialrobot\execution\sdurws_ird_execution_contract_test.vcxproj]
      D:\10_Source_Repos\21_robot\acc-t17-r2-repro\RobWork\RobWorkStudio\src\rwslibs\industrialrobot\execution\contract_test\ArchiveCollaborationContractTest.cpp(53,9):
      之前在命令行上声明的“NOMINMAX”
  
D:\10_Source_Repos\21_robot\acc-t17-r2-repro\RobWork\RobWorkStudio\src\rwslibs\industrialrobot\execution\contract_test\ArchiveCollaborationContractTest.cpp(54,9): warning C4005: “WIN32_LEAN_AND_MEAN”: 宏重定义 [D:\10_Source_Repos\21_robot\acc-t17-r2-repro\build\RobWorkStudio\src\rwslibs\industrialrobot\execution\sdurws_ird_execution_contract_test.vcxproj]
      D:\10_Source_Repos\21_robot\acc-t17-r2-repro\RobWork\RobWorkStudio\src\rwslibs\industrialrobot\execution\contract_test\ArchiveCollaborationContractTest.cpp(54,9):
      之前在命令行上声明的“WIN32_LEAN_AND_MEAN”
  
  sdurws_ird_reporting_contract_test.vcxproj -> D:\10_Source_Repos\21_robot\acc-t17-r2-repro\build\RobWorkStudio\bin\Release\sdurws_ird_reporting_contract_test.exe
D:\10_Source_Repos\21_robot\acc-t17-r2-repro\RobWork\RobWorkStudio\src\rwslibs\industrialrobot\execution\contract_test\CacheJudgeContractTest.cpp(53,9): warning C4005: “NOMINMAX”: 宏重定义 [D:\10_Source_Repos\21_robot\acc-t17-r2-repro\build\RobWorkStudio\src\rwslibs\industrialrobot\execution\sdurws_ird_execution_contract_test.vcxproj]
      D:\10_Source_Repos\21_robot\acc-t17-r2-repro\RobWork\RobWorkStudio\src\rwslibs\industrialrobot\execution\contract_test\CacheJudgeContractTest.cpp(53,9):
      之前在命令行上声明的“NOMINMAX”
  
D:\10_Source_Repos\21_robot\acc-t17-r2-repro\RobWork\RobWorkStudio\src\rwslibs\industrialrobot\execution\contract_test\CacheJudgeContractTest.cpp(54,9): warning C4005: “WIN32_LEAN_AND_MEAN”: 宏重定义 [D:\10_Source_Repos\21_robot\acc-t17-r2-repro\build\RobWorkStudio\src\rwslibs\industrialrobot\execution\sdurws_ird_execution_contract_test.vcxproj]
      D:\10_Source_Repos\21_robot\acc-t17-r2-repro\RobWork\RobWorkStudio\src\rwslibs\industrialrobot\execution\contract_test\CacheJudgeContractTest.cpp(54,9):
      之前在命令行上声明的“WIN32_LEAN_AND_MEAN”
  
  sdurws_ird_runtime_test.vcxproj -> D:\10_Source_Repos\21_robot\acc-t17-r2-repro\build\RobWorkStudio\bin\Release\sdurws_ird_runtime_test.exe
D:\10_Source_Repos\21_robot\acc-t17-r2-repro\RobWork\RobWorkStudio\src\rwslibs\industrialrobot\execution\contract_test\ArchiveFaultContractTest.cpp(70,9): warning C4005: “NOMINMAX”: 宏重定义 [D:\10_Source_Repos\21_robot\acc-t17-r2-repro\build\RobWorkStudio\src\rwslibs\industrialrobot\execution\sdurws_ird_execution_contract_test.vcxproj]
      D:\10_Source_Repos\21_robot\acc-t17-r2-repro\RobWork\RobWorkStudio\src\rwslibs\industrialrobot\execution\contract_test\ArchiveFaultContractTest.cpp(70,9):
      之前在命令行上声明的“NOMINMAX”
  
D:\10_Source_Repos\21_robot\acc-t17-r2-repro\RobWork\RobWorkStudio\src\rwslibs\industrialrobot\execution\contract_test\ArchiveFaultContractTest.cpp(71,9): warning C4005: “WIN32_LEAN_AND_MEAN”: 宏重定义 [D:\10_Source_Repos\21_robot\acc-t17-r2-repro\build\RobWorkStudio\src\rwslibs\industrialrobot\execution\sdurws_ird_execution_contract_test.vcxproj]
      D:\10_Source_Repos\21_robot\acc-t17-r2-repro\RobWork\RobWorkStudio\src\rwslibs\industrialrobot\execution\contract_test\ArchiveFaultContractTest.cpp(71,9):
      之前在命令行上声明的“WIN32_LEAN_AND_MEAN”
  
D:\10_Source_Repos\21_robot\acc-t17-r2-repro\RobWork\RobWorkStudio\src\rwslibs\industrialrobot\execution\contract_test\RecoveryProcessContractTest.cpp(61,9): warning C4005: “NOMINMAX”: 宏重定义 [D:\10_Source_Repos\21_robot\acc-t17-r2-repro\build\RobWorkStudio\src\rwslibs\industrialrobot\execution\sdurws_ird_execution_contract_test.vcxproj]
      D:\10_Source_Repos\21_robot\acc-t17-r2-repro\RobWork\RobWorkStudio\src\rwslibs\industrialrobot\execution\contract_test\RecoveryProcessContractTest.cpp(61,9):
      之前在命令行上声明的“NOMINMAX”
  
D:\10_Source_Repos\21_robot\acc-t17-r2-repro\RobWork\RobWorkStudio\src\rwslibs\industrialrobot\execution\contract_test\RecoveryProcessContractTest.cpp(62,9): warning C4005: “WIN32_LEAN_AND_MEAN”: 宏重定义 [D:\10_Source_Repos\21_robot\acc-t17-r2-repro\build\RobWorkStudio\src\rwslibs\industrialrobot\execution\sdurws_ird_execution_contract_test.vcxproj]
      D:\10_Source_Repos\21_robot\acc-t17-r2-repro\RobWork\RobWorkStudio\src\rwslibs\industrialrobot\execution\contract_test\RecoveryProcessContractTest.cpp(62,9):
      之前在命令行上声明的“WIN32_LEAN_AND_MEAN”
  
D:\10_Source_Repos\21_robot\acc-t17-r2-repro\RobWork\RobWorkStudio\src\rwslibs\industrialrobot\execution\contract_test\WorkerProcessContractTest.cpp(72,9): warning C4005: “NOMINMAX”: 宏重定义 [D:\10_Source_Repos\21_robot\acc-t17-r2-repro\build\RobWorkStudio\src\rwslibs\industrialrobot\execution\sdurws_ird_execution_contract_test.vcxproj]
      D:\10_Source_Repos\21_robot\acc-t17-r2-repro\RobWork\RobWorkStudio\src\rwslibs\industrialrobot\execution\contract_test\WorkerProcessContractTest.cpp(72,9):
      之前在命令行上声明的“NOMINMAX”
  
D:\10_Source_Repos\21_robot\acc-t17-r2-repro\RobWork\RobWorkStudio\src\rwslibs\industrialrobot\execution\contract_test\WorkerProcessContractTest.cpp(73,9): warning C4005: “WIN32_LEAN_AND_MEAN”: 宏重定义 [D:\10_Source_Repos\21_robot\acc-t17-r2-repro\build\RobWorkStudio\src\rwslibs\industrialrobot\execution\sdurws_ird_execution_contract_test.vcxproj]
      D:\10_Source_Repos\21_robot\acc-t17-r2-repro\RobWork\RobWorkStudio\src\rwslibs\industrialrobot\execution\contract_test\WorkerProcessContractTest.cpp(73,9):
      之前在命令行上声明的“WIN32_LEAN_AND_MEAN”
  
D:\10_Source_Repos\21_robot\acc-t17-r2-repro\RobWork\RobWorkStudio\src\rwslibs\industrialrobot\execution\contract_test\ArchiveFaultContractTest.cpp(718,26): warning C4834: 放弃具有 [[nodiscard]] 属性的函数的返回值 [D:\10_Source_Repos\21_robot\acc-t17-r2-repro\build\RobWorkStudio\src\rwslibs\industrialrobot\execution\sdurws_ird_execution_contract_test.vcxproj]
  Building Custom Rule D:/10_Source_Repos/21_robot/acc-t17-r2-repro/RobWork/RobWorkStudio/src/rwslibs/rwstudioapp/CMakeLists.txt
  Automatic MOC for target sdurws_ird_modeling_test
  Automatic MOC for target sdurws_ird_modeling_contract_test
  Building Custom Rule D:/10_Source_Repos/21_robot/acc-t17-r2-repro/RobWork/RobWorkStudio/src/rwslibs/industrialrobot/modeling/CMakeLists.txt
  sdurws_ird_ui_contract_test.vcxproj -> D:\10_Source_Repos\21_robot\acc-t17-r2-repro\build\RobWorkStudio\bin\Release\sdurws_ird_ui_contract_test.exe
  Building Custom Rule D:/10_Source_Repos/21_robot/acc-t17-r2-repro/RobWork/RobWorkStudio/src/rwslibs/industrialrobot/modeling/CMakeLists.txt
  TestMainReport.cpp
  ObjectTypesTest.cpp
  ErrorsTest.cpp
  DiagCodesTest.cpp
  BuildRedLineTest.cpp
  RobotDesignTest.cpp
  PartsTest.cpp
  CodecTest.cpp
  PropertyEstimationTest.cpp
  ContractTestMain.cpp
  BuildGraphContractTest.cpp
  CommandPipelineContractTest.cpp
  ImportTest.cpp
  XacroExpandTest.cpp
  TemplateTest.cpp
  mocs_compilation_Release.cpp
  ReadinessTest.cpp
  CommandHandlersTest.cpp
  mocs_compilation_Release.cpp
  RobWorkStudioApp.cpp
  mocs_compilation_Release.cpp
  sdurws_ird_execution_test.vcxproj -> D:\10_Source_Repos\21_robot\acc-t17-r2-repro\build\RobWorkStudio\bin\Release\sdurws_ird_execution_test.exe
  sdurws_ird_reporting_test.vcxproj -> D:\10_Source_Repos\21_robot\acc-t17-r2-repro\build\RobWorkStudio\bin\Release\sdurws_ird_reporting_test.exe
  sdurws_ird_execution_contract_test.vcxproj -> D:\10_Source_Repos\21_robot\acc-t17-r2-repro\build\RobWorkStudio\bin\Release\sdurws_ird_execution_contract_test.exe
  sdurws_ird_modeling_contract_test.vcxproj -> D:\10_Source_Repos\21_robot\acc-t17-r2-repro\build\RobWorkStudio\bin\Release\sdurws_ird_modeling_contract_test.exe
  sdurws_ird_modeling_test.vcxproj -> D:\10_Source_Repos\21_robot\acc-t17-r2-repro\build\RobWorkStudio\bin\Release\sdurws_ird_modeling_test.exe
  D:\10_Source_Repos\21_robot\RobWork\vcpkg\installed\x64-windows\bin\pugixml.dll -> D:\10_Source_Repos\21_robot\acc-t17-r2-repro\build\RobWorkStudio\bin\Release\pugixml.dll done
  sdurws_robworkstudioapp.vcxproj -> D:\10_Source_Repos\21_robot\acc-t17-r2-repro\build\RobWorkStudio\libs\Release\sdurws_robworkstudioapp.lib
  Automatic MOC for target RobWorkStudio
  Building Custom Rule D:/10_Source_Repos/21_robot/acc-t17-r2-repro/RobWork/RobWorkStudio/src/CMakeLists.txt
  main.cpp
  mocs_compilation_Release.cpp
    正在创建库 D:/10_Source_Repos/21_robot/acc-t17-r2-repro/build/RobWorkStudio/libs/Release/RobWorkStudio.lib 和对象 D:/10_Source_Repos/21_robot/acc-t17-r2-repro/build/RobWorkStudio/libs/Release/RobWorkStudio.exp
  RobWorkStudio.vcxproj -> D:\10_Source_Repos\21_robot\acc-t17-r2-repro\build\RobWorkStudio\bin\Release\RobWorkStudio.exe
  	Copying RobWork runtime DLLs next to RobWorkStudio
  D:\10_Source_Repos\21_robot\RobWork\vcpkg\installed\x64-windows\bin\freeglut.dll -> D:\10_Source_Repos\21_robot\acc-t17-r2-repro\build\RobWorkStudio\bin\Release\freeglut.dll done
  D:\10_Source_Repos\21_robot\RobWork\vcpkg\installed\x64-windows\bin\xerces-c_3_3.dll -> D:\10_Source_Repos\21_robot\acc-t17-r2-repro\build\RobWorkStudio\bin\Release\xerces-c_3_3.dll done
build exit=1
