适用于 .NET Framework MSBuild 版本 17.12.6+db5f6012c

D:\software\Microsoft Visual Studio\2022\Community\MSBuild\Microsoft\VC\v170\Microsoft.CppBuild.targets(541,5): warning MSB8029: 中间目录或输出目录无法驻留在临时目录下，因为这可能会导致增量生成出现问题。 [C:\Users\zgl18\AppData\Local\Temp\diag-level-work\build\ZERO_CHECK.vcxproj]
  1>Checking Build System
D:\software\Microsoft Visual Studio\2022\Community\MSBuild\Microsoft\VC\v170\Microsoft.CppBuild.targets(541,5): warning MSB8029: 中间目录或输出目录无法驻留在临时目录下，因为这可能会导致增量生成出现问题。 [C:\Users\zgl18\AppData\Local\Temp\diag-level-work\build\RobWork\ext\rwpqp\PQP\pqp.vcxproj]
  pqp.vcxproj -> C:\Users\zgl18\AppData\Local\Temp\diag-level-work\build\RobWork\libs\Release\pqp.lib
D:\software\Microsoft Visual Studio\2022\Community\MSBuild\Microsoft\VC\v170\Microsoft.CppBuild.targets(541,5): warning MSB8029: 中间目录或输出目录无法驻留在临时目录下，因为这可能会导致增量生成出现问题。 [C:\Users\zgl18\AppData\Local\Temp\diag-level-work\build\RobWorkStudio\ext\qtpropertybrowser\qtpropertybrowser.vcxproj]
  Automatic MOC for target qtpropertybrowser
  Generating qrc_qtpropertybrowser.cpp
  Building Custom Rule C:/Users/zgl18/AppData/Local/Temp/diag-level-work/RobWork/RobWorkStudio/ext/qtpropertybrowser/CMakeLists.txt
  qtpropertybrowser.cpp
  qtpropertymanager.cpp
  qteditorfactory.cpp
  qtvariantproperty.cpp
  qttreepropertybrowser.cpp
  qtbuttonpropertybrowser.cpp
  qtgroupboxpropertybrowser.cpp
  qtpropertybrowserutils.cpp
  qrc_qtpropertybrowser.cpp
  mocs_compilation_Release.cpp
C:\Users\zgl18\AppData\Local\Temp\diag-level-work\RobWork\RobWorkStudio\ext\qtpropertybrowser\src\qtvariantproperty.cpp(397,26): warning C4996: 'QVariant::Type': Use QMetaType::Type instead. [C:\Users\zgl18\AppData\Local\Temp\diag-level-work\build\RobWorkStudio\ext\qtpropertybrowser\qtpropertybrowser.vcxproj]
      D:\software\QT\6.11.1\msvc2022_64\include\QtCore\qvariant.h(149,70):
      参见“QVariant::Type”的声明
  
C:\Users\zgl18\AppData\Local\Temp\diag-level-work\RobWork\RobWorkStudio\ext\qtpropertybrowser\src\qtvariantproperty.cpp(401,26): warning C4996: 'QVariant::Type': Use QMetaType::Type instead. [C:\Users\zgl18\AppData\Local\Temp\diag-level-work\build\RobWorkStudio\ext\qtpropertybrowser\qtpropertybrowser.vcxproj]
      D:\software\QT\6.11.1\msvc2022_64\include\QtCore\qvariant.h(149,70):
      参见“QVariant::Type”的声明
  
C:\Users\zgl18\AppData\Local\Temp\diag-level-work\RobWork\RobWorkStudio\ext\qtpropertybrowser\src\qtvariantproperty.cpp(403,26): warning C4996: 'QVariant::Type': Use QMetaType::Type instead. [C:\Users\zgl18\AppData\Local\Temp\diag-level-work\build\RobWorkStudio\ext\qtpropertybrowser\qtpropertybrowser.vcxproj]
      D:\software\QT\6.11.1\msvc2022_64\include\QtCore\qvariant.h(149,70):
      参见“QVariant::Type”的声明
  
C:\Users\zgl18\AppData\Local\Temp\diag-level-work\RobWork\RobWorkStudio\ext\qtpropertybrowser\src\qtvariantproperty.cpp(966,46): warning C4996: 'QVariant::Type': Use QMetaType::Type instead. [C:\Users\zgl18\AppData\Local\Temp\diag-level-work\build\RobWorkStudio\ext\qtpropertybrowser\qtpropertybrowser.vcxproj]
      D:\software\QT\6.11.1\msvc2022_64\include\QtCore\qvariant.h(149,70):
      参见“QVariant::Type”的声明
  
C:\Users\zgl18\AppData\Local\Temp\diag-level-work\RobWork\RobWorkStudio\ext\qtpropertybrowser\src\qtvariantproperty.cpp(967,55): warning C4996: 'QVariant::Type': Use QMetaType::Type instead. [C:\Users\zgl18\AppData\Local\Temp\diag-level-work\build\RobWorkStudio\ext\qtpropertybrowser\qtpropertybrowser.vcxproj]
      D:\software\QT\6.11.1\msvc2022_64\include\QtCore\qvariant.h(149,70):
      参见“QVariant::Type”的声明
  
C:\Users\zgl18\AppData\Local\Temp\diag-level-work\RobWork\RobWorkStudio\ext\qtpropertybrowser\src\qtvariantproperty.cpp(967,99): warning C4996: 'QVariant::Type': Use QMetaType::Type instead. [C:\Users\zgl18\AppData\Local\Temp\diag-level-work\build\RobWorkStudio\ext\qtpropertybrowser\qtpropertybrowser.vcxproj]
      D:\software\QT\6.11.1\msvc2022_64\include\QtCore\qvariant.h(149,70):
      参见“QVariant::Type”的声明
  
C:\Users\zgl18\AppData\Local\Temp\diag-level-work\RobWork\RobWorkStudio\ext\qtpropertybrowser\src\qtvariantproperty.cpp(968,55): warning C4996: 'QVariant::Type': Use QMetaType::Type instead. [C:\Users\zgl18\AppData\Local\Temp\diag-level-work\build\RobWorkStudio\ext\qtpropertybrowser\qtpropertybrowser.vcxproj]
      D:\software\QT\6.11.1\msvc2022_64\include\QtCore\qvariant.h(149,70):
      参见“QVariant::Type”的声明
  
C:\Users\zgl18\AppData\Local\Temp\diag-level-work\RobWork\RobWorkStudio\ext\qtpropertybrowser\src\qtvariantproperty.cpp(968,99): warning C4996: 'QVariant::Type': Use QMetaType::Type instead. [C:\Users\zgl18\AppData\Local\Temp\diag-level-work\build\RobWorkStudio\ext\qtpropertybrowser\qtpropertybrowser.vcxproj]
      D:\software\QT\6.11.1\msvc2022_64\include\QtCore\qvariant.h(149,70):
      参见“QVariant::Type”的声明
  
C:\Users\zgl18\AppData\Local\Temp\diag-level-work\RobWork\RobWorkStudio\ext\qtpropertybrowser\src\qtvariantproperty.cpp(969,55): warning C4996: 'QVariant::Type': Use QMetaType::Type instead. [C:\Users\zgl18\AppData\Local\Temp\diag-level-work\build\RobWorkStudio\ext\qtpropertybrowser\qtpropertybrowser.vcxproj]
      D:\software\QT\6.11.1\msvc2022_64\include\QtCore\qvariant.h(149,70):
      参见“QVariant::Type”的声明
  
C:\Users\zgl18\AppData\Local\Temp\diag-level-work\RobWork\RobWorkStudio\ext\qtpropertybrowser\src\qtvariantproperty.cpp(969,102): warning C4996: 'QVariant::Type': Use QMetaType::Type instead. [C:\Users\zgl18\AppData\Local\Temp\diag-level-work\build\RobWorkStudio\ext\qtpropertybrowser\qtpropertybrowser.vcxproj]
      D:\software\QT\6.11.1\msvc2022_64\include\QtCore\qvariant.h(149,70):
      参见“QVariant::Type”的声明
  
C:\Users\zgl18\AppData\Local\Temp\diag-level-work\RobWork\RobWorkStudio\ext\qtpropertybrowser\src\qtvariantproperty.cpp(970,55): warning C4996: 'QVariant::Type': Use QMetaType::Type instead. [C:\Users\zgl18\AppData\Local\Temp\diag-level-work\build\RobWorkStudio\ext\qtpropertybrowser\qtpropertybrowser.vcxproj]
      D:\software\QT\6.11.1\msvc2022_64\include\QtCore\qvariant.h(149,70):
      参见“QVariant::Type”的声明
  
C:\Users\zgl18\AppData\Local\Temp\diag-level-work\RobWork\RobWorkStudio\ext\qtpropertybrowser\src\qtvariantproperty.cpp(970,100): warning C4996: 'QVariant::Type': Use QMetaType::Type instead. [C:\Users\zgl18\AppData\Local\Temp\diag-level-work\build\RobWorkStudio\ext\qtpropertybrowser\qtpropertybrowser.vcxproj]
      D:\software\QT\6.11.1\msvc2022_64\include\QtCore\qvariant.h(149,70):
      参见“QVariant::Type”的声明
  
C:\Users\zgl18\AppData\Local\Temp\diag-level-work\RobWork\RobWorkStudio\ext\qtpropertybrowser\src\qtvariantproperty.cpp(971,40): warning C4996: 'QVariant::Type': Use QMetaType::Type instead. [C:\Users\zgl18\AppData\Local\Temp\diag-level-work\build\RobWorkStudio\ext\qtpropertybrowser\qtpropertybrowser.vcxproj]
      D:\software\QT\6.11.1\msvc2022_64\include\QtCore\qvariant.h(149,70):
      参见“QVariant::Type”的声明
  
C:\Users\zgl18\AppData\Local\Temp\diag-level-work\RobWork\RobWorkStudio\ext\qtpropertybrowser\src\qtvariantproperty.cpp(971,57): warning C4996: 'QVariant::Type': Use QMetaType::Type instead. [C:\Users\zgl18\AppData\Local\Temp\diag-level-work\build\RobWorkStudio\ext\qtpropertybrowser\qtpropertybrowser.vcxproj]
      D:\software\QT\6.11.1\msvc2022_64\include\QtCore\qvariant.h(149,70):
      参见“QVariant::Type”的声明
  
C:\Users\zgl18\AppData\Local\Temp\diag-level-work\RobWork\RobWorkStudio\ext\qtpropertybrowser\src\qtvariantproperty.cpp(980,46): warning C4996: 'QVariant::Type': Use QMetaType::Type instead. [C:\Users\zgl18\AppData\Local\Temp\diag-level-work\build\RobWorkStudio\ext\qtpropertybrowser\qtpropertybrowser.vcxproj]
      D:\software\QT\6.11.1\msvc2022_64\include\QtCore\qvariant.h(149,70):
      参见“QVariant::Type”的声明
  
C:\Users\zgl18\AppData\Local\Temp\diag-level-work\RobWork\RobWorkStudio\ext\qtpropertybrowser\src\qtvariantproperty.cpp(981,55): warning C4996: 'QVariant::Type': Use QMetaType::Type instead. [C:\Users\zgl18\AppData\Local\Temp\diag-level-work\build\RobWorkStudio\ext\qtpropertybrowser\qtpropertybrowser.vcxproj]
      D:\software\QT\6.11.1\msvc2022_64\include\QtCore\qvariant.h(149,70):
      参见“QVariant::Type”的声明
  
C:\Users\zgl18\AppData\Local\Temp\diag-level-work\RobWork\RobWorkStudio\ext\qtpropertybrowser\src\qtvariantproperty.cpp(982,23): warning C4996: 'QVariant::Type': Use QMetaType::Type instead. [C:\Users\zgl18\AppData\Local\Temp\diag-level-work\build\RobWorkStudio\ext\qtpropertybrowser\qtpropertybrowser.vcxproj]
      D:\software\QT\6.11.1\msvc2022_64\include\QtCore\qvariant.h(149,70):
      参见“QVariant::Type”的声明
  
C:\Users\zgl18\AppData\Local\Temp\diag-level-work\RobWork\RobWorkStudio\ext\qtpropertybrowser\src\qtvariantproperty.cpp(983,55): warning C4996: 'QVariant::Type': Use QMetaType::Type instead. [C:\Users\zgl18\AppData\Local\Temp\diag-level-work\build\RobWorkStudio\ext\qtpropertybrowser\qtpropertybrowser.vcxproj]
      D:\software\QT\6.11.1\msvc2022_64\include\QtCore\qvariant.h(149,70):
      参见“QVariant::Type”的声明
  
C:\Users\zgl18\AppData\Local\Temp\diag-level-work\RobWork\RobWorkStudio\ext\qtpropertybrowser\src\qtvariantproperty.cpp(984,23): warning C4996: 'QVariant::Type': Use QMetaType::Type instead. [C:\Users\zgl18\AppData\Local\Temp\diag-level-work\build\RobWorkStudio\ext\qtpropertybrowser\qtpropertybrowser.vcxproj]
      D:\software\QT\6.11.1\msvc2022_64\include\QtCore\qvariant.h(149,70):
      参见“QVariant::Type”的声明
  
C:\Users\zgl18\AppData\Local\Temp\diag-level-work\RobWork\RobWorkStudio\ext\qtpropertybrowser\src\qtvariantproperty.cpp(985,55): warning C4996: 'QVariant::Type': Use QMetaType::Type instead. [C:\Users\zgl18\AppData\Local\Temp\diag-level-work\build\RobWorkStudio\ext\qtpropertybrowser\qtpropertybrowser.vcxproj]
      D:\software\QT\6.11.1\msvc2022_64\include\QtCore\qvariant.h(149,70):
      参见“QVariant::Type”的声明
  
C:\Users\zgl18\AppData\Local\Temp\diag-level-work\RobWork\RobWorkStudio\ext\qtpropertybrowser\src\qtvariantproperty.cpp(986,23): warning C4996: 'QVariant::Type': Use QMetaType::Type instead. [C:\Users\zgl18\AppData\Local\Temp\diag-level-work\build\RobWorkStudio\ext\qtpropertybrowser\qtpropertybrowser.vcxproj]
      D:\software\QT\6.11.1\msvc2022_64\include\QtCore\qvariant.h(149,70):
      参见“QVariant::Type”的声明
  
C:\Users\zgl18\AppData\Local\Temp\diag-level-work\RobWork\RobWorkStudio\ext\qtpropertybrowser\src\qtvariantproperty.cpp(987,55): warning C4996: 'QVariant::Type': Use QMetaType::Type instead. [C:\Users\zgl18\AppData\Local\Temp\diag-level-work\build\RobWorkStudio\ext\qtpropertybrowser\qtpropertybrowser.vcxproj]
      D:\software\QT\6.11.1\msvc2022_64\include\QtCore\qvariant.h(149,70):
      参见“QVariant::Type”的声明
  
C:\Users\zgl18\AppData\Local\Temp\diag-level-work\RobWork\RobWorkStudio\ext\qtpropertybrowser\src\qtvariantproperty.cpp(988,23): warning C4996: 'QVariant::Type': Use QMetaType::Type instead. [C:\Users\zgl18\AppData\Local\Temp\diag-level-work\build\RobWorkStudio\ext\qtpropertybrowser\qtpropertybrowser.vcxproj]
      D:\software\QT\6.11.1\msvc2022_64\include\QtCore\qvariant.h(149,70):
      参见“QVariant::Type”的声明
  
C:\Users\zgl18\AppData\Local\Temp\diag-level-work\RobWork\RobWorkStudio\ext\qtpropertybrowser\src\qtvariantproperty.cpp(989,55): warning C4996: 'QVariant::Type': Use QMetaType::Type instead. [C:\Users\zgl18\AppData\Local\Temp\diag-level-work\build\RobWorkStudio\ext\qtpropertybrowser\qtpropertybrowser.vcxproj]
      D:\software\QT\6.11.1\msvc2022_64\include\QtCore\qvariant.h(149,70):
      参见“QVariant::Type”的声明
  
C:\Users\zgl18\AppData\Local\Temp\diag-level-work\RobWork\RobWorkStudio\ext\qtpropertybrowser\src\qtvariantproperty.cpp(990,19): warning C4996: 'QVariant::Type': Use QMetaType::Type instead. [C:\Users\zgl18\AppData\Local\Temp\diag-level-work\build\RobWorkStudio\ext\qtpropertybrowser\qtpropertybrowser.vcxproj]
      D:\software\QT\6.11.1\msvc2022_64\include\QtCore\qvariant.h(149,70):
      参见“QVariant::Type”的声明
  
C:\Users\zgl18\AppData\Local\Temp\diag-level-work\RobWork\RobWorkStudio\ext\qtpropertybrowser\src\qtvariantproperty.cpp(991,40): warning C4996: 'QVariant::Type': Use QMetaType::Type instead. [C:\Users\zgl18\AppData\Local\Temp\diag-level-work\build\RobWorkStudio\ext\qtpropertybrowser\qtpropertybrowser.vcxproj]
      D:\software\QT\6.11.1\msvc2022_64\include\QtCore\qvariant.h(149,70):
      参见“QVariant::Type”的声明
  
C:\Users\zgl18\AppData\Local\Temp\diag-level-work\RobWork\RobWorkStudio\ext\qtpropertybrowser\src\qtvariantproperty.cpp(991,60): warning C4996: 'QVariant::Type': Use QMetaType::Type instead. [C:\Users\zgl18\AppData\Local\Temp\diag-level-work\build\RobWorkStudio\ext\qtpropertybrowser\qtpropertybrowser.vcxproj]
      D:\software\QT\6.11.1\msvc2022_64\include\QtCore\qvariant.h(149,70):
      参见“QVariant::Type”的声明
  
C:\Users\zgl18\AppData\Local\Temp\diag-level-work\RobWork\RobWorkStudio\ext\qtpropertybrowser\src\qtvariantproperty.cpp(1002,46): warning C4996: 'QVariant::Type': Use QMetaType::Type instead. [C:\Users\zgl18\AppData\Local\Temp\diag-level-work\build\RobWorkStudio\ext\qtpropertybrowser\qtpropertybrowser.vcxproj]
      D:\software\QT\6.11.1\msvc2022_64\include\QtCore\qvariant.h(149,70):
      参见“QVariant::Type”的声明
  
C:\Users\zgl18\AppData\Local\Temp\diag-level-work\RobWork\RobWorkStudio\ext\qtpropertybrowser\src\qtvariantproperty.cpp(1003,55): warning C4996: 'QVariant::Type': Use QMetaType::Type instead. [C:\Users\zgl18\AppData\Local\Temp\diag-level-work\build\RobWorkStudio\ext\qtpropertybrowser\qtpropertybrowser.vcxproj]
      D:\software\QT\6.11.1\msvc2022_64\include\QtCore\qvariant.h(149,70):
      参见“QVariant::Type”的声明
  
C:\Users\zgl18\AppData\Local\Temp\diag-level-work\RobWork\RobWorkStudio\ext\qtpropertybrowser\src\qtvariantproperty.cpp(1003,104): warning C4996: 'QVariant::Type': Use QMetaType::Type instead. [C:\Users\zgl18\AppData\Local\Temp\diag-level-work\build\RobWorkStudio\ext\qtpropertybrowser\qtpropertybrowser.vcxproj]
      D:\software\QT\6.11.1\msvc2022_64\include\QtCore\qvariant.h(149,70):
      参见“QVariant::Type”的声明
  
C:\Users\zgl18\AppData\Local\Temp\diag-level-work\RobWork\RobWorkStudio\ext\qtpropertybrowser\src\qtvariantproperty.cpp(1004,40): warning C4996: 'QVariant::Type': Use QMetaType::Type instead. [C:\Users\zgl18\AppData\Local\Temp\diag-level-work\build\RobWorkStudio\ext\qtpropertybrowser\qtpropertybrowser.vcxproj]
      D:\software\QT\6.11.1\msvc2022_64\include\QtCore\qvariant.h(149,70):
      参见“QVariant::Type”的声明
  
C:\Users\zgl18\AppData\Local\Temp\diag-level-work\RobWork\RobWorkStudio\ext\qtpropertybrowser\src\qtvariantproperty.cpp(1004,58): warning C4996: 'QVariant::Type': Use QMetaType::Type instead. [C:\Users\zgl18\AppData\Local\Temp\diag-level-work\build\RobWorkStudio\ext\qtpropertybrowser\qtpropertybrowser.vcxproj]
      D:\software\QT\6.11.1\msvc2022_64\include\QtCore\qvariant.h(149,70):
      参见“QVariant::Type”的声明
  
C:\Users\zgl18\AppData\Local\Temp\diag-level-work\RobWork\RobWorkStudio\ext\qtpropertybrowser\src\qtvariantproperty.cpp(1011,46): warning C4996: 'QVariant::Type': Use QMetaType::Type instead. [C:\Users\zgl18\AppData\Local\Temp\diag-level-work\build\RobWorkStudio\ext\qtpropertybrowser\qtpropertybrowser.vcxproj]
      D:\software\QT\6.11.1\msvc2022_64\include\QtCore\qvariant.h(149,70):
      参见“QVariant::Type”的声明
  
C:\Users\zgl18\AppData\Local\Temp\diag-level-work\RobWork\RobWorkStudio\ext\qtpropertybrowser\src\qtvariantproperty.cpp(1012,40): warning C4996: 'QVariant::Type': Use QMetaType::Type instead. [C:\Users\zgl18\AppData\Local\Temp\diag-level-work\build\RobWorkStudio\ext\qtpropertybrowser\qtpropertybrowser.vcxproj]
      D:\software\QT\6.11.1\msvc2022_64\include\QtCore\qvariant.h(149,70):
      参见“QVariant::Type”的声明
  
C:\Users\zgl18\AppData\Local\Temp\diag-level-work\RobWork\RobWorkStudio\ext\qtpropertybrowser\src\qtvariantproperty.cpp(1012,60): warning C4996: 'QVariant::Type': Use QMetaType::Type instead. [C:\Users\zgl18\AppData\Local\Temp\diag-level-work\build\RobWorkStudio\ext\qtpropertybrowser\qtpropertybrowser.vcxproj]
      D:\software\QT\6.11.1\msvc2022_64\include\QtCore\qvariant.h(149,70):
      参见“QVariant::Type”的声明
  
C:\Users\zgl18\AppData\Local\Temp\diag-level-work\RobWork\RobWorkStudio\ext\qtpropertybrowser\src\qtvariantproperty.cpp(1013,55): warning C4996: 'QVariant::Type': Use QMetaType::Type instead. [C:\Users\zgl18\AppData\Local\Temp\diag-level-work\build\RobWorkStudio\ext\qtpropertybrowser\qtpropertybrowser.vcxproj]
      D:\software\QT\6.11.1\msvc2022_64\include\QtCore\qvariant.h(149,70):
      参见“QVariant::Type”的声明
  
C:\Users\zgl18\AppData\Local\Temp\diag-level-work\RobWork\RobWorkStudio\ext\qtpropertybrowser\src\qtvariantproperty.cpp(1014,23): warning C4996: 'QVariant::Type': Use QMetaType::Type instead. [C:\Users\zgl18\AppData\Local\Temp\diag-level-work\build\RobWorkStudio\ext\qtpropertybrowser\qtpropertybrowser.vcxproj]
      D:\software\QT\6.11.1\msvc2022_64\include\QtCore\qvariant.h(149,70):
      参见“QVariant::Type”的声明
  
C:\Users\zgl18\AppData\Local\Temp\diag-level-work\RobWork\RobWorkStudio\ext\qtpropertybrowser\src\qtvariantproperty.cpp(1015,55): warning C4996: 'QVariant::Type': Use QMetaType::Type instead. [C:\Users\zgl18\AppData\Local\Temp\diag-level-work\build\RobWorkStudio\ext\qtpropertybrowser\qtpropertybrowser.vcxproj]
      D:\software\QT\6.11.1\msvc2022_64\include\QtCore\qvariant.h(149,70):
      参见“QVariant::Type”的声明
  
C:\Users\zgl18\AppData\Local\Temp\diag-level-work\RobWork\RobWorkStudio\ext\qtpropertybrowser\src\qtvariantproperty.cpp(1016,23): warning C4996: 'QVariant::Type': Use QMetaType::Type instead. [C:\Users\zgl18\AppData\Local\Temp\diag-level-work\build\RobWorkStudio\ext\qtpropertybrowser\qtpropertybrowser.vcxproj]
      D:\software\QT\6.11.1\msvc2022_64\include\QtCore\qvariant.h(149,70):
      参见“QVariant::Type”的声明
  
C:\Users\zgl18\AppData\Local\Temp\diag-level-work\RobWork\RobWorkStudio\ext\qtpropertybrowser\src\qtvariantproperty.cpp(1017,55): warning C4996: 'QVariant::Type': Use QMetaType::Type instead. [C:\Users\zgl18\AppData\Local\Temp\diag-level-work\build\RobWorkStudio\ext\qtpropertybrowser\qtpropertybrowser.vcxproj]
      D:\software\QT\6.11.1\msvc2022_64\include\QtCore\qvariant.h(149,70):
      参见“QVariant::Type”的声明
  
C:\Users\zgl18\AppData\Local\Temp\diag-level-work\RobWork\RobWorkStudio\ext\qtpropertybrowser\src\qtvariantproperty.cpp(1018,19): warning C4996: 'QVariant::Type': Use QMetaType::Type instead. [C:\Users\zgl18\AppData\Local\Temp\diag-level-work\build\RobWorkStudio\ext\qtpropertybrowser\qtpropertybrowser.vcxproj]
      D:\software\QT\6.11.1\msvc2022_64\include\QtCore\qvariant.h(149,70):
      参见“QVariant::Type”的声明
  
C:\Users\zgl18\AppData\Local\Temp\diag-level-work\RobWork\RobWorkStudio\ext\qtpropertybrowser\src\qtvariantproperty.cpp(1031,46): warning C4996: 'QVariant::Type': Use QMetaType::Type instead. [C:\Users\zgl18\AppData\Local\Temp\diag-level-work\build\RobWorkStudio\ext\qtpropertybrowser\qtpropertybrowser.vcxproj]
      D:\software\QT\6.11.1\msvc2022_64\include\QtCore\qvariant.h(149,70):
      参见“QVariant::Type”的声明
  
C:\Users\zgl18\AppData\Local\Temp\diag-level-work\RobWork\RobWorkStudio\ext\qtpropertybrowser\src\qtvariantproperty.cpp(1032,40): warning C4996: 'QVariant::Type': Use QMetaType::Type instead. [C:\Users\zgl18\AppData\Local\Temp\diag-level-work\build\RobWorkStudio\ext\qtpropertybrowser\qtpropertybrowser.vcxproj]
      D:\software\QT\6.11.1\msvc2022_64\include\QtCore\qvariant.h(149,70):
      参见“QVariant::Type”的声明
  
C:\Users\zgl18\AppData\Local\Temp\diag-level-work\RobWork\RobWorkStudio\ext\qtpropertybrowser\src\qtvariantproperty.cpp(1032,58): warning C4996: 'QVariant::Type': Use QMetaType::Type instead. [C:\Users\zgl18\AppData\Local\Temp\diag-level-work\build\RobWorkStudio\ext\qtpropertybrowser\qtpropertybrowser.vcxproj]
      D:\software\QT\6.11.1\msvc2022_64\include\QtCore\qvariant.h(149,70):
      参见“QVariant::Type”的声明
  
C:\Users\zgl18\AppData\Local\Temp\diag-level-work\RobWork\RobWorkStudio\ext\qtpropertybrowser\src\qtvariantproperty.cpp(1033,55): warning C4996: 'QVariant::Type': Use QMetaType::Type instead. [C:\Users\zgl18\AppData\Local\Temp\diag-level-work\build\RobWorkStudio\ext\qtpropertybrowser\qtpropertybrowser.vcxproj]
      D:\software\QT\6.11.1\msvc2022_64\include\QtCore\qvariant.h(149,70):
      参见“QVariant::Type”的声明
  
C:\Users\zgl18\AppData\Local\Temp\diag-level-work\RobWork\RobWorkStudio\ext\qtpropertybrowser\src\qtvariantproperty.cpp(1034,23): warning C4996: 'QVariant::Type': Use QMetaType::Type instead. [C:\Users\zgl18\AppData\Local\Temp\diag-level-work\build\RobWorkStudio\ext\qtpropertybrowser\qtpropertybrowser.vcxproj]
      D:\software\QT\6.11.1\msvc2022_64\include\QtCore\qvariant.h(149,70):
      参见“QVariant::Type”的声明
  
C:\Users\zgl18\AppData\Local\Temp\diag-level-work\RobWork\RobWorkStudio\ext\qtpropertybrowser\src\qtvariantproperty.cpp(1035,55): warning C4996: 'QVariant::Type': Use QMetaType::Type instead. [C:\Users\zgl18\AppData\Local\Temp\diag-level-work\build\RobWorkStudio\ext\qtpropertybrowser\qtpropertybrowser.vcxproj]
      D:\software\QT\6.11.1\msvc2022_64\include\QtCore\qvariant.h(149,70):
      参见“QVariant::Type”的声明
  
C:\Users\zgl18\AppData\Local\Temp\diag-level-work\RobWork\RobWorkStudio\ext\qtpropertybrowser\src\qtvariantproperty.cpp(1036,23): warning C4996: 'QVariant::Type': Use QMetaType::Type instead. [C:\Users\zgl18\AppData\Local\Temp\diag-level-work\build\RobWorkStudio\ext\qtpropertybrowser\qtpropertybrowser.vcxproj]
      D:\software\QT\6.11.1\msvc2022_64\include\QtCore\qvariant.h(149,70):
      参见“QVariant::Type”的声明
  
C:\Users\zgl18\AppData\Local\Temp\diag-level-work\RobWork\RobWorkStudio\ext\qtpropertybrowser\src\qtvariantproperty.cpp(1043,46): warning C4996: 'QVariant::Type': Use QMetaType::Type instead. [C:\Users\zgl18\AppData\Local\Temp\diag-level-work\build\RobWorkStudio\ext\qtpropertybrowser\qtpropertybrowser.vcxproj]
      D:\software\QT\6.11.1\msvc2022_64\include\QtCore\qvariant.h(149,70):
      参见“QVariant::Type”的声明
  
C:\Users\zgl18\AppData\Local\Temp\diag-level-work\RobWork\RobWorkStudio\ext\qtpropertybrowser\src\qtvariantproperty.cpp(1044,40): warning C4996: 'QVariant::Type': Use QMetaType::Type instead. [C:\Users\zgl18\AppData\Local\Temp\diag-level-work\build\RobWorkStudio\ext\qtpropertybrowser\qtpropertybrowser.vcxproj]
      D:\software\QT\6.11.1\msvc2022_64\include\QtCore\qvariant.h(149,70):
      参见“QVariant::Type”的声明
  
C:\Users\zgl18\AppData\Local\Temp\diag-level-work\RobWork\RobWorkStudio\ext\qtpropertybrowser\src\qtvariantproperty.cpp(1044,58): warning C4996: 'QVariant::Type': Use QMetaType::Type instead. [C:\Users\zgl18\AppData\Local\Temp\diag-level-work\build\RobWorkStudio\ext\qtpropertybrowser\qtpropertybrowser.vcxproj]
      D:\software\QT\6.11.1\msvc2022_64\include\QtCore\qvariant.h(149,70):
      参见“QVariant::Type”的声明
  
C:\Users\zgl18\AppData\Local\Temp\diag-level-work\RobWork\RobWorkStudio\ext\qtpropertybrowser\src\qtvariantproperty.cpp(1049,46): warning C4996: 'QVariant::Type': Use QMetaType::Type instead. [C:\Users\zgl18\AppData\Local\Temp\diag-level-work\build\RobWorkStudio\ext\qtpropertybrowser\qtpropertybrowser.vcxproj]
      D:\software\QT\6.11.1\msvc2022_64\include\QtCore\qvariant.h(149,70):
      参见“QVariant::Type”的声明
  
C:\Users\zgl18\AppData\Local\Temp\diag-level-work\RobWork\RobWorkStudio\ext\qtpropertybrowser\src\qtvariantproperty.cpp(1050,40): warning C4996: 'QVariant::Type': Use QMetaType::Type instead. [C:\Users\zgl18\AppData\Local\Temp\diag-level-work\build\RobWorkStudio\ext\qtpropertybrowser\qtpropertybrowser.vcxproj]
      D:\software\QT\6.11.1\msvc2022_64\include\QtCore\qvariant.h(149,70):
      参见“QVariant::Type”的声明
  
C:\Users\zgl18\AppData\Local\Temp\diag-level-work\RobWork\RobWorkStudio\ext\qtpropertybrowser\src\qtvariantproperty.cpp(1050,62): warning C4996: 'QVariant::Type': Use QMetaType::Type instead. [C:\Users\zgl18\AppData\Local\Temp\diag-level-work\build\RobWorkStudio\ext\qtpropertybrowser\qtpropertybrowser.vcxproj]
      D:\software\QT\6.11.1\msvc2022_64\include\QtCore\qvariant.h(149,70):
      参见“QVariant::Type”的声明
  
C:\Users\zgl18\AppData\Local\Temp\diag-level-work\RobWork\RobWorkStudio\ext\qtpropertybrowser\src\qtvariantproperty.cpp(1055,46): warning C4996: 'QVariant::Type': Use QMetaType::Type instead. [C:\Users\zgl18\AppData\Local\Temp\diag-level-work\build\RobWorkStudio\ext\qtpropertybrowser\qtpropertybrowser.vcxproj]
      D:\software\QT\6.11.1\msvc2022_64\include\QtCore\qvariant.h(149,70):
      参见“QVariant::Type”的声明
  
C:\Users\zgl18\AppData\Local\Temp\diag-level-work\RobWork\RobWorkStudio\ext\qtpropertybrowser\src\qtvariantproperty.cpp(1056,40): warning C4996: 'QVariant::Type': Use QMetaType::Type instead. [C:\Users\zgl18\AppData\Local\Temp\diag-level-work\build\RobWorkStudio\ext\qtpropertybrowser\qtpropertybrowser.vcxproj]
      D:\software\QT\6.11.1\msvc2022_64\include\QtCore\qvariant.h(149,70):
      参见“QVariant::Type”的声明
  
C:\Users\zgl18\AppData\Local\Temp\diag-level-work\RobWork\RobWorkStudio\ext\qtpropertybrowser\src\qtvariantproperty.cpp(1056,65): warning C4996: 'QVariant::Type': Use QMetaType::Type instead. [C:\Users\zgl18\AppData\Local\Temp\diag-level-work\build\RobWorkStudio\ext\qtpropertybrowser\qtpropertybrowser.vcxproj]
      D:\software\QT\6.11.1\msvc2022_64\include\QtCore\qvariant.h(149,70):
      参见“QVariant::Type”的声明
  
C:\Users\zgl18\AppData\Local\Temp\diag-level-work\RobWork\RobWorkStudio\ext\qtpropertybrowser\src\qtvariantproperty.cpp(1061,46): warning C4996: 'QVariant::Type': Use QMetaType::Type instead. [C:\Users\zgl18\AppData\Local\Temp\diag-level-work\build\RobWorkStudio\ext\qtpropertybrowser\qtpropertybrowser.vcxproj]
      D:\software\QT\6.11.1\msvc2022_64\include\QtCore\qvariant.h(149,70):
      参见“QVariant::Type”的声明
  
C:\Users\zgl18\AppData\Local\Temp\diag-level-work\RobWork\RobWorkStudio\ext\qtpropertybrowser\src\qtvariantproperty.cpp(1062,40): warning C4996: 'QVariant::Type': Use QMetaType::Type instead. [C:\Users\zgl18\AppData\Local\Temp\diag-level-work\build\RobWorkStudio\ext\qtpropertybrowser\qtpropertybrowser.vcxproj]
      D:\software\QT\6.11.1\msvc2022_64\include\QtCore\qvariant.h(149,70):
      参见“QVariant::Type”的声明
  
C:\Users\zgl18\AppData\Local\Temp\diag-level-work\RobWork\RobWorkStudio\ext\qtpropertybrowser\src\qtvariantproperty.cpp(1062,58): warning C4996: 'QVariant::Type': Use QMetaType::Type instead. [C:\Users\zgl18\AppData\Local\Temp\diag-level-work\build\RobWorkStudio\ext\qtpropertybrowser\qtpropertybrowser.vcxproj]
      D:\software\QT\6.11.1\msvc2022_64\include\QtCore\qvariant.h(149,70):
      参见“QVariant::Type”的声明
  
C:\Users\zgl18\AppData\Local\Temp\diag-level-work\RobWork\RobWorkStudio\ext\qtpropertybrowser\src\qtvariantproperty.cpp(1067,46): warning C4996: 'QVariant::Type': Use QMetaType::Type instead. [C:\Users\zgl18\AppData\Local\Temp\diag-level-work\build\RobWorkStudio\ext\qtpropertybrowser\qtpropertybrowser.vcxproj]
      D:\software\QT\6.11.1\msvc2022_64\include\QtCore\qvariant.h(149,70):
      参见“QVariant::Type”的声明
  
C:\Users\zgl18\AppData\Local\Temp\diag-level-work\RobWork\RobWorkStudio\ext\qtpropertybrowser\src\qtvariantproperty.cpp(1068,40): warning C4996: 'QVariant::Type': Use QMetaType::Type instead. [C:\Users\zgl18\AppData\Local\Temp\diag-level-work\build\RobWorkStudio\ext\qtpropertybrowser\qtpropertybrowser.vcxproj]
      D:\software\QT\6.11.1\msvc2022_64\include\QtCore\qvariant.h(149,70):
      参见“QVariant::Type”的声明
  
C:\Users\zgl18\AppData\Local\Temp\diag-level-work\RobWork\RobWorkStudio\ext\qtpropertybrowser\src\qtvariantproperty.cpp(1068,60): warning C4996: 'QVariant::Type': Use QMetaType::Type instead. [C:\Users\zgl18\AppData\Local\Temp\diag-level-work\build\RobWorkStudio\ext\qtpropertybrowser\qtpropertybrowser.vcxproj]
      D:\software\QT\6.11.1\msvc2022_64\include\QtCore\qvariant.h(149,70):
      参见“QVariant::Type”的声明
  
C:\Users\zgl18\AppData\Local\Temp\diag-level-work\RobWork\RobWorkStudio\ext\qtpropertybrowser\src\qtvariantproperty.cpp(1079,46): warning C4996: 'QVariant::Type': Use QMetaType::Type instead. [C:\Users\zgl18\AppData\Local\Temp\diag-level-work\build\RobWorkStudio\ext\qtpropertybrowser\qtpropertybrowser.vcxproj]
      D:\software\QT\6.11.1\msvc2022_64\include\QtCore\qvariant.h(149,70):
      参见“QVariant::Type”的声明
  
C:\Users\zgl18\AppData\Local\Temp\diag-level-work\RobWork\RobWorkStudio\ext\qtpropertybrowser\src\qtvariantproperty.cpp(1080,40): warning C4996: 'QVariant::Type': Use QMetaType::Type instead. [C:\Users\zgl18\AppData\Local\Temp\diag-level-work\build\RobWorkStudio\ext\qtpropertybrowser\qtpropertybrowser.vcxproj]
      D:\software\QT\6.11.1\msvc2022_64\include\QtCore\qvariant.h(149,70):
      参见“QVariant::Type”的声明
  
C:\Users\zgl18\AppData\Local\Temp\diag-level-work\RobWork\RobWorkStudio\ext\qtpropertybrowser\src\qtvariantproperty.cpp(1080,59): warning C4996: 'QVariant::Type': Use QMetaType::Type instead. [C:\Users\zgl18\AppData\Local\Temp\diag-level-work\build\RobWorkStudio\ext\qtpropertybrowser\qtpropertybrowser.vcxproj]
      D:\software\QT\6.11.1\msvc2022_64\include\QtCore\qvariant.h(149,70):
      参见“QVariant::Type”的声明
  
C:\Users\zgl18\AppData\Local\Temp\diag-level-work\RobWork\RobWorkStudio\ext\qtpropertybrowser\src\qtvariantproperty.cpp(1091,46): warning C4996: 'QVariant::Type': Use QMetaType::Type instead. [C:\Users\zgl18\AppData\Local\Temp\diag-level-work\build\RobWorkStudio\ext\qtpropertybrowser\qtpropertybrowser.vcxproj]
      D:\software\QT\6.11.1\msvc2022_64\include\QtCore\qvariant.h(149,70):
      参见“QVariant::Type”的声明
  
C:\Users\zgl18\AppData\Local\Temp\diag-level-work\RobWork\RobWorkStudio\ext\qtpropertybrowser\src\qtvariantproperty.cpp(1092,40): warning C4996: 'QVariant::Type': Use QMetaType::Type instead. [C:\Users\zgl18\AppData\Local\Temp\diag-level-work\build\RobWorkStudio\ext\qtpropertybrowser\qtpropertybrowser.vcxproj]
      D:\software\QT\6.11.1\msvc2022_64\include\QtCore\qvariant.h(149,70):
      参见“QVariant::Type”的声明
  
C:\Users\zgl18\AppData\Local\Temp\diag-level-work\RobWork\RobWorkStudio\ext\qtpropertybrowser\src\qtvariantproperty.cpp(1092,60): warning C4996: 'QVariant::Type': Use QMetaType::Type instead. [C:\Users\zgl18\AppData\Local\Temp\diag-level-work\build\RobWorkStudio\ext\qtpropertybrowser\qtpropertybrowser.vcxproj]
      D:\software\QT\6.11.1\msvc2022_64\include\QtCore\qvariant.h(149,70):
      参见“QVariant::Type”的声明
  
C:\Users\zgl18\AppData\Local\Temp\diag-level-work\RobWork\RobWorkStudio\ext\qtpropertybrowser\src\qtvariantproperty.cpp(1093,55): warning C4996: 'QVariant::Type': Use QMetaType::Type instead. [C:\Users\zgl18\AppData\Local\Temp\diag-level-work\build\RobWorkStudio\ext\qtpropertybrowser\qtpropertybrowser.vcxproj]
      D:\software\QT\6.11.1\msvc2022_64\include\QtCore\qvariant.h(149,70):
      参见“QVariant::Type”的声明
  
C:\Users\zgl18\AppData\Local\Temp\diag-level-work\RobWork\RobWorkStudio\ext\qtpropertybrowser\src\qtvariantproperty.cpp(1094,23): warning C4996: 'QVariant::Type': Use QMetaType::Type instead. [C:\Users\zgl18\AppData\Local\Temp\diag-level-work\build\RobWorkStudio\ext\qtpropertybrowser\qtpropertybrowser.vcxproj]
      D:\software\QT\6.11.1\msvc2022_64\include\QtCore\qvariant.h(149,70):
      参见“QVariant::Type”的声明
  
C:\Users\zgl18\AppData\Local\Temp\diag-level-work\RobWork\RobWorkStudio\ext\qtpropertybrowser\src\qtvariantproperty.cpp(1107,46): warning C4996: 'QVariant::Type': Use QMetaType::Type instead. [C:\Users\zgl18\AppData\Local\Temp\diag-level-work\build\RobWorkStudio\ext\qtpropertybrowser\qtpropertybrowser.vcxproj]
      D:\software\QT\6.11.1\msvc2022_64\include\QtCore\qvariant.h(149,70):
      参见“QVariant::Type”的声明
  
C:\Users\zgl18\AppData\Local\Temp\diag-level-work\RobWork\RobWorkStudio\ext\qtpropertybrowser\src\qtvariantproperty.cpp(1108,40): warning C4996: 'QVariant::Type': Use QMetaType::Type instead. [C:\Users\zgl18\AppData\Local\Temp\diag-level-work\build\RobWorkStudio\ext\qtpropertybrowser\qtpropertybrowser.vcxproj]
      D:\software\QT\6.11.1\msvc2022_64\include\QtCore\qvariant.h(149,70):
      参见“QVariant::Type”的声明
  
C:\Users\zgl18\AppData\Local\Temp\diag-level-work\RobWork\RobWorkStudio\ext\qtpropertybrowser\src\qtvariantproperty.cpp(1108,58): warning C4996: 'QVariant::Type': Use QMetaType::Type instead. [C:\Users\zgl18\AppData\Local\Temp\diag-level-work\build\RobWorkStudio\ext\qtpropertybrowser\qtpropertybrowser.vcxproj]
      D:\software\QT\6.11.1\msvc2022_64\include\QtCore\qvariant.h(149,70):
      参见“QVariant::Type”的声明
  
C:\Users\zgl18\AppData\Local\Temp\diag-level-work\RobWork\RobWorkStudio\ext\qtpropertybrowser\src\qtvariantproperty.cpp(1109,55): warning C4996: 'QVariant::Type': Use QMetaType::Type instead. [C:\Users\zgl18\AppData\Local\Temp\diag-level-work\build\RobWorkStudio\ext\qtpropertybrowser\qtpropertybrowser.vcxproj]
      D:\software\QT\6.11.1\msvc2022_64\include\QtCore\qvariant.h(149,70):
      参见“QVariant::Type”的声明
  
C:\Users\zgl18\AppData\Local\Temp\diag-level-work\RobWork\RobWorkStudio\ext\qtpropertybrowser\src\qtvariantproperty.cpp(1110,23): warning C4996: 'QVariant::Type': Use QMetaType::Type instead. [C:\Users\zgl18\AppData\Local\Temp\diag-level-work\build\RobWorkStudio\ext\qtpropertybrowser\qtpropertybrowser.vcxproj]
      D:\software\QT\6.11.1\msvc2022_64\include\QtCore\qvariant.h(149,70):
      参见“QVariant::Type”的声明
  
C:\Users\zgl18\AppData\Local\Temp\diag-level-work\RobWork\RobWorkStudio\ext\qtpropertybrowser\src\qtvariantproperty.cpp(1111,55): warning C4996: 'QVariant::Type': Use QMetaType::Type instead. [C:\Users\zgl18\AppData\Local\Temp\diag-level-work\build\RobWorkStudio\ext\qtpropertybrowser\qtpropertybrowser.vcxproj]
      D:\software\QT\6.11.1\msvc2022_64\include\QtCore\qvariant.h(149,70):
      参见“QVariant::Type”的声明
  
C:\Users\zgl18\AppData\Local\Temp\diag-level-work\RobWork\RobWorkStudio\ext\qtpropertybrowser\src\qtvariantproperty.cpp(1112,23): warning C4996: 'QVariant::Type': Use QMetaType::Type instead. [C:\Users\zgl18\AppData\Local\Temp\diag-level-work\build\RobWorkStudio\ext\qtpropertybrowser\qtpropertybrowser.vcxproj]
      D:\software\QT\6.11.1\msvc2022_64\include\QtCore\qvariant.h(149,70):
      参见“QVariant::Type”的声明
  
C:\Users\zgl18\AppData\Local\Temp\diag-level-work\RobWork\RobWorkStudio\ext\qtpropertybrowser\src\qtvariantproperty.cpp(1127,46): warning C4996: 'QVariant::Type': Use QMetaType::Type instead. [C:\Users\zgl18\AppData\Local\Temp\diag-level-work\build\RobWorkStudio\ext\qtpropertybrowser\qtpropertybrowser.vcxproj]
      D:\software\QT\6.11.1\msvc2022_64\include\QtCore\qvariant.h(149,70):
      参见“QVariant::Type”的声明
  
C:\Users\zgl18\AppData\Local\Temp\diag-level-work\RobWork\RobWorkStudio\ext\qtpropertybrowser\src\qtvariantproperty.cpp(1128,40): warning C4996: 'QVariant::Type': Use QMetaType::Type instead. [C:\Users\zgl18\AppData\Local\Temp\diag-level-work\build\RobWorkStudio\ext\qtpropertybrowser\qtpropertybrowser.vcxproj]
      D:\software\QT\6.11.1\msvc2022_64\include\QtCore\qvariant.h(149,70):
      参见“QVariant::Type”的声明
  
C:\Users\zgl18\AppData\Local\Temp\diag-level-work\RobWork\RobWorkStudio\ext\qtpropertybrowser\src\qtvariantproperty.cpp(1128,59): warning C4996: 'QVariant::Type': Use QMetaType::Type instead. [C:\Users\zgl18\AppData\Local\Temp\diag-level-work\build\RobWorkStudio\ext\qtpropertybrowser\qtpropertybrowser.vcxproj]
      D:\software\QT\6.11.1\msvc2022_64\include\QtCore\qvariant.h(149,70):
      参见“QVariant::Type”的声明
  
C:\Users\zgl18\AppData\Local\Temp\diag-level-work\RobWork\RobWorkStudio\ext\qtpropertybrowser\src\qtvariantproperty.cpp(1129,55): warning C4996: 'QVariant::Type': Use QMetaType::Type instead. [C:\Users\zgl18\AppData\Local\Temp\diag-level-work\build\RobWorkStudio\ext\qtpropertybrowser\qtpropertybrowser.vcxproj]
      D:\software\QT\6.11.1\msvc2022_64\include\QtCore\qvariant.h(149,70):
      参见“QVariant::Type”的声明
  
C:\Users\zgl18\AppData\Local\Temp\diag-level-work\RobWork\RobWorkStudio\ext\qtpropertybrowser\src\qtvariantproperty.cpp(1130,23): warning C4996: 'QVariant::Type': Use QMetaType::Type instead. [C:\Users\zgl18\AppData\Local\Temp\diag-level-work\build\RobWorkStudio\ext\qtpropertybrowser\qtpropertybrowser.vcxproj]
      D:\software\QT\6.11.1\msvc2022_64\include\QtCore\qvariant.h(149,70):
      参见“QVariant::Type”的声明
  
C:\Users\zgl18\AppData\Local\Temp\diag-level-work\RobWork\RobWorkStudio\ext\qtpropertybrowser\src\qtvariantproperty.cpp(1131,55): warning C4996: 'QVariant::Type': Use QMetaType::Type instead. [C:\Users\zgl18\AppData\Local\Temp\diag-level-work\build\RobWorkStudio\ext\qtpropertybrowser\qtpropertybrowser.vcxproj]
      D:\software\QT\6.11.1\msvc2022_64\include\QtCore\qvariant.h(149,70):
      参见“QVariant::Type”的声明
  
C:\Users\zgl18\AppData\Local\Temp\diag-level-work\RobWork\RobWorkStudio\ext\qtpropertybrowser\src\qtvariantproperty.cpp(1132,23): warning C4996: 'QVariant::Type': Use QMetaType::Type instead. [C:\Users\zgl18\AppData\Local\Temp\diag-level-work\build\RobWorkStudio\ext\qtpropertybrowser\qtpropertybrowser.vcxproj]
      D:\software\QT\6.11.1\msvc2022_64\include\QtCore\qvariant.h(149,70):
      参见“QVariant::Type”的声明
  
C:\Users\zgl18\AppData\Local\Temp\diag-level-work\RobWork\RobWorkStudio\ext\qtpropertybrowser\src\qtvariantproperty.cpp(1133,55): warning C4996: 'QVariant::Type': Use QMetaType::Type instead. [C:\Users\zgl18\AppData\Local\Temp\diag-level-work\build\RobWorkStudio\ext\qtpropertybrowser\qtpropertybrowser.vcxproj]
      D:\software\QT\6.11.1\msvc2022_64\include\QtCore\qvariant.h(149,70):
      参见“QVariant::Type”的声明
  
C:\Users\zgl18\AppData\Local\Temp\diag-level-work\RobWork\RobWorkStudio\ext\qtpropertybrowser\src\qtvariantproperty.cpp(1134,23): warning C4996: 'QVariant::Type': Use QMetaType::Type instead. [C:\Users\zgl18\AppData\Local\Temp\diag-level-work\build\RobWorkStudio\ext\qtpropertybrowser\qtpropertybrowser.vcxproj]
      D:\software\QT\6.11.1\msvc2022_64\include\QtCore\qvariant.h(149,70):
      参见“QVariant::Type”的声明
  
C:\Users\zgl18\AppData\Local\Temp\diag-level-work\RobWork\RobWorkStudio\ext\qtpropertybrowser\src\qtvariantproperty.cpp(1151,46): warning C4996: 'QVariant::Type': Use QMetaType::Type instead. [C:\Users\zgl18\AppData\Local\Temp\diag-level-work\build\RobWorkStudio\ext\qtpropertybrowser\qtpropertybrowser.vcxproj]
      D:\software\QT\6.11.1\msvc2022_64\include\QtCore\qvariant.h(149,70):
      参见“QVariant::Type”的声明
  
C:\Users\zgl18\AppData\Local\Temp\diag-level-work\RobWork\RobWorkStudio\ext\qtpropertybrowser\src\qtvariantproperty.cpp(1152,40): warning C4996: 'QVariant::Type': Use QMetaType::Type instead. [C:\Users\zgl18\AppData\Local\Temp\diag-level-work\build\RobWorkStudio\ext\qtpropertybrowser\qtpropertybrowser.vcxproj]
      D:\software\QT\6.11.1\msvc2022_64\include\QtCore\qvariant.h(149,70):
      参见“QVariant::Type”的声明
  
C:\Users\zgl18\AppData\Local\Temp\diag-level-work\RobWork\RobWorkStudio\ext\qtpropertybrowser\src\qtvariantproperty.cpp(1152,58): warning C4996: 'QVariant::Type': Use QMetaType::Type instead. [C:\Users\zgl18\AppData\Local\Temp\diag-level-work\build\RobWorkStudio\ext\qtpropertybrowser\qtpropertybrowser.vcxproj]
      D:\software\QT\6.11.1\msvc2022_64\include\QtCore\qvariant.h(149,70):
      参见“QVariant::Type”的声明
  
C:\Users\zgl18\AppData\Local\Temp\diag-level-work\RobWork\RobWorkStudio\ext\qtpropertybrowser\src\qtvariantproperty.cpp(1153,55): warning C4996: 'QVariant::Type': Use QMetaType::Type instead. [C:\Users\zgl18\AppData\Local\Temp\diag-level-work\build\RobWorkStudio\ext\qtpropertybrowser\qtpropertybrowser.vcxproj]
      D:\software\QT\6.11.1\msvc2022_64\include\QtCore\qvariant.h(149,70):
      参见“QVariant::Type”的声明
  
C:\Users\zgl18\AppData\Local\Temp\diag-level-work\RobWork\RobWorkStudio\ext\qtpropertybrowser\src\qtvariantproperty.cpp(1154,23): warning C4996: 'QVariant::Type': Use QMetaType::Type instead. [C:\Users\zgl18\AppData\Local\Temp\diag-level-work\build\RobWorkStudio\ext\qtpropertybrowser\qtpropertybrowser.vcxproj]
      D:\software\QT\6.11.1\msvc2022_64\include\QtCore\qvariant.h(149,70):
      参见“QVariant::Type”的声明
  
C:\Users\zgl18\AppData\Local\Temp\diag-level-work\RobWork\RobWorkStudio\ext\qtpropertybrowser\src\qtvariantproperty.cpp(1169,46): warning C4996: 'QVariant::Type': Use QMetaType::Type instead. [C:\Users\zgl18\AppData\Local\Temp\diag-level-work\build\RobWorkStudio\ext\qtpropertybrowser\qtpropertybrowser.vcxproj]
      D:\software\QT\6.11.1\msvc2022_64\include\QtCore\qvariant.h(149,70):
      参见“QVariant::Type”的声明
  
C:\Users\zgl18\AppData\Local\Temp\diag-level-work\RobWork\RobWorkStudio\ext\qtpropertybrowser\src\qtvariantproperty.cpp(1170,40): warning C4996: 'QVariant::Type': Use QMetaType::Type instead. [C:\Users\zgl18\AppData\Local\Temp\diag-level-work\build\RobWorkStudio\ext\qtpropertybrowser\qtpropertybrowser.vcxproj]
      D:\software\QT\6.11.1\msvc2022_64\include\QtCore\qvariant.h(149,70):
      参见“QVariant::Type”的声明
  
C:\Users\zgl18\AppData\Local\Temp\diag-level-work\RobWork\RobWorkStudio\ext\qtpropertybrowser\src\qtvariantproperty.cpp(1170,59): warning C4996: 'QVariant::Type': Use QMetaType::Type instead. [C:\Users\zgl18\AppData\Local\Temp\diag-level-work\build\RobWorkStudio\ext\qtpropertybrowser\qtpropertybrowser.vcxproj]
      D:\software\QT\6.11.1\msvc2022_64\include\QtCore\qvariant.h(149,70):
      参见“QVariant::Type”的声明
  
C:\Users\zgl18\AppData\Local\Temp\diag-level-work\RobWork\RobWorkStudio\ext\qtpropertybrowser\src\qtvariantproperty.cpp(1171,55): warning C4996: 'QVariant::Type': Use QMetaType::Type instead. [C:\Users\zgl18\AppData\Local\Temp\diag-level-work\build\RobWorkStudio\ext\qtpropertybrowser\qtpropertybrowser.vcxproj]
      D:\software\QT\6.11.1\msvc2022_64\include\QtCore\qvariant.h(149,70):
      参见“QVariant::Type”的声明
  
C:\Users\zgl18\AppData\Local\Temp\diag-level-work\RobWork\RobWorkStudio\ext\qtpropertybrowser\src\qtvariantproperty.cpp(1172,23): warning C4996: 'QVariant::Type': Use QMetaType::Type instead. [C:\Users\zgl18\AppData\Local\Temp\diag-level-work\build\RobWorkStudio\ext\qtpropertybrowser\qtpropertybrowser.vcxproj]
      D:\software\QT\6.11.1\msvc2022_64\include\QtCore\qvariant.h(149,70):
      参见“QVariant::Type”的声明
  
C:\Users\zgl18\AppData\Local\Temp\diag-level-work\RobWork\RobWorkStudio\ext\qtpropertybrowser\src\qtvariantproperty.cpp(1173,55): warning C4996: 'QVariant::Type': Use QMetaType::Type instead. [C:\Users\zgl18\AppData\Local\Temp\diag-level-work\build\RobWorkStudio\ext\qtpropertybrowser\qtpropertybrowser.vcxproj]
      D:\software\QT\6.11.1\msvc2022_64\include\QtCore\qvariant.h(149,70):
      参见“QVariant::Type”的声明
  
C:\Users\zgl18\AppData\Local\Temp\diag-level-work\RobWork\RobWorkStudio\ext\qtpropertybrowser\src\qtvariantproperty.cpp(1174,23): warning C4996: 'QVariant::Type': Use QMetaType::Type instead. [C:\Users\zgl18\AppData\Local\Temp\diag-level-work\build\RobWorkStudio\ext\qtpropertybrowser\qtpropertybrowser.vcxproj]
      D:\software\QT\6.11.1\msvc2022_64\include\QtCore\qvariant.h(149,70):
      参见“QVariant::Type”的声明
  
C:\Users\zgl18\AppData\Local\Temp\diag-level-work\RobWork\RobWorkStudio\ext\qtpropertybrowser\src\qtvariantproperty.cpp(1191,46): warning C4996: 'QVariant::Type': Use QMetaType::Type instead. [C:\Users\zgl18\AppData\Local\Temp\diag-level-work\build\RobWorkStudio\ext\qtpropertybrowser\qtpropertybrowser.vcxproj]
      D:\software\QT\6.11.1\msvc2022_64\include\QtCore\qvariant.h(149,70):
      参见“QVariant::Type”的声明
  
C:\Users\zgl18\AppData\Local\Temp\diag-level-work\RobWork\RobWorkStudio\ext\qtpropertybrowser\src\qtvariantproperty.cpp(1192,40): warning C4996: 'QVariant::Type': Use QMetaType::Type instead. [C:\Users\zgl18\AppData\Local\Temp\diag-level-work\build\RobWorkStudio\ext\qtpropertybrowser\qtpropertybrowser.vcxproj]
      D:\software\QT\6.11.1\msvc2022_64\include\QtCore\qvariant.h(149,70):
      参见“QVariant::Type”的声明
  
C:\Users\zgl18\AppData\Local\Temp\diag-level-work\RobWork\RobWorkStudio\ext\qtpropertybrowser\src\qtvariantproperty.cpp(1192,59): warning C4996: 'QVariant::Type': Use QMetaType::Type instead. [C:\Users\zgl18\AppData\Local\Temp\diag-level-work\build\RobWorkStudio\ext\qtpropertybrowser\qtpropertybrowser.vcxproj]
      D:\software\QT\6.11.1\msvc2022_64\include\QtCore\qvariant.h(149,70):
      参见“QVariant::Type”的声明
  
C:\Users\zgl18\AppData\Local\Temp\diag-level-work\RobWork\RobWorkStudio\ext\qtpropertybrowser\src\qtvariantproperty.cpp(1205,50): warning C4996: 'QVariant::Type': Use QMetaType::Type instead. [C:\Users\zgl18\AppData\Local\Temp\diag-level-work\build\RobWorkStudio\ext\qtpropertybrowser\qtpropertybrowser.vcxproj]
      D:\software\QT\6.11.1\msvc2022_64\include\QtCore\qvariant.h(149,70):
      参见“QVariant::Type”的声明
  
C:\Users\zgl18\AppData\Local\Temp\diag-level-work\RobWork\RobWorkStudio\ext\qtpropertybrowser\src\qtvariantproperty.cpp(1207,23): warning C4996: 'QVariant::Type': Use QMetaType::Type instead. [C:\Users\zgl18\AppData\Local\Temp\diag-level-work\build\RobWorkStudio\ext\qtpropertybrowser\qtpropertybrowser.vcxproj]
      D:\software\QT\6.11.1\msvc2022_64\include\QtCore\qvariant.h(149,70):
      参见“QVariant::Type”的声明
  
C:\Users\zgl18\AppData\Local\Temp\diag-level-work\RobWork\RobWorkStudio\ext\qtpropertybrowser\src\qtvariantproperty.cpp(1218,46): warning C4996: 'QVariant::Type': Use QMetaType::Type instead. [C:\Users\zgl18\AppData\Local\Temp\diag-level-work\build\RobWorkStudio\ext\qtpropertybrowser\qtpropertybrowser.vcxproj]
      D:\software\QT\6.11.1\msvc2022_64\include\QtCore\qvariant.h(149,70):
      参见“QVariant::Type”的声明
  
C:\Users\zgl18\AppData\Local\Temp\diag-level-work\RobWork\RobWorkStudio\ext\qtpropertybrowser\src\qtvariantproperty.cpp(1219,40): warning C4996: 'QVariant::Type': Use QMetaType::Type instead. [C:\Users\zgl18\AppData\Local\Temp\diag-level-work\build\RobWorkStudio\ext\qtpropertybrowser\qtpropertybrowser.vcxproj]
      D:\software\QT\6.11.1\msvc2022_64\include\QtCore\qvariant.h(149,70):
      参见“QVariant::Type”的声明
  
C:\Users\zgl18\AppData\Local\Temp\diag-level-work\RobWork\RobWorkStudio\ext\qtpropertybrowser\src\qtvariantproperty.cpp(1219,64): warning C4996: 'QVariant::Type': Use QMetaType::Type instead. [C:\Users\zgl18\AppData\Local\Temp\diag-level-work\build\RobWorkStudio\ext\qtpropertybrowser\qtpropertybrowser.vcxproj]
      D:\software\QT\6.11.1\msvc2022_64\include\QtCore\qvariant.h(149,70):
      参见“QVariant::Type”的声明
  
C:\Users\zgl18\AppData\Local\Temp\diag-level-work\RobWork\RobWorkStudio\ext\qtpropertybrowser\src\qtvariantproperty.cpp(1237,46): warning C4996: 'QVariant::Type': Use QMetaType::Type instead. [C:\Users\zgl18\AppData\Local\Temp\diag-level-work\build\RobWorkStudio\ext\qtpropertybrowser\qtpropertybrowser.vcxproj]
      D:\software\QT\6.11.1\msvc2022_64\include\QtCore\qvariant.h(149,70):
      参见“QVariant::Type”的声明
  
C:\Users\zgl18\AppData\Local\Temp\diag-level-work\RobWork\RobWorkStudio\ext\qtpropertybrowser\src\qtvariantproperty.cpp(1238,40): warning C4996: 'QVariant::Type': Use QMetaType::Type instead. [C:\Users\zgl18\AppData\Local\Temp\diag-level-work\build\RobWorkStudio\ext\qtpropertybrowser\qtpropertybrowser.vcxproj]
      D:\software\QT\6.11.1\msvc2022_64\include\QtCore\qvariant.h(149,70):
      参见“QVariant::Type”的声明
  
C:\Users\zgl18\AppData\Local\Temp\diag-level-work\RobWork\RobWorkStudio\ext\qtpropertybrowser\src\qtvariantproperty.cpp(1238,58): warning C4996: 'QVariant::Type': Use QMetaType::Type instead. [C:\Users\zgl18\AppData\Local\Temp\diag-level-work\build\RobWorkStudio\ext\qtpropertybrowser\qtpropertybrowser.vcxproj]
      D:\software\QT\6.11.1\msvc2022_64\include\QtCore\qvariant.h(149,70):
      参见“QVariant::Type”的声明
  
C:\Users\zgl18\AppData\Local\Temp\diag-level-work\RobWork\RobWorkStudio\ext\qtpropertybrowser\src\qtvariantproperty.cpp(1258,46): warning C4996: 'QVariant::Type': Use QMetaType::Type instead. [C:\Users\zgl18\AppData\Local\Temp\diag-level-work\build\RobWorkStudio\ext\qtpropertybrowser\qtpropertybrowser.vcxproj]
      D:\software\QT\6.11.1\msvc2022_64\include\QtCore\qvariant.h(149,70):
      参见“QVariant::Type”的声明
  
C:\Users\zgl18\AppData\Local\Temp\diag-level-work\RobWork\RobWorkStudio\ext\qtpropertybrowser\src\qtvariantproperty.cpp(1259,40): warning C4996: 'QVariant::Type': Use QMetaType::Type instead. [C:\Users\zgl18\AppData\Local\Temp\diag-level-work\build\RobWorkStudio\ext\qtpropertybrowser\qtpropertybrowser.vcxproj]
      D:\software\QT\6.11.1\msvc2022_64\include\QtCore\qvariant.h(149,70):
      参见“QVariant::Type”的声明
  
C:\Users\zgl18\AppData\Local\Temp\diag-level-work\RobWork\RobWorkStudio\ext\qtpropertybrowser\src\qtvariantproperty.cpp(1259,60): warning C4996: 'QVariant::Type': Use QMetaType::Type instead. [C:\Users\zgl18\AppData\Local\Temp\diag-level-work\build\RobWorkStudio\ext\qtpropertybrowser\qtpropertybrowser.vcxproj]
      D:\software\QT\6.11.1\msvc2022_64\include\QtCore\qvariant.h(149,70):
      参见“QVariant::Type”的声明
  
C:\Users\zgl18\AppData\Local\Temp\diag-level-work\RobWork\RobWorkStudio\ext\qtpropertybrowser\src\qtvariantproperty.cpp(1266,50): warning C4996: 'QVariant::Type': Use QMetaType::Type instead. [C:\Users\zgl18\AppData\Local\Temp\diag-level-work\build\RobWorkStudio\ext\qtpropertybrowser\qtpropertybrowser.vcxproj]
      D:\software\QT\6.11.1\msvc2022_64\include\QtCore\qvariant.h(149,70):
      参见“QVariant::Type”的声明
  
C:\Users\zgl18\AppData\Local\Temp\diag-level-work\RobWork\RobWorkStudio\ext\qtpropertybrowser\src\qtvariantproperty.cpp(1268,23): warning C4996: 'QVariant::Type': Use QMetaType::Type instead. [C:\Users\zgl18\AppData\Local\Temp\diag-level-work\build\RobWorkStudio\ext\qtpropertybrowser\qtpropertybrowser.vcxproj]
      D:\software\QT\6.11.1\msvc2022_64\include\QtCore\qvariant.h(149,70):
      参见“QVariant::Type”的声明
  
C:\Users\zgl18\AppData\Local\Temp\diag-level-work\RobWork\RobWorkStudio\ext\qtpropertybrowser\src\qtvariantproperty.cpp(1283,51): warning C4996: 'QVariant::Type': Use QMetaType::Type instead. [C:\Users\zgl18\AppData\Local\Temp\diag-level-work\build\RobWorkStudio\ext\qtpropertybrowser\qtpropertybrowser.vcxproj]
      D:\software\QT\6.11.1\msvc2022_64\include\QtCore\qvariant.h(149,70):
      参见“QVariant::Type”的声明
  
C:\Users\zgl18\AppData\Local\Temp\diag-level-work\RobWork\RobWorkStudio\ext\qtpropertybrowser\src\qtpropertybrowserutils.cpp(357,12): warning C4996: 'QKeyCombination::operator int': Use QKeyCombination instead of int [C:\Users\zgl18\AppData\Local\Temp\diag-level-work\build\RobWorkStudio\ext\qtpropertybrowser\qtpropertybrowser.vcxproj]
C:\Users\zgl18\AppData\Local\Temp\diag-level-work\RobWork\RobWorkStudio\ext\qtpropertybrowser\src\qtpropertybrowserutils.cpp(358,12): warning C4996: 'QKeyCombination::operator int': Use QKeyCombination instead of int [C:\Users\zgl18\AppData\Local\Temp\diag-level-work\build\RobWorkStudio\ext\qtpropertybrowser\qtpropertybrowser.vcxproj]
C:\Users\zgl18\AppData\Local\Temp\diag-level-work\RobWork\RobWorkStudio\ext\qtpropertybrowser\src\qtpropertybrowserutils.cpp(359,12): warning C4996: 'QKeyCombination::operator int': Use QKeyCombination instead of int [C:\Users\zgl18\AppData\Local\Temp\diag-level-work\build\RobWorkStudio\ext\qtpropertybrowser\qtpropertybrowser.vcxproj]
C:\Users\zgl18\AppData\Local\Temp\diag-level-work\RobWork\RobWorkStudio\ext\qtpropertybrowser\src\qtpropertybrowserutils.cpp(360,12): warning C4996: 'QKeyCombination::operator int': Use QKeyCombination instead of int [C:\Users\zgl18\AppData\Local\Temp\diag-level-work\build\RobWorkStudio\ext\qtpropertybrowser\qtpropertybrowser.vcxproj]
C:\Users\zgl18\AppData\Local\Temp\diag-level-work\RobWork\RobWorkStudio\ext\qtpropertybrowser\src\qtvariantproperty.cpp(1632,70): warning C4996: 'QVariant::Type': Use QMetaType::Type instead. [C:\Users\zgl18\AppData\Local\Temp\diag-level-work\build\RobWorkStudio\ext\qtpropertybrowser\qtpropertybrowser.vcxproj]
C:\Users\zgl18\AppData\Local\Temp\diag-level-work\RobWork\RobWorkStudio\ext\qtpropertybrowser\src\qtvariantproperty.cpp(1632,37): warning C4996: 'QVariant::canConvert': 被声明为已否决 [C:\Users\zgl18\AppData\Local\Temp\diag-level-work\build\RobWorkStudio\ext\qtpropertybrowser\qtpropertybrowser.vcxproj]
C:\Users\zgl18\AppData\Local\Temp\diag-level-work\RobWork\RobWorkStudio\ext\qtpropertybrowser\src\qtvariantproperty.cpp(1736,46): warning C4996: 'QVariant::Type': Use QMetaType::Type instead. [C:\Users\zgl18\AppData\Local\Temp\diag-level-work\build\RobWorkStudio\ext\qtpropertybrowser\qtpropertybrowser.vcxproj]
C:\Users\zgl18\AppData\Local\Temp\diag-level-work\RobWork\RobWorkStudio\ext\qtpropertybrowser\src\qtvariantproperty.cpp(1736,24): warning C4996: 'QVariant::canConvert': 被声明为已否决 [C:\Users\zgl18\AppData\Local\Temp\diag-level-work\build\RobWorkStudio\ext\qtpropertybrowser\qtpropertybrowser.vcxproj]
C:\Users\zgl18\AppData\Local\Temp\diag-level-work\RobWork\RobWorkStudio\ext\qtpropertybrowser\src\qtpropertymanager.cpp(430,39): warning C4996: 'QLocale::countryToString': Use territoryToString(Territory) instead [C:\Users\zgl18\AppData\Local\Temp\diag-level-work\build\RobWorkStudio\ext\qtpropertybrowser\qtpropertybrowser.vcxproj]
C:\Users\zgl18\AppData\Local\Temp\diag-level-work\RobWork\RobWorkStudio\ext\qtpropertybrowser\src\qtvariantproperty.cpp(2014,65): warning C4996: 'QVariant::Type': Use QMetaType::Type instead. [C:\Users\zgl18\AppData\Local\Temp\diag-level-work\build\RobWorkStudio\ext\qtpropertybrowser\qtpropertybrowser.vcxproj]
      D:\software\QT\6.11.1\msvc2022_64\include\QtCore\qvariant.h(149,70):
      参见“QVariant::Type”的声明
  
C:\Users\zgl18\AppData\Local\Temp\diag-level-work\RobWork\RobWorkStudio\ext\qtpropertybrowser\src\qtvariantproperty.cpp(2015,38): warning C4996: 'QVariant::Type': Use QMetaType::Type instead. [C:\Users\zgl18\AppData\Local\Temp\diag-level-work\build\RobWorkStudio\ext\qtpropertybrowser\qtpropertybrowser.vcxproj]
      D:\software\QT\6.11.1\msvc2022_64\include\QtCore\qvariant.h(149,70):
      参见“QVariant::Type”的声明
  
C:\Users\zgl18\AppData\Local\Temp\diag-level-work\RobWork\RobWorkStudio\ext\qtpropertybrowser\src\qtvariantproperty.cpp(2018,71): warning C4996: 'QVariant::Type': Use QMetaType::Type instead. [C:\Users\zgl18\AppData\Local\Temp\diag-level-work\build\RobWorkStudio\ext\qtpropertybrowser\qtpropertybrowser.vcxproj]
      D:\software\QT\6.11.1\msvc2022_64\include\QtCore\qvariant.h(149,70):
      参见“QVariant::Type”的声明
  
C:\Users\zgl18\AppData\Local\Temp\diag-level-work\RobWork\RobWorkStudio\ext\qtpropertybrowser\src\qtvariantproperty.cpp(2019,38): warning C4996: 'QVariant::Type': Use QMetaType::Type instead. [C:\Users\zgl18\AppData\Local\Temp\diag-level-work\build\RobWorkStudio\ext\qtpropertybrowser\qtpropertybrowser.vcxproj]
      D:\software\QT\6.11.1\msvc2022_64\include\QtCore\qvariant.h(149,70):
      参见“QVariant::Type”的声明
  
C:\Users\zgl18\AppData\Local\Temp\diag-level-work\RobWork\RobWorkStudio\ext\qtpropertybrowser\src\qtvariantproperty.cpp(2022,66): warning C4996: 'QVariant::Type': Use QMetaType::Type instead. [C:\Users\zgl18\AppData\Local\Temp\diag-level-work\build\RobWorkStudio\ext\qtpropertybrowser\qtpropertybrowser.vcxproj]
      D:\software\QT\6.11.1\msvc2022_64\include\QtCore\qvariant.h(149,70):
      参见“QVariant::Type”的声明
  
C:\Users\zgl18\AppData\Local\Temp\diag-level-work\RobWork\RobWorkStudio\ext\qtpropertybrowser\src\qtvariantproperty.cpp(2023,38): warning C4996: 'QVariant::Type': Use QMetaType::Type instead. [C:\Users\zgl18\AppData\Local\Temp\diag-level-work\build\RobWorkStudio\ext\qtpropertybrowser\qtpropertybrowser.vcxproj]
      D:\software\QT\6.11.1\msvc2022_64\include\QtCore\qvariant.h(149,70):
      参见“QVariant::Type”的声明
  
C:\Users\zgl18\AppData\Local\Temp\diag-level-work\RobWork\RobWorkStudio\ext\qtpropertybrowser\src\qtvariantproperty.cpp(2026,66): warning C4996: 'QVariant::Type': Use QMetaType::Type instead. [C:\Users\zgl18\AppData\Local\Temp\diag-level-work\build\RobWorkStudio\ext\qtpropertybrowser\qtpropertybrowser.vcxproj]
      D:\software\QT\6.11.1\msvc2022_64\include\QtCore\qvariant.h(149,70):
      参见“QVariant::Type”的声明
  
C:\Users\zgl18\AppData\Local\Temp\diag-level-work\RobWork\RobWorkStudio\ext\qtpropertybrowser\src\qtvariantproperty.cpp(2027,38): warning C4996: 'QVariant::Type': Use QMetaType::Type instead. [C:\Users\zgl18\AppData\Local\Temp\diag-level-work\build\RobWorkStudio\ext\qtpropertybrowser\qtpropertybrowser.vcxproj]
      D:\software\QT\6.11.1\msvc2022_64\include\QtCore\qvariant.h(149,70):
      参见“QVariant::Type”的声明
  
C:\Users\zgl18\AppData\Local\Temp\diag-level-work\RobWork\RobWorkStudio\ext\qtpropertybrowser\src\qtvariantproperty.cpp(2030,66): warning C4996: 'QVariant::Type': Use QMetaType::Type instead. [C:\Users\zgl18\AppData\Local\Temp\diag-level-work\build\RobWorkStudio\ext\qtpropertybrowser\qtpropertybrowser.vcxproj]
      D:\software\QT\6.11.1\msvc2022_64\include\QtCore\qvariant.h(149,70):
      参见“QVariant::Type”的声明
  
C:\Users\zgl18\AppData\Local\Temp\diag-level-work\RobWork\RobWorkStudio\ext\qtpropertybrowser\src\qtvariantproperty.cpp(2031,38): warning C4996: 'QVariant::Type': Use QMetaType::Type instead. [C:\Users\zgl18\AppData\Local\Temp\diag-level-work\build\RobWorkStudio\ext\qtpropertybrowser\qtpropertybrowser.vcxproj]
      D:\software\QT\6.11.1\msvc2022_64\include\QtCore\qvariant.h(149,70):
      参见“QVariant::Type”的声明
  
C:\Users\zgl18\AppData\Local\Temp\diag-level-work\RobWork\RobWorkStudio\ext\qtpropertybrowser\src\qtvariantproperty.cpp(2034,66): warning C4996: 'QVariant::Type': Use QMetaType::Type instead. [C:\Users\zgl18\AppData\Local\Temp\diag-level-work\build\RobWorkStudio\ext\qtpropertybrowser\qtpropertybrowser.vcxproj]
      D:\software\QT\6.11.1\msvc2022_64\include\QtCore\qvariant.h(149,70):
      参见“QVariant::Type”的声明
  
C:\Users\zgl18\AppData\Local\Temp\diag-level-work\RobWork\RobWorkStudio\ext\qtpropertybrowser\src\qtvariantproperty.cpp(2035,38): warning C4996: 'QVariant::Type': Use QMetaType::Type instead. [C:\Users\zgl18\AppData\Local\Temp\diag-level-work\build\RobWorkStudio\ext\qtpropertybrowser\qtpropertybrowser.vcxproj]
      D:\software\QT\6.11.1\msvc2022_64\include\QtCore\qvariant.h(149,70):
      参见“QVariant::Type”的声明
  
C:\Users\zgl18\AppData\Local\Temp\diag-level-work\RobWork\RobWorkStudio\ext\qtpropertybrowser\src\qtvariantproperty.cpp(2038,70): warning C4996: 'QVariant::Type': Use QMetaType::Type instead. [C:\Users\zgl18\AppData\Local\Temp\diag-level-work\build\RobWorkStudio\ext\qtpropertybrowser\qtpropertybrowser.vcxproj]
      D:\software\QT\6.11.1\msvc2022_64\include\QtCore\qvariant.h(149,70):
      参见“QVariant::Type”的声明
  
C:\Users\zgl18\AppData\Local\Temp\diag-level-work\RobWork\RobWorkStudio\ext\qtpropertybrowser\src\qtvariantproperty.cpp(2039,38): warning C4996: 'QVariant::Type': Use QMetaType::Type instead. [C:\Users\zgl18\AppData\Local\Temp\diag-level-work\build\RobWorkStudio\ext\qtpropertybrowser\qtpropertybrowser.vcxproj]
      D:\software\QT\6.11.1\msvc2022_64\include\QtCore\qvariant.h(149,70):
      参见“QVariant::Type”的声明
  
C:\Users\zgl18\AppData\Local\Temp\diag-level-work\RobWork\RobWorkStudio\ext\qtpropertybrowser\src\qtvariantproperty.cpp(2042,75): warning C4996: 'QVariant::Type': Use QMetaType::Type instead. [C:\Users\zgl18\AppData\Local\Temp\diag-level-work\build\RobWorkStudio\ext\qtpropertybrowser\qtpropertybrowser.vcxproj]
      D:\software\QT\6.11.1\msvc2022_64\include\QtCore\qvariant.h(149,70):
      参见“QVariant::Type”的声明
  
C:\Users\zgl18\AppData\Local\Temp\diag-level-work\RobWork\RobWorkStudio\ext\qtpropertybrowser\src\qtvariantproperty.cpp(2043,38): warning C4996: 'QVariant::Type': Use QMetaType::Type instead. [C:\Users\zgl18\AppData\Local\Temp\diag-level-work\build\RobWorkStudio\ext\qtpropertybrowser\qtpropertybrowser.vcxproj]
      D:\software\QT\6.11.1\msvc2022_64\include\QtCore\qvariant.h(149,70):
      参见“QVariant::Type”的声明
  
C:\Users\zgl18\AppData\Local\Temp\diag-level-work\RobWork\RobWorkStudio\ext\qtpropertybrowser\src\qtvariantproperty.cpp(2046,68): warning C4996: 'QVariant::Type': Use QMetaType::Type instead. [C:\Users\zgl18\AppData\Local\Temp\diag-level-work\build\RobWorkStudio\ext\qtpropertybrowser\qtpropertybrowser.vcxproj]
      D:\software\QT\6.11.1\msvc2022_64\include\QtCore\qvariant.h(149,70):
      参见“QVariant::Type”的声明
  
C:\Users\zgl18\AppData\Local\Temp\diag-level-work\RobWork\RobWorkStudio\ext\qtpropertybrowser\src\qtvariantproperty.cpp(2047,38): warning C4996: 'QVariant::Type': Use QMetaType::Type instead. [C:\Users\zgl18\AppData\Local\Temp\diag-level-work\build\RobWorkStudio\ext\qtpropertybrowser\qtpropertybrowser.vcxproj]
      D:\software\QT\6.11.1\msvc2022_64\include\QtCore\qvariant.h(149,70):
      参见“QVariant::Type”的声明
  
C:\Users\zgl18\AppData\Local\Temp\diag-level-work\RobWork\RobWorkStudio\ext\qtpropertybrowser\src\qtvariantproperty.cpp(2050,70): warning C4996: 'QVariant::Type': Use QMetaType::Type instead. [C:\Users\zgl18\AppData\Local\Temp\diag-level-work\build\RobWorkStudio\ext\qtpropertybrowser\qtpropertybrowser.vcxproj]
      D:\software\QT\6.11.1\msvc2022_64\include\QtCore\qvariant.h(149,70):
      参见“QVariant::Type”的声明
  
C:\Users\zgl18\AppData\Local\Temp\diag-level-work\RobWork\RobWorkStudio\ext\qtpropertybrowser\src\qtvariantproperty.cpp(2051,38): warning C4996: 'QVariant::Type': Use QMetaType::Type instead. [C:\Users\zgl18\AppData\Local\Temp\diag-level-work\build\RobWorkStudio\ext\qtpropertybrowser\qtpropertybrowser.vcxproj]
      D:\software\QT\6.11.1\msvc2022_64\include\QtCore\qvariant.h(149,70):
      参见“QVariant::Type”的声明
  
C:\Users\zgl18\AppData\Local\Temp\diag-level-work\RobWork\RobWorkStudio\ext\qtpropertybrowser\src\qtvariantproperty.cpp(2054,69): warning C4996: 'QVariant::Type': Use QMetaType::Type instead. [C:\Users\zgl18\AppData\Local\Temp\diag-level-work\build\RobWorkStudio\ext\qtpropertybrowser\qtpropertybrowser.vcxproj]
      D:\software\QT\6.11.1\msvc2022_64\include\QtCore\qvariant.h(149,70):
      参见“QVariant::Type”的声明
  
C:\Users\zgl18\AppData\Local\Temp\diag-level-work\RobWork\RobWorkStudio\ext\qtpropertybrowser\src\qtvariantproperty.cpp(2055,38): warning C4996: 'QVariant::Type': Use QMetaType::Type instead. [C:\Users\zgl18\AppData\Local\Temp\diag-level-work\build\RobWorkStudio\ext\qtpropertybrowser\qtpropertybrowser.vcxproj]
      D:\software\QT\6.11.1\msvc2022_64\include\QtCore\qvariant.h(149,70):
      参见“QVariant::Type”的声明
  
C:\Users\zgl18\AppData\Local\Temp\diag-level-work\RobWork\RobWorkStudio\ext\qtpropertybrowser\src\qtvariantproperty.cpp(2058,68): warning C4996: 'QVariant::Type': Use QMetaType::Type instead. [C:\Users\zgl18\AppData\Local\Temp\diag-level-work\build\RobWorkStudio\ext\qtpropertybrowser\qtpropertybrowser.vcxproj]
      D:\software\QT\6.11.1\msvc2022_64\include\QtCore\qvariant.h(149,70):
      参见“QVariant::Type”的声明
  
C:\Users\zgl18\AppData\Local\Temp\diag-level-work\RobWork\RobWorkStudio\ext\qtpropertybrowser\src\qtvariantproperty.cpp(2059,38): warning C4996: 'QVariant::Type': Use QMetaType::Type instead. [C:\Users\zgl18\AppData\Local\Temp\diag-level-work\build\RobWorkStudio\ext\qtpropertybrowser\qtpropertybrowser.vcxproj]
      D:\software\QT\6.11.1\msvc2022_64\include\QtCore\qvariant.h(149,70):
      参见“QVariant::Type”的声明
  
C:\Users\zgl18\AppData\Local\Temp\diag-level-work\RobWork\RobWorkStudio\ext\qtpropertybrowser\src\qtpropertymanager.cpp(455,30): warning C4996: 'QLocale::countriesForLanguage': Query territory() on each entry from matchingLocales() instead [C:\Users\zgl18\AppData\Local\Temp\diag-level-work\build\RobWorkStudio\ext\qtpropertybrowser\qtpropertybrowser.vcxproj]
C:\Users\zgl18\AppData\Local\Temp\diag-level-work\RobWork\RobWorkStudio\ext\qtpropertybrowser\src\qtpropertymanager.cpp(457,33): warning C4996: 'QLocale::country': Use territory() instead [C:\Users\zgl18\AppData\Local\Temp\diag-level-work\build\RobWorkStudio\ext\qtpropertybrowser\qtpropertybrowser.vcxproj]
C:\Users\zgl18\AppData\Local\Temp\diag-level-work\RobWork\RobWorkStudio\ext\qtpropertybrowser\src\qtpropertymanager.cpp(469,42): warning C4996: 'QLocale::countryToString': Use territoryToString(Territory) instead [C:\Users\zgl18\AppData\Local\Temp\diag-level-work\build\RobWorkStudio\ext\qtpropertybrowser\qtpropertybrowser.vcxproj]
C:\Users\zgl18\AppData\Local\Temp\diag-level-work\RobWork\RobWorkStudio\ext\qtpropertybrowser\src\qtpropertymanager.cpp(2464,43): warning C4996: 'QLocale::country': Use territory() instead [C:\Users\zgl18\AppData\Local\Temp\diag-level-work\build\RobWorkStudio\ext\qtpropertybrowser\qtpropertybrowser.vcxproj]
C:\Users\zgl18\AppData\Local\Temp\diag-level-work\RobWork\RobWorkStudio\ext\qtpropertybrowser\src\qtpropertymanager.cpp(2471,43): warning C4996: 'QLocale::country': Use territory() instead [C:\Users\zgl18\AppData\Local\Temp\diag-level-work\build\RobWorkStudio\ext\qtpropertybrowser\qtpropertybrowser.vcxproj]
C:\Users\zgl18\AppData\Local\Temp\diag-level-work\RobWork\RobWorkStudio\ext\qtpropertybrowser\src\qtpropertymanager.cpp(2587,59): warning C4996: 'QLocale::country': Use territory() instead [C:\Users\zgl18\AppData\Local\Temp\diag-level-work\build\RobWorkStudio\ext\qtpropertybrowser\qtpropertybrowser.vcxproj]
C:\Users\zgl18\AppData\Local\Temp\diag-level-work\RobWork\RobWorkStudio\ext\qtpropertybrowser\src\qtpropertymanager.cpp(2616,59): warning C4996: 'QLocale::country': Use territory() instead [C:\Users\zgl18\AppData\Local\Temp\diag-level-work\build\RobWorkStudio\ext\qtpropertybrowser\qtpropertybrowser.vcxproj]
C:\Users\zgl18\AppData\Local\Temp\diag-level-work\RobWork\RobWorkStudio\ext\qtpropertybrowser\src\qtpropertymanager.cpp(2638,59): warning C4996: 'QLocale::country': Use territory() instead [C:\Users\zgl18\AppData\Local\Temp\diag-level-work\build\RobWorkStudio\ext\qtpropertybrowser\qtpropertybrowser.vcxproj]
C:\Users\zgl18\AppData\Local\Temp\diag-level-work\RobWork\RobWorkStudio\ext\qtpropertybrowser\src\qteditorfactory.cpp(1736,14): warning C4996: 'QString::count': Use size() or length() instead. [C:\Users\zgl18\AppData\Local\Temp\diag-level-work\build\RobWorkStudio\ext\qtpropertybrowser\qtpropertybrowser.vcxproj]
  qtpropertybrowser.vcxproj -> C:\Users\zgl18\AppData\Local\Temp\diag-level-work\build\RobWorkStudio\libs\Release\qtpropertybrowser.lib
D:\software\Microsoft Visual Studio\2022\Community\MSBuild\Microsoft\VC\v170\Microsoft.CppBuild.targets(541,5): warning MSB8029: 中间目录或输出目录无法驻留在临时目录下，因为这可能会导致增量生成出现问题。 [C:\Users\zgl18\AppData\Local\Temp\diag-level-work\build\RobWork\src\rw\core\sdurw_core.vcxproj]
  Auto build dll exports
    正在创建库 C:/Users/zgl18/AppData/Local/Temp/diag-level-work/build/RobWork/libs/Release/sdurw_core.lib 和对象 C:/Users/zgl18/AppData/Local/Temp/diag-level-work/build/RobWork/libs/Release/sdurw_core.exp
  sdurw_core.vcxproj -> C:\Users\zgl18\AppData\Local\Temp\diag-level-work\build\RobWork\bin\Release\sdurw_core.dll
D:\software\Microsoft Visual Studio\2022\Community\MSBuild\Microsoft\VC\v170\Microsoft.CppBuild.targets(541,5): warning MSB8029: 中间目录或输出目录无法驻留在临时目录下，因为这可能会导致增量生成出现问题。 [C:\Users\zgl18\AppData\Local\Temp\diag-level-work\build\RobWork\src\rw\common\sdurw_common.vcxproj]
  Auto build dll exports
    正在创建库 C:/Users/zgl18/AppData/Local/Temp/diag-level-work/build/RobWork/libs/Release/sdurw_common.lib 和对象 C:/Users/zgl18/AppData/Local/Temp/diag-level-work/build/RobWork/libs/Release/sdurw_common.exp
  sdurw_common.vcxproj -> C:\Users\zgl18\AppData\Local\Temp\diag-level-work\build\RobWork\bin\Release\sdurw_common.dll
D:\software\Microsoft Visual Studio\2022\Community\MSBuild\Microsoft\VC\v170\Microsoft.CppBuild.targets(541,5): warning MSB8029: 中间目录或输出目录无法驻留在临时目录下，因为这可能会导致增量生成出现问题。 [C:\Users\zgl18\AppData\Local\Temp\diag-level-work\build\RobWork\src\rw\math\sdurw_math.vcxproj]
  Auto build dll exports
    正在创建库 C:/Users/zgl18/AppData/Local/Temp/diag-level-work/build/RobWork/libs/Release/sdurw_math.lib 和对象 C:/Users/zgl18/AppData/Local/Temp/diag-level-work/build/RobWork/libs/Release/sdurw_math.exp
  sdurw_math.vcxproj -> C:\Users\zgl18\AppData\Local\Temp\diag-level-work\build\RobWork\bin\Release\sdurw_math.dll
D:\software\Microsoft Visual Studio\2022\Community\MSBuild\Microsoft\VC\v170\Microsoft.CppBuild.targets(541,5): warning MSB8029: 中间目录或输出目录无法驻留在临时目录下，因为这可能会导致增量生成出现问题。 [C:\Users\zgl18\AppData\Local\Temp\diag-level-work\build\RobWork\src\rw\kinematics\sdurw_kinematics.vcxproj]
  Auto build dll exports
    正在创建库 C:/Users/zgl18/AppData/Local/Temp/diag-level-work/build/RobWork/libs/Release/sdurw_kinematics.lib 和对象 C:/Users/zgl18/AppData/Local/Temp/diag-level-work/build/RobWork/libs/Release/sdurw_kinematics.exp
  sdurw_kinematics.vcxproj -> C:\Users\zgl18\AppData\Local\Temp\diag-level-work\build\RobWork\bin\Release\sdurw_kinematics.dll
D:\software\Microsoft Visual Studio\2022\Community\MSBuild\Microsoft\VC\v170\Microsoft.CppBuild.targets(541,5): warning MSB8029: 中间目录或输出目录无法驻留在临时目录下，因为这可能会导致增量生成出现问题。 [C:\Users\zgl18\AppData\Local\Temp\diag-level-work\build\RobWork\src\rw\geometry\sdurw_geometry.vcxproj]
  Auto build dll exports
    正在创建库 C:/Users/zgl18/AppData/Local/Temp/diag-level-work/build/RobWork/libs/Release/sdurw_geometry.lib 和对象 C:/Users/zgl18/AppData/Local/Temp/diag-level-work/build/RobWork/libs/Release/sdurw_geometry.exp
  sdurw_geometry.vcxproj -> C:\Users\zgl18\AppData\Local\Temp\diag-level-work\build\RobWork\bin\Release\sdurw_geometry.dll
D:\software\Microsoft Visual Studio\2022\Community\MSBuild\Microsoft\VC\v170\Microsoft.CppBuild.targets(541,5): warning MSB8029: 中间目录或输出目录无法驻留在临时目录下，因为这可能会导致增量生成出现问题。 [C:\Users\zgl18\AppData\Local\Temp\diag-level-work\build\RobWork\src\rw\sensor\sdurw_sensor.vcxproj]
  Auto build dll exports
    正在创建库 C:/Users/zgl18/AppData/Local/Temp/diag-level-work/build/RobWork/libs/Release/sdurw_sensor.lib 和对象 C:/Users/zgl18/AppData/Local/Temp/diag-level-work/build/RobWork/libs/Release/sdurw_sensor.exp
  sdurw_sensor.vcxproj -> C:\Users\zgl18\AppData\Local\Temp\diag-level-work\build\RobWork\bin\Release\sdurw_sensor.dll
D:\software\Microsoft Visual Studio\2022\Community\MSBuild\Microsoft\VC\v170\Microsoft.CppBuild.targets(541,5): warning MSB8029: 中间目录或输出目录无法驻留在临时目录下，因为这可能会导致增量生成出现问题。 [C:\Users\zgl18\AppData\Local\Temp\diag-level-work\build\RobWork\src\rw\models\sdurw_models.vcxproj]
  Auto build dll exports
    正在创建库 C:/Users/zgl18/AppData/Local/Temp/diag-level-work/build/RobWork/libs/Release/sdurw_models.lib 和对象 C:/Users/zgl18/AppData/Local/Temp/diag-level-work/build/RobWork/libs/Release/sdurw_models.exp
  sdurw_models.vcxproj -> C:\Users\zgl18\AppData\Local\Temp\diag-level-work\build\RobWork\bin\Release\sdurw_models.dll
D:\software\Microsoft Visual Studio\2022\Community\MSBuild\Microsoft\VC\v170\Microsoft.CppBuild.targets(541,5): warning MSB8029: 中间目录或输出目录无法驻留在临时目录下，因为这可能会导致增量生成出现问题。 [C:\Users\zgl18\AppData\Local\Temp\diag-level-work\build\RobWork\src\rwlibs\control\sdurw_control.vcxproj]
  Auto build dll exports
    正在创建库 C:/Users/zgl18/AppData/Local/Temp/diag-level-work/build/RobWork/libs/Release/sdurw_control.lib 和对象 C:/Users/zgl18/AppData/Local/Temp/diag-level-work/build/RobWork/libs/Release/sdurw_control.exp
  sdurw_control.vcxproj -> C:\Users\zgl18\AppData\Local\Temp\diag-level-work\build\RobWork\bin\Release\sdurw_control.dll
D:\software\Microsoft Visual Studio\2022\Community\MSBuild\Microsoft\VC\v170\Microsoft.CppBuild.targets(541,5): warning MSB8029: 中间目录或输出目录无法驻留在临时目录下，因为这可能会导致增量生成出现问题。 [C:\Users\zgl18\AppData\Local\Temp\diag-level-work\build\RobWork\src\rw\graphics\sdurw_graphics.vcxproj]
  Auto build dll exports
    正在创建库 C:/Users/zgl18/AppData/Local/Temp/diag-level-work/build/RobWork/libs/Release/sdurw_graphics.lib 和对象 C:/Users/zgl18/AppData/Local/Temp/diag-level-work/build/RobWork/libs/Release/sdurw_graphics.exp
  sdurw_graphics.vcxproj -> C:\Users\zgl18\AppData\Local\Temp\diag-level-work\build\RobWork\bin\Release\sdurw_graphics.dll
D:\software\Microsoft Visual Studio\2022\Community\MSBuild\Microsoft\VC\v170\Microsoft.CppBuild.targets(541,5): warning MSB8029: 中间目录或输出目录无法驻留在临时目录下，因为这可能会导致增量生成出现问题。 [C:\Users\zgl18\AppData\Local\Temp\diag-level-work\build\RobWork\src\rw\proximity\sdurw_proximity.vcxproj]
  Auto build dll exports
    正在创建库 C:/Users/zgl18/AppData/Local/Temp/diag-level-work/build/RobWork/libs/Release/sdurw_proximity.lib 和对象 C:/Users/zgl18/AppData/Local/Temp/diag-level-work/build/RobWork/libs/Release/sdurw_proximity.exp
  sdurw_proximity.vcxproj -> C:\Users\zgl18\AppData\Local\Temp\diag-level-work\build\RobWork\bin\Release\sdurw_proximity.dll
D:\software\Microsoft Visual Studio\2022\Community\MSBuild\Microsoft\VC\v170\Microsoft.CppBuild.targets(541,5): warning MSB8029: 中间目录或输出目录无法驻留在临时目录下，因为这可能会导致增量生成出现问题。 [C:\Users\zgl18\AppData\Local\Temp\diag-level-work\build\RobWork\src\rw\trajectory\sdurw_trajectory.vcxproj]
  Auto build dll exports
    正在创建库 C:/Users/zgl18/AppData/Local/Temp/diag-level-work/build/RobWork/libs/Release/sdurw_trajectory.lib 和对象 C:/Users/zgl18/AppData/Local/Temp/diag-level-work/build/RobWork/libs/Release/sdurw_trajectory.exp
  sdurw_trajectory.vcxproj -> C:\Users\zgl18\AppData\Local\Temp\diag-level-work\build\RobWork\bin\Release\sdurw_trajectory.dll
D:\software\Microsoft Visual Studio\2022\Community\MSBuild\Microsoft\VC\v170\Microsoft.CppBuild.targets(541,5): warning MSB8029: 中间目录或输出目录无法驻留在临时目录下，因为这可能会导致增量生成出现问题。 [C:\Users\zgl18\AppData\Local\Temp\diag-level-work\build\RobWork\src\rw\loaders\sdurw_loaders.vcxproj]
  Auto build dll exports
    正在创建库 C:/Users/zgl18/AppData/Local/Temp/diag-level-work/build/RobWork/libs/Release/sdurw_loaders.lib 和对象 C:/Users/zgl18/AppData/Local/Temp/diag-level-work/build/RobWork/libs/Release/sdurw_loaders.exp
  sdurw_loaders.vcxproj -> C:\Users\zgl18\AppData\Local\Temp\diag-level-work\build\RobWork\bin\Release\sdurw_loaders.dll
D:\software\Microsoft Visual Studio\2022\Community\MSBuild\Microsoft\VC\v170\Microsoft.CppBuild.targets(541,5): warning MSB8029: 中间目录或输出目录无法驻留在临时目录下，因为这可能会导致增量生成出现问题。 [C:\Users\zgl18\AppData\Local\Temp\diag-level-work\build\RobWork\src\rwlibs\opengl\sdurw_opengl.vcxproj]
  Auto build dll exports
    正在创建库 C:/Users/zgl18/AppData/Local/Temp/diag-level-work/build/RobWork/libs/Release/sdurw_opengl.lib 和对象 C:/Users/zgl18/AppData/Local/Temp/diag-level-work/build/RobWork/libs/Release/sdurw_opengl.exp
  sdurw_opengl.vcxproj -> C:\Users\zgl18\AppData\Local\Temp\diag-level-work\build\RobWork\bin\Release\sdurw_opengl.dll
D:\software\Microsoft Visual Studio\2022\Community\MSBuild\Microsoft\VC\v170\Microsoft.CppBuild.targets(541,5): warning MSB8029: 中间目录或输出目录无法驻留在临时目录下，因为这可能会导致增量生成出现问题。 [C:\Users\zgl18\AppData\Local\Temp\diag-level-work\build\RobWork\ext\rwyaobi\yaobi.vcxproj]
  Building Custom Rule C:/Users/zgl18/AppData/Local/Temp/diag-level-work/RobWork/RobWork/ext/rwyaobi/CMakeLists.txt
  yaobi.vcxproj -> C:\Users\zgl18\AppData\Local\Temp\diag-level-work\build\RobWork\libs\Release\yaobi.lib
D:\software\Microsoft Visual Studio\2022\Community\MSBuild\Microsoft\VC\v170\Microsoft.CppBuild.targets(541,5): warning MSB8029: 中间目录或输出目录无法驻留在临时目录下，因为这可能会导致增量生成出现问题。 [C:\Users\zgl18\AppData\Local\Temp\diag-level-work\build\RobWork\src\rwlibs\proximitystrategies\sdurw_proximitystrategies.vcxproj]
  Auto build dll exports
    正在创建库 C:/Users/zgl18/AppData/Local/Temp/diag-level-work/build/RobWork/libs/Release/sdurw_proximitystrategies.lib 和对象 C:/Users/zgl18/AppData/Local/Temp/diag-level-work/build/RobWork/libs/Release/sdurw_proximitystrategies.exp
  sdurw_proximitystrategies.vcxproj -> C:\Users\zgl18\AppData\Local\Temp\diag-level-work\build\RobWork\bin\Release\sdurw_proximitystrategies.dll
D:\software\Microsoft Visual Studio\2022\Community\MSBuild\Microsoft\VC\v170\Microsoft.CppBuild.targets(541,5): warning MSB8029: 中间目录或输出目录无法驻留在临时目录下，因为这可能会导致增量生成出现问题。 [C:\Users\zgl18\AppData\Local\Temp\diag-level-work\build\RobWork\src\rwlibs\simulation\sdurw_simulation.vcxproj]
  Auto build dll exports
    正在创建库 C:/Users/zgl18/AppData/Local/Temp/diag-level-work/build/RobWork/libs/Release/sdurw_simulation.lib 和对象 C:/Users/zgl18/AppData/Local/Temp/diag-level-work/build/RobWork/libs/Release/sdurw_simulation.exp
  sdurw_simulation.vcxproj -> C:\Users\zgl18\AppData\Local\Temp\diag-level-work\build\RobWork\bin\Release\sdurw_simulation.dll
D:\software\Microsoft Visual Studio\2022\Community\MSBuild\Microsoft\VC\v170\Microsoft.CppBuild.targets(541,5): warning MSB8029: 中间目录或输出目录无法驻留在临时目录下，因为这可能会导致增量生成出现问题。 [C:\Users\zgl18\AppData\Local\Temp\diag-level-work\build\RobWork\src\rwlibs\task\sdurw_task.vcxproj]
  Auto build dll exports
    正在创建库 C:/Users/zgl18/AppData/Local/Temp/diag-level-work/build/RobWork/libs/Release/sdurw_task.lib 和对象 C:/Users/zgl18/AppData/Local/Temp/diag-level-work/build/RobWork/libs/Release/sdurw_task.exp
  sdurw_task.vcxproj -> C:\Users\zgl18\AppData\Local\Temp\diag-level-work\build\RobWork\bin\Release\sdurw_task.dll
D:\software\Microsoft Visual Studio\2022\Community\MSBuild\Microsoft\VC\v170\Microsoft.CppBuild.targets(541,5): warning MSB8029: 中间目录或输出目录无法驻留在临时目录下，因为这可能会导致增量生成出现问题。 [C:\Users\zgl18\AppData\Local\Temp\diag-level-work\build\RobWorkStudio\src\rws\sdurws.vcxproj]
  Automatic MOC for target sdurws
  Generating ui_AboutBox.h
  Generating ui_PropertyViewEditor.h
  Generating ui_PropertyViewDialog.h
  Generating qrc_rwstudio_resources.cpp
  Building Custom Rule C:/Users/zgl18/AppData/Local/Temp/diag-level-work/RobWork/RobWorkStudio/src/rws/CMakeLists.txt
  ArcBallController.cpp
  RWSImageLoaderPlugin.cpp
  ImageUtil.cpp
  RobWorkStudio.cpp
  RWStudioView3D.cpp
  SceneOpenGLViewer.cpp
  RobWorkStudioPlugin.cpp
  AboutBox.cpp
  HelpAssistant.cpp
  RWSSpinBox.cpp
  ImageView.cpp
  PropertyViewEditor.cpp
  PropertyViewDialog.cpp
  PyPlugin.cpp
  PythonRunner.cpp
  qrc_rwstudio_resources.cpp
  mocs_compilation_Release.cpp
C:\Users\zgl18\AppData\Local\Temp\diag-level-work\RobWork\RobWorkStudio\src\rws\pythonpluginloader\PythonRunner.cpp(105,9): warning C4996: 'Py_SetProgramName': deprecated in 3.11 [C:\Users\zgl18\AppData\Local\Temp\diag-level-work\build\RobWorkStudio\src\rws\sdurws.vcxproj]
C:\Users\zgl18\AppData\Local\Temp\diag-level-work\RobWork\RobWorkStudio\src\rws\RWSSpinBox.cpp(22,31): warning C4996: 'QString::count': Use size() or length() instead. [C:\Users\zgl18\AppData\Local\Temp\diag-level-work\build\RobWorkStudio\src\rws\sdurws.vcxproj]
C:\Users\zgl18\AppData\Local\Temp\diag-level-work\RobWork\RobWorkStudio\src\rws\propertyview\PropertyViewEditor.cpp(133,77): warning C4996: 'QVariant::Type': Use QMetaType::Type instead. [C:\Users\zgl18\AppData\Local\Temp\diag-level-work\build\RobWorkStudio\src\rws\sdurws.vcxproj]
      D:\software\QT\6.11.1\msvc2022_64\include\QtCore\qvariant.h(149,70):
      参见“QVariant::Type”的声明
  
C:\Users\zgl18\AppData\Local\Temp\diag-level-work\RobWork\RobWorkStudio\src\rws\propertyview\PropertyViewEditor.cpp(141,71): warning C4996: 'QVariant::Type': Use QMetaType::Type instead. [C:\Users\zgl18\AppData\Local\Temp\diag-level-work\build\RobWorkStudio\src\rws\sdurws.vcxproj]
      D:\software\QT\6.11.1\msvc2022_64\include\QtCore\qvariant.h(149,70):
      参见“QVariant::Type”的声明
  
C:\Users\zgl18\AppData\Local\Temp\diag-level-work\RobWork\RobWorkStudio\src\rws\propertyview\PropertyViewEditor.cpp(152,72): warning C4996: 'QVariant::Type': Use QMetaType::Type instead. [C:\Users\zgl18\AppData\Local\Temp\diag-level-work\build\RobWorkStudio\src\rws\sdurws.vcxproj]
      D:\software\QT\6.11.1\msvc2022_64\include\QtCore\qvariant.h(149,70):
      参见“QVariant::Type”的声明
  
C:\Users\zgl18\AppData\Local\Temp\diag-level-work\RobWork\RobWorkStudio\src\rws\propertyview\PropertyViewEditor.cpp(162,69): warning C4996: 'QVariant::Type': Use QMetaType::Type instead. [C:\Users\zgl18\AppData\Local\Temp\diag-level-work\build\RobWorkStudio\src\rws\sdurws.vcxproj]
      D:\software\QT\6.11.1\msvc2022_64\include\QtCore\qvariant.h(149,70):
      参见“QVariant::Type”的声明
  
C:\Users\zgl18\AppData\Local\Temp\diag-level-work\RobWork\RobWorkStudio\src\rws\propertyview\PropertyViewEditor.cpp(173,70): warning C4996: 'QVariant::Type': Use QMetaType::Type instead. [C:\Users\zgl18\AppData\Local\Temp\diag-level-work\build\RobWorkStudio\src\rws\sdurws.vcxproj]
      D:\software\QT\6.11.1\msvc2022_64\include\QtCore\qvariant.h(149,70):
      参见“QVariant::Type”的声明
  
C:\Users\zgl18\AppData\Local\Temp\diag-level-work\RobWork\RobWorkStudio\src\rws\RobWorkStudio.cpp(484,22): warning C4267: “=”: 从“size_t”转换到“int”，可能丢失数据 [C:\Users\zgl18\AppData\Local\Temp\diag-level-work\build\RobWorkStudio\src\rws\sdurws.vcxproj]
  sdurws.vcxproj -> C:\Users\zgl18\AppData\Local\Temp\diag-level-work\build\RobWorkStudio\libs\Release\sdurws.lib
D:\software\Microsoft Visual Studio\2022\Community\MSBuild\Microsoft\VC\v170\Microsoft.CppBuild.targets(541,5): warning MSB8029: 中间目录或输出目录无法驻留在临时目录下，因为这可能会导致增量生成出现问题。 [C:\Users\zgl18\AppData\Local\Temp\diag-level-work\build\RobWork\src\rw\invkin\sdurw_invkin.vcxproj]
  Auto build dll exports
    正在创建库 C:/Users/zgl18/AppData/Local/Temp/diag-level-work/build/RobWork/libs/Release/sdurw_invkin.lib 和对象 C:/Users/zgl18/AppData/Local/Temp/diag-level-work/build/RobWork/libs/Release/sdurw_invkin.exp
  sdurw_invkin.vcxproj -> C:\Users\zgl18\AppData\Local\Temp\diag-level-work\build\RobWork\bin\Release\sdurw_invkin.dll
D:\software\Microsoft Visual Studio\2022\Community\MSBuild\Microsoft\VC\v170\Microsoft.CppBuild.targets(541,5): warning MSB8029: 中间目录或输出目录无法驻留在临时目录下，因为这可能会导致增量生成出现问题。 [C:\Users\zgl18\AppData\Local\Temp\diag-level-work\build\RobWork\src\rwlibs\algorithms\sdurw_algorithms.vcxproj]
  Auto build dll exports
    正在创建库 C:/Users/zgl18/AppData/Local/Temp/diag-level-work/build/RobWork/libs/Release/sdurw_algorithms.lib 和对象 C:/Users/zgl18/AppData/Local/Temp/diag-level-work/build/RobWork/libs/Release/sdurw_algorithms.exp
  sdurw_algorithms.vcxproj -> C:\Users\zgl18\AppData\Local\Temp\diag-level-work\build\RobWork\bin\Release\sdurw_algorithms.dll
D:\software\Microsoft Visual Studio\2022\Community\MSBuild\Microsoft\VC\v170\Microsoft.CppBuild.targets(541,5): warning MSB8029: 中间目录或输出目录无法驻留在临时目录下，因为这可能会导致增量生成出现问题。 [C:\Users\zgl18\AppData\Local\Temp\diag-level-work\build\RobWork\src\rw\graspplanning\sdurw_graspplanning.vcxproj]
  Auto build dll exports
    正在创建库 C:/Users/zgl18/AppData/Local/Temp/diag-level-work/build/RobWork/libs/Release/sdurw_graspplanning.lib 和对象 C:/Users/zgl18/AppData/Local/Temp/diag-level-work/build/RobWork/libs/Release/sdurw_graspplanning.exp
  sdurw_graspplanning.vcxproj -> C:\Users\zgl18\AppData\Local\Temp\diag-level-work\build\RobWork\bin\Release\sdurw_graspplanning.dll
D:\software\Microsoft Visual Studio\2022\Community\MSBuild\Microsoft\VC\v170\Microsoft.CppBuild.targets(541,5): warning MSB8029: 中间目录或输出目录无法驻留在临时目录下，因为这可能会导致增量生成出现问题。 [C:\Users\zgl18\AppData\Local\Temp\diag-level-work\build\RobWork\src\rw\pathplanning\sdurw_pathplanning.vcxproj]
  Auto build dll exports
    正在创建库 C:/Users/zgl18/AppData/Local/Temp/diag-level-work/build/RobWork/libs/Release/sdurw_pathplanning.lib 和对象 C:/Users/zgl18/AppData/Local/Temp/diag-level-work/build/RobWork/libs/Release/sdurw_pathplanning.exp
  sdurw_pathplanning.vcxproj -> C:\Users\zgl18\AppData\Local\Temp\diag-level-work\build\RobWork\bin\Release\sdurw_pathplanning.dll
D:\software\Microsoft Visual Studio\2022\Community\MSBuild\Microsoft\VC\v170\Microsoft.CppBuild.targets(541,5): warning MSB8029: 中间目录或输出目录无法驻留在临时目录下，因为这可能会导致增量生成出现问题。 [C:\Users\zgl18\AppData\Local\Temp\diag-level-work\build\RobWork\src\rw\plugin\sdurw_plugin.vcxproj]
  Auto build dll exports
    正在创建库 C:/Users/zgl18/AppData/Local/Temp/diag-level-work/build/RobWork/libs/Release/sdurw_plugin.lib 和对象 C:/Users/zgl18/AppData/Local/Temp/diag-level-work/build/RobWork/libs/Release/sdurw_plugin.exp
  sdurw_plugin.vcxproj -> C:\Users\zgl18\AppData\Local\Temp\diag-level-work\build\RobWork\bin\Release\sdurw_plugin.dll
D:\software\Microsoft Visual Studio\2022\Community\MSBuild\Microsoft\VC\v170\Microsoft.CppBuild.targets(541,5): warning MSB8029: 中间目录或输出目录无法驻留在临时目录下，因为这可能会导致增量生成出现问题。 [C:\Users\zgl18\AppData\Local\Temp\diag-level-work\build\RobWork\src\rwlibs\assembly\sdurw_assembly.vcxproj]
  Auto build dll exports
    正在创建库 C:/Users/zgl18/AppData/Local/Temp/diag-level-work/build/RobWork/libs/Release/sdurw_assembly.lib 和对象 C:/Users/zgl18/AppData/Local/Temp/diag-level-work/build/RobWork/libs/Release/sdurw_assembly.exp
  sdurw_assembly.vcxproj -> C:\Users\zgl18\AppData\Local\Temp\diag-level-work\build\RobWork\bin\Release\sdurw_assembly.dll
D:\software\Microsoft Visual Studio\2022\Community\MSBuild\Microsoft\VC\v170\Microsoft.CppBuild.targets(541,5): warning MSB8029: 中间目录或输出目录无法驻留在临时目录下，因为这可能会导致增量生成出现问题。 [C:\Users\zgl18\AppData\Local\Temp\diag-level-work\build\RobWork\src\rwlibs\pathplanners\sdurw_pathplanners.vcxproj]
  Auto build dll exports
    正在创建库 C:/Users/zgl18/AppData/Local/Temp/diag-level-work/build/RobWork/libs/Release/sdurw_pathplanners.lib 和对象 C:/Users/zgl18/AppData/Local/Temp/diag-level-work/build/RobWork/libs/Release/sdurw_pathplanners.exp
  sdurw_pathplanners.vcxproj -> C:\Users\zgl18\AppData\Local\Temp\diag-level-work\build\RobWork\bin\Release\sdurw_pathplanners.dll
D:\software\Microsoft Visual Studio\2022\Community\MSBuild\Microsoft\VC\v170\Microsoft.CppBuild.targets(541,5): warning MSB8029: 中间目录或输出目录无法驻留在临时目录下，因为这可能会导致增量生成出现问题。 [C:\Users\zgl18\AppData\Local\Temp\diag-level-work\build\RobWorkSim\src\rwsim\sdurwsim.vcxproj]
  Automatic MOC and UIC for target sdurwsim
  Auto build dll exports
    正在创建库 C:/Users/zgl18/AppData/Local/Temp/diag-level-work/build/RobWorkSim/libs/Release/sdurwsim.lib 和对象 C:/Users/zgl18/AppData/Local/Temp/diag-level-work/build/RobWorkSim/libs/Release/sdurwsim.exp
  sdurwsim.vcxproj -> C:\Users\zgl18\AppData\Local\Temp\diag-level-work\build\RobWorkSim\bin\Release\sdurwsim.dll
D:\software\Microsoft Visual Studio\2022\Community\MSBuild\Microsoft\VC\v170\Microsoft.CppBuild.targets(541,5): warning MSB8029: 中间目录或输出目录无法驻留在临时目录下，因为这可能会导致增量生成出现问题。 [C:\Users\zgl18\AppData\Local\Temp\diag-level-work\build\RobWorkSim\src\rwsimlibs\plugins\RWSimulatorPlugin.vcxproj]
  Automatic MOC and UIC for target RWSimulatorPlugin
  1>Automatic RCC for resources.qrc
  Building Custom Rule C:/Users/zgl18/AppData/Local/Temp/diag-level-work/RobWork/RobWorkSim/src/rwsimlibs/plugins/CMakeLists.txt
  RWSimulatorPlugin.cpp
  mocs_compilation_Release.cpp
  qrc_resources_Release.cpp
C:\Users\zgl18\AppData\Local\Temp\diag-level-work\RobWork\RobWork\src\rw\math\Math.hpp(223,42): warning C4003: 类函数宏的调用“min”参数不足 [C:\Users\zgl18\AppData\Local\Temp\diag-level-work\build\RobWorkSim\src\rwsimlibs\plugins\RWSimulatorPlugin.vcxproj]
  (编译源文件“../../../../../RobWork/RobWorkSim/src/rwsimlibs/plugins/RWSimulatorPlugin.cpp”)
  
C:\Users\zgl18\AppData\Local\Temp\diag-level-work\RobWork\RobWork\src\rw\math\Math.hpp(223,51): warning C4003: 类函数宏的调用“max”参数不足 [C:\Users\zgl18\AppData\Local\Temp\diag-level-work\build\RobWorkSim\src\rwsimlibs\plugins\RWSimulatorPlugin.vcxproj]
  (编译源文件“../../../../../RobWork/RobWorkSim/src/rwsimlibs/plugins/RWSimulatorPlugin.cpp”)
  
C:\Users\zgl18\AppData\Local\Temp\diag-level-work\RobWork\RobWork\src\rw\math\Math.hpp(430,23): warning C4003: 类函数宏的调用“min”参数不足 [C:\Users\zgl18\AppData\Local\Temp\diag-level-work\build\RobWorkSim\src\rwsimlibs\plugins\RWSimulatorPlugin.vcxproj]
  (编译源文件“../../../../../RobWork/RobWorkSim/src/rwsimlibs/plugins/RWSimulatorPlugin.cpp”)
  
C:\Users\zgl18\AppData\Local\Temp\diag-level-work\RobWork\RobWork\src\rw\math\Math.hpp(430,23): error C2059: 语法错误:“const” [C:\Users\zgl18\AppData\Local\Temp\diag-level-work\build\RobWorkSim\src\rwsimlibs\plugins\RWSimulatorPlugin.vcxproj]
  (编译源文件“../../../../../RobWork/RobWorkSim/src/rwsimlibs/plugins/RWSimulatorPlugin.cpp”)
  
C:\Users\zgl18\AppData\Local\Temp\diag-level-work\RobWork\RobWork\src\rw\math\Math.hpp(430,23): error C2334: “:”的前面有意外标记；跳过明显的函数体 [C:\Users\zgl18\AppData\Local\Temp\diag-level-work\build\RobWorkSim\src\rwsimlibs\plugins\RWSimulatorPlugin.vcxproj]
  (编译源文件“../../../../../RobWork/RobWorkSim/src/rwsimlibs/plugins/RWSimulatorPlugin.cpp”)
  
C:\Users\zgl18\AppData\Local\Temp\diag-level-work\RobWork\RobWork\src\rw\math\Math.hpp(444,23): warning C4003: 类函数宏的调用“max”参数不足 [C:\Users\zgl18\AppData\Local\Temp\diag-level-work\build\RobWorkSim\src\rwsimlibs\plugins\RWSimulatorPlugin.vcxproj]
  (编译源文件“../../../../../RobWork/RobWorkSim/src/rwsimlibs/plugins/RWSimulatorPlugin.cpp”)
  
C:\Users\zgl18\AppData\Local\Temp\diag-level-work\RobWork\RobWork\src\rw\math\Math.hpp(507,38): warning C4003: 类函数宏的调用“min”参数不足 [C:\Users\zgl18\AppData\Local\Temp\diag-level-work\build\RobWorkSim\src\rwsimlibs\plugins\RWSimulatorPlugin.vcxproj]
  (编译源文件“../../../../../RobWork/RobWorkSim/src/rwsimlibs/plugins/RWSimulatorPlugin.cpp”)
  
C:\Users\zgl18\AppData\Local\Temp\diag-level-work\RobWork\RobWork\src\rw\math\Math.hpp(522,38): warning C4003: 类函数宏的调用“max”参数不足 [C:\Users\zgl18\AppData\Local\Temp\diag-level-work\build\RobWorkSim\src\rwsimlibs\plugins\RWSimulatorPlugin.vcxproj]
  (编译源文件“../../../../../RobWork/RobWorkSim/src/rwsimlibs/plugins/RWSimulatorPlugin.cpp”)
  
C:\Users\zgl18\AppData\Local\Temp\diag-level-work\RobWork\RobWork\src\rw\math\Math.hpp(692,6): error C2143: 语法错误: 缺少“)”(在“;”的前面) [C:\Users\zgl18\AppData\Local\Temp\diag-level-work\build\RobWorkSim\src\rwsimlibs\plugins\RWSimulatorPlugin.vcxproj]
  (编译源文件“../../../../../RobWork/RobWorkSim/src/rwsimlibs/plugins/RWSimulatorPlugin.cpp”)
  
C:\Users\zgl18\AppData\Local\Temp\diag-level-work\RobWork\RobWork\src\rw\math\Math.hpp(692,6): error C2059: 语法错误:“)” [C:\Users\zgl18\AppData\Local\Temp\diag-level-work\build\RobWorkSim\src\rwsimlibs\plugins\RWSimulatorPlugin.vcxproj]
  (编译源文件“../../../../../RobWork/RobWorkSim/src/rwsimlibs/plugins/RWSimulatorPlugin.cpp”)
  
C:\Users\zgl18\AppData\Local\Temp\diag-level-work\RobWork\RobWork\src\rw\math\Math.hpp(692,6): error C2238: 意外的标记位于“;”之前 [C:\Users\zgl18\AppData\Local\Temp\diag-level-work\build\RobWorkSim\src\rwsimlibs\plugins\RWSimulatorPlugin.vcxproj]
  (编译源文件“../../../../../RobWork/RobWorkSim/src/rwsimlibs/plugins/RWSimulatorPlugin.cpp”)
  
C:\Users\zgl18\AppData\Local\Temp\diag-level-work\RobWork\RobWork\src\rw\math\Math.hpp(695,2): error C2059: 语法错误:“}” [C:\Users\zgl18\AppData\Local\Temp\diag-level-work\build\RobWorkSim\src\rwsimlibs\plugins\RWSimulatorPlugin.vcxproj]
  (编译源文件“../../../../../RobWork/RobWorkSim/src/rwsimlibs/plugins/RWSimulatorPlugin.cpp”)
  
C:\Users\zgl18\AppData\Local\Temp\diag-level-work\RobWork\RobWork\src\rw\math\Math.hpp(695,2): error C2143: 语法错误: 缺少“;”(在“}”的前面) [C:\Users\zgl18\AppData\Local\Temp\diag-level-work\build\RobWorkSim\src\rwsimlibs\plugins\RWSimulatorPlugin.vcxproj]
  (编译源文件“../../../../../RobWork/RobWorkSim/src/rwsimlibs/plugins/RWSimulatorPlugin.cpp”)
  
C:\Users\zgl18\AppData\Local\Temp\diag-level-work\RobWork\RobWork\src\rw\math\Math.hpp(223,42): error C2059: 语法错误:“)” [C:\Users\zgl18\AppData\Local\Temp\diag-level-work\build\RobWorkSim\src\rwsimlibs\plugins\RWSimulatorPlugin.vcxproj]
  (编译源文件“../../../../../RobWork/RobWorkSim/src/rwsimlibs/plugins/RWSimulatorPlugin.cpp”)
  
C:\Users\zgl18\AppData\Local\Temp\diag-level-work\RobWork\RobWork\src\rw\math\VelocityScrew6D.hpp(130,51): error C2039: "Transform3D": 不是 "rw::rw::math" 的成员 [C:\Users\zgl18\AppData\Local\Temp\diag-level-work\build\RobWorkSim\src\rwsimlibs\plugins\RWSimulatorPlugin.vcxproj]
  (编译源文件“../../../../../RobWork/RobWorkSim/src/rwsimlibs/plugins/RWSimulatorPlugin.cpp”)
      C:\Users\zgl18\AppData\Local\Temp\diag-level-work\RobWork\RobWork\src\rw\math\VelocityScrew6D.hpp(36,26):
      参见“rw::rw::math”的声明
      C:\Users\zgl18\AppData\Local\Temp\diag-level-work\RobWork\RobWork\src\rw\math\VelocityScrew6D.hpp(130,51):
      模板实例化上下文(最早的实例化上下文)为
          C:\Users\zgl18\AppData\Local\Temp\diag-level-work\RobWork\RobWork\src\rw\math\VelocityScrew6D.hpp(62,40):
          在编译类模板“rw::rw::math::VelocityScrew6D”时
  
C:\Users\zgl18\AppData\Local\Temp\diag-level-work\RobWork\RobWork\src\rw\math\VelocityScrew6D.hpp(130,35): error C4430: 缺少类型说明符 - 假定为 int。注意: C++ 不支持默认 int [C:\Users\zgl18\AppData\Local\Temp\diag-level-work\build\RobWorkSim\src\rwsimlibs\plugins\RWSimulatorPlugin.vcxproj]
  (编译源文件“../../../../../RobWork/RobWorkSim/src/rwsimlibs/plugins/RWSimulatorPlugin.cpp”)
  
C:\Users\zgl18\AppData\Local\Temp\diag-level-work\RobWork\RobWork\src\rw\math\VelocityScrew6D.hpp(130,62): error C2143: 语法错误: 缺少“,”(在“<”的前面) [C:\Users\zgl18\AppData\Local\Temp\diag-level-work\build\RobWorkSim\src\rwsimlibs\plugins\RWSimulatorPlugin.vcxproj]
  (编译源文件“../../../../../RobWork/RobWorkSim/src/rwsimlibs/plugins/RWSimulatorPlugin.cpp”)
  
C:\Users\zgl18\AppData\Local\Temp\diag-level-work\RobWork\RobWork\src\rw\math\VelocityScrew6D.hpp(138,26): error C4430: 缺少类型说明符 - 假定为 int。注意: C++ 不支持默认 int [C:\Users\zgl18\AppData\Local\Temp\diag-level-work\build\RobWorkSim\src\rwsimlibs\plugins\RWSimulatorPlugin.vcxproj]
  (编译源文件“../../../../../RobWork/RobWorkSim/src/rwsimlibs/plugins/RWSimulatorPlugin.cpp”)
  
C:\Users\zgl18\AppData\Local\Temp\diag-level-work\RobWork\RobWork\src\rw\math\VelocityScrew6D.hpp(138,40): error C2143: 语法错误: 缺少“,”(在“<”的前面) [C:\Users\zgl18\AppData\Local\Temp\diag-level-work\build\RobWorkSim\src\rwsimlibs\plugins\RWSimulatorPlugin.vcxproj]
  (编译源文件“../../../../../RobWork/RobWorkSim/src/rwsimlibs/plugins/RWSimulatorPlugin.cpp”)
  
C:\Users\zgl18\AppData\Local\Temp\diag-level-work\RobWork\RobWork\src\rw\math\VelocityScrew6D.hpp(138,9): error C2535: “rw::rw::math::VelocityScrew6D<T>::VelocityScrew6D(const int)”: 已经定义或声明成员函数 [C:\Users\zgl18\AppData\Local\Temp\diag-level-work\build\RobWorkSim\src\rwsimlibs\plugins\RWSimulatorPlugin.vcxproj]
  (编译源文件“../../../../../RobWork/RobWorkSim/src/rwsimlibs/plugins/RWSimulatorPlugin.cpp”)
      C:\Users\zgl18\AppData\Local\Temp\diag-level-work\RobWork\RobWork\src\rw\math\VelocityScrew6D.hpp(130,9):
      参见“rw::rw::math::VelocityScrew6D<T>::VelocityScrew6D”的声明
  
C:\Users\zgl18\AppData\Local\Temp\diag-level-work\RobWork\RobWork\src\rw\math\VelocityScrew6D.hpp(145,9): error C4430: 缺少类型说明符 - 假定为 int。注意: C++ 不支持默认 int [C:\Users\zgl18\AppData\Local\Temp\diag-level-work\build\RobWorkSim\src\rwsimlibs\plugins\RWSimulatorPlugin.vcxproj]
  (编译源文件“../../../../../RobWork/RobWorkSim/src/rwsimlibs/plugins/RWSimulatorPlugin.cpp”)
  
C:\Users\zgl18\AppData\Local\Temp\diag-level-work\RobWork\RobWork\src\rw\math\VelocityScrew6D.hpp(145,23): error C2143: 语法错误: 缺少“;”(在“<”的前面) [C:\Users\zgl18\AppData\Local\Temp\diag-level-work\build\RobWorkSim\src\rwsimlibs\plugins\RWSimulatorPlugin.vcxproj]
  (编译源文件“../../../../../RobWork/RobWorkSim/src/rwsimlibs/plugins/RWSimulatorPlugin.cpp”)
  
C:\Users\zgl18\AppData\Local\Temp\diag-level-work\RobWork\RobWork\src\rw\math\VelocityScrew6D.hpp(146,9): error C2334: “{”的前面有意外标记；跳过明显的函数体 [C:\Users\zgl18\AppData\Local\Temp\diag-level-work\build\RobWorkSim\src\rwsimlibs\plugins\RWSimulatorPlugin.vcxproj]
  (编译源文件“../../../../../RobWork/RobWorkSim/src/rwsimlibs/plugins/RWSimulatorPlugin.cpp”)
  
C:\Users\zgl18\AppData\Local\Temp\diag-level-work\RobWork\RobWork\src\rw\math\VelocityScrew6D.hpp(156,9): error C4430: 缺少类型说明符 - 假定为 int。注意: C++ 不支持默认 int [C:\Users\zgl18\AppData\Local\Temp\diag-level-work\build\RobWorkSim\src\rwsimlibs\plugins\RWSimulatorPlugin.vcxproj]
  (编译源文件“../../../../../RobWork/RobWorkSim/src/rwsimlibs/plugins/RWSimulatorPlugin.cpp”)
  
C:\Users\zgl18\AppData\Local\Temp\diag-level-work\RobWork\RobWork\src\rw\math\VelocityScrew6D.hpp(156,18): error C2143: 语法错误: 缺少“;”(在“<”的前面) [C:\Users\zgl18\AppData\Local\Temp\diag-level-work\build\RobWorkSim\src\rwsimlibs\plugins\RWSimulatorPlugin.vcxproj]
  (编译源文件“../../../../../RobWork/RobWorkSim/src/rwsimlibs/plugins/RWSimulatorPlugin.cpp”)
  
C:\Users\zgl18\AppData\Local\Temp\diag-level-work\RobWork\RobWork\src\rw\math\VelocityScrew6D.hpp(156,41): error C2334: “{”的前面有意外标记；跳过明显的函数体 [C:\Users\zgl18\AppData\Local\Temp\diag-level-work\build\RobWorkSim\src\rwsimlibs\plugins\RWSimulatorPlugin.vcxproj]
  (编译源文件“../../../../../RobWork/RobWorkSim/src/rwsimlibs/plugins/RWSimulatorPlugin.cpp”)
  
C:\Users\zgl18\AppData\Local\Temp\diag-level-work\RobWork\RobWork\src\rw\math\VelocityScrew6D.hpp(373,70): error C2039: "Transform3D": 不是 "rw::rw::math" 的成员 [C:\Users\zgl18\AppData\Local\Temp\diag-level-work\build\RobWorkSim\src\rwsimlibs\plugins\RWSimulatorPlugin.vcxproj]
  (编译源文件“../../../../../RobWork/RobWorkSim/src/rwsimlibs/plugins/RWSimulatorPlugin.cpp”)
      C:\Users\zgl18\AppData\Local\Temp\diag-level-work\RobWork\RobWork\src\rw\math\VelocityScrew6D.hpp(36,26):
      参见“rw::rw::math”的声明
  
C:\Users\zgl18\AppData\Local\Temp\diag-level-work\RobWork\RobWork\src\rw\math\VelocityScrew6D.hpp(373,54): error C4430: 缺少类型说明符 - 假定为 int。注意: C++ 不支持默认 int [C:\Users\zgl18\AppData\Local\Temp\diag-level-work\build\RobWorkSim\src\rwsimlibs\plugins\RWSimulatorPlugin.vcxproj]
  (编译源文件“../../../../../RobWork/RobWorkSim/src/rwsimlibs/plugins/RWSimulatorPlugin.cpp”)
  
C:\Users\zgl18\AppData\Local\Temp\diag-level-work\RobWork\RobWork\src\rw\math\VelocityScrew6D.hpp(373,81): error C2143: 语法错误: 缺少“,”(在“<”的前面) [C:\Users\zgl18\AppData\Local\Temp\diag-level-work\build\RobWorkSim\src\rwsimlibs\plugins\RWSimulatorPlugin.vcxproj]
  (编译源文件“../../../../../RobWork/RobWorkSim/src/rwsimlibs/plugins/RWSimulatorPlugin.cpp”)
  
C:\Users\zgl18\AppData\Local\Temp\diag-level-work\RobWork\RobWork\src\rw\math\VelocityScrew6D.hpp(373,43): error C2803: “operator *”必须至少有一个类类型的形参 [C:\Users\zgl18\AppData\Local\Temp\diag-level-work\build\RobWorkSim\src\rwsimlibs\plugins\RWSimulatorPlugin.vcxproj]
  (编译源文件“../../../../../RobWork/RobWorkSim/src/rwsimlibs/plugins/RWSimulatorPlugin.cpp”)
  
C:\Users\zgl18\AppData\Local\Temp\diag-level-work\RobWork\RobWork\src\rw\math\VelocityScrew6D.hpp(376,19): error C2327: “rw::rw::math::VelocityScrew6D<T>::Vector3D”: 不是类型名称、静态或枚举数 [C:\Users\zgl18\AppData\Local\Temp\diag-level-work\build\RobWorkSim\src\rwsimlibs\plugins\RWSimulatorPlugin.vcxproj]
  (编译源文件“../../../../../RobWork/RobWorkSim/src/rwsimlibs/plugins/RWSimulatorPlugin.cpp”)
      C:\Users\zgl18\AppData\Local\Temp\diag-level-work\RobWork\RobWork\src\rw\math\VelocityScrew6D.hpp(376,19):
      参见“rw::rw::math::VelocityScrew6D<T>::Vector3D”的声明
  
C:\Users\zgl18\AppData\Local\Temp\diag-level-work\RobWork\RobWork\src\rw\math\VelocityScrew6D.hpp(376,13): error C4430: 缺少类型说明符 - 假定为 int。注意: C++ 不支持默认 int [C:\Users\zgl18\AppData\Local\Temp\diag-level-work\build\RobWorkSim\src\rwsimlibs\plugins\RWSimulatorPlugin.vcxproj]
  (编译源文件“../../../../../RobWork/RobWorkSim/src/rwsimlibs/plugins/RWSimulatorPlugin.cpp”)
  
C:\Users\zgl18\AppData\Local\Temp\diag-level-work\RobWork\RobWork\src\rw\math\VelocityScrew6D.hpp(376,27): error C2143: 语法错误: 缺少“;”(在“<”的前面) [C:\Users\zgl18\AppData\Local\Temp\diag-level-work\build\RobWorkSim\src\rwsimlibs\plugins\RWSimulatorPlugin.vcxproj]
  (编译源文件“../../../../../RobWork/RobWorkSim/src/rwsimlibs/plugins/RWSimulatorPlugin.cpp”)
  
C:\Users\zgl18\AppData\Local\Temp\diag-level-work\RobWork\RobWork\src\rw\math\VelocityScrew6D.hpp(376,19): error C2086: “const int rw::rw::math::VelocityScrew6D<T>::Vector3D”: 重定义 [C:\Users\zgl18\AppData\Local\Temp\diag-level-work\build\RobWorkSim\src\rwsimlibs\plugins\RWSimulatorPlugin.vcxproj]
  (编译源文件“../../../../../RobWork/RobWorkSim/src/rwsimlibs/plugins/RWSimulatorPlugin.cpp”)
  
C:\Users\zgl18\AppData\Local\Temp\diag-level-work\RobWork\RobWork\src\rw\math\VelocityScrew6D.hpp(376,51): error C2238: 意外的标记位于“;”之前 [C:\Users\zgl18\AppData\Local\Temp\diag-level-work\build\RobWorkSim\src\rwsimlibs\plugins\RWSimulatorPlugin.vcxproj]
  (编译源文件“../../../../../RobWork/RobWorkSim/src/rwsimlibs/plugins/RWSimulatorPlugin.cpp”)
  
C:\Users\zgl18\AppData\Local\Temp\diag-level-work\RobWork\RobWork\src\rw\math\VelocityScrew6D.hpp(377,19): error C2327: “rw::rw::math::VelocityScrew6D<T>::EAA”: 不是类型名称、静态或枚举数 [C:\Users\zgl18\AppData\Local\Temp\diag-level-work\build\RobWorkSim\src\rwsimlibs\plugins\RWSimulatorPlugin.vcxproj]
  (编译源文件“../../../../../RobWork/RobWorkSim/src/rwsimlibs/plugins/RWSimulatorPlugin.cpp”)
      C:\Users\zgl18\AppData\Local\Temp\diag-level-work\RobWork\RobWork\src\rw\math\VelocityScrew6D.hpp(377,19):
      参见“rw::rw::math::VelocityScrew6D<T>::EAA”的声明
  
C:\Users\zgl18\AppData\Local\Temp\diag-level-work\RobWork\RobWork\src\rw\math\VelocityScrew6D.hpp(377,13): error C4430: 缺少类型说明符 - 假定为 int。注意: C++ 不支持默认 int [C:\Users\zgl18\AppData\Local\Temp\diag-level-work\build\RobWorkSim\src\rwsimlibs\plugins\RWSimulatorPlugin.vcxproj]
  (编译源文件“../../../../../RobWork/RobWorkSim/src/rwsimlibs/plugins/RWSimulatorPlugin.cpp”)
  
C:\Users\zgl18\AppData\Local\Temp\diag-level-work\RobWork\RobWork\src\rw\math\VelocityScrew6D.hpp(377,22): error C2143: 语法错误: 缺少“;”(在“<”的前面) [C:\Users\zgl18\AppData\Local\Temp\diag-level-work\build\RobWorkSim\src\rwsimlibs\plugins\RWSimulatorPlugin.vcxproj]
  (编译源文件“../../../../../RobWork/RobWorkSim/src/rwsimlibs/plugins/RWSimulatorPlugin.cpp”)
  
C:\Users\zgl18\AppData\Local\Temp\diag-level-work\RobWork\RobWork\src\rw\math\VelocityScrew6D.hpp(377,19): error C2086: “const int rw::rw::math::VelocityScrew6D<T>::EAA”: 重定义 [C:\Users\zgl18\AppData\Local\Temp\diag-level-work\build\RobWorkSim\src\rwsimlibs\plugins\RWSimulatorPlugin.vcxproj]
  (编译源文件“../../../../../RobWork/RobWorkSim/src/rwsimlibs/plugins/RWSimulatorPlugin.cpp”)
  
C:\Users\zgl18\AppData\Local\Temp\diag-level-work\RobWork\RobWork\src\rw\math\VelocityScrew6D.hpp(377,52): error C2238: 意外的标记位于“;”之前 [C:\Users\zgl18\AppData\Local\Temp\diag-level-work\build\RobWorkSim\src\rwsimlibs\plugins\RWSimulatorPlugin.vcxproj]
  (编译源文件“../../../../../RobWork/RobWorkSim/src/rwsimlibs/plugins/RWSimulatorPlugin.cpp”)
  
C:\Users\zgl18\AppData\Local\Temp\diag-level-work\RobWork\RobWork\src\rw\math\VelocityScrew6D.hpp(378,19): error C2327: “rw::rw::math::VelocityScrew6D<T>::EAA”: 不是类型名称、静态或枚举数 [C:\Users\zgl18\AppData\Local\Temp\diag-level-work\build\RobWorkSim\src\rwsimlibs\plugins\RWSimulatorPlugin.vcxproj]
  (编译源文件“../../../../../RobWork/RobWorkSim/src/rwsimlibs/plugins/RWSimulatorPlugin.cpp”)
      C:\Users\zgl18\AppData\Local\Temp\diag-level-work\RobWork\RobWork\src\rw\math\VelocityScrew6D.hpp(378,19):
      参见“rw::rw::math::VelocityScrew6D<T>::EAA”的声明
  
C:\Users\zgl18\AppData\Local\Temp\diag-level-work\RobWork\RobWork\src\rw\math\VelocityScrew6D.hpp(378,13): error C4430: 缺少类型说明符 - 假定为 int。注意: C++ 不支持默认 int [C:\Users\zgl18\AppData\Local\Temp\diag-level-work\build\RobWorkSim\src\rwsimlibs\plugins\RWSimulatorPlugin.vcxproj]
  (编译源文件“../../../../../RobWork/RobWorkSim/src/rwsimlibs/plugins/RWSimulatorPlugin.cpp”)
  
C:\Users\zgl18\AppData\Local\Temp\diag-level-work\RobWork\RobWork\src\rw\math\VelocityScrew6D.hpp(378,22): error C2143: 语法错误: 缺少“;”(在“<”的前面) [C:\Users\zgl18\AppData\Local\Temp\diag-level-work\build\RobWorkSim\src\rwsimlibs\plugins\RWSimulatorPlugin.vcxproj]
  (编译源文件“../../../../../RobWork/RobWorkSim/src/rwsimlibs/plugins/RWSimulatorPlugin.cpp”)
  
C:\Users\zgl18\AppData\Local\Temp\diag-level-work\RobWork\RobWork\src\rw\math\VelocityScrew6D.hpp(378,19): error C2086: “const int rw::rw::math::VelocityScrew6D<T>::EAA”: 重定义 [C:\Users\zgl18\AppData\Local\Temp\diag-level-work\build\RobWorkSim\src\rwsimlibs\plugins\RWSimulatorPlugin.vcxproj]
  (编译源文件“../../../../../RobWork/RobWorkSim/src/rwsimlibs/plugins/RWSimulatorPlugin.cpp”)
  
C:\Users\zgl18\AppData\Local\Temp\diag-level-work\RobWork\RobWork\src\rw\math\VelocityScrew6D.hpp(378,52): error C2238: 意外的标记位于“;”之前 [C:\Users\zgl18\AppData\Local\Temp\diag-level-work\build\RobWorkSim\src\rwsimlibs\plugins\RWSimulatorPlugin.vcxproj]
  (编译源文件“../../../../../RobWork/RobWorkSim/src/rwsimlibs/plugins/RWSimulatorPlugin.cpp”)
  
C:\Users\zgl18\AppData\Local\Temp\diag-level-work\RobWork\RobWork\src\rw\math\VelocityScrew6D.hpp(379,19): error C2327: “rw::rw::math::VelocityScrew6D<T>::Vector3D”: 不是类型名称、静态或枚举数 [C:\Users\zgl18\AppData\Local\Temp\diag-level-work\build\RobWorkSim\src\rwsimlibs\plugins\RWSimulatorPlugin.vcxproj]
  (编译源文件“../../../../../RobWork/RobWorkSim/src/rwsimlibs/plugins/RWSimulatorPlugin.cpp”)
      C:\Users\zgl18\AppData\Local\Temp\diag-level-work\RobWork\RobWork\src\rw\math\VelocityScrew6D.hpp(379,19):
      参见“rw::rw::math::VelocityScrew6D<T>::Vector3D”的声明
  
C:\Users\zgl18\AppData\Local\Temp\diag-level-work\RobWork\RobWork\src\rw\math\VelocityScrew6D.hpp(379,13): error C4430: 缺少类型说明符 - 假定为 int。注意: C++ 不支持默认 int [C:\Users\zgl18\AppData\Local\Temp\diag-level-work\build\RobWorkSim\src\rwsimlibs\plugins\RWSimulatorPlugin.vcxproj]
  (编译源文件“../../../../../RobWork/RobWorkSim/src/rwsimlibs/plugins/RWSimulatorPlugin.cpp”)
  
C:\Users\zgl18\AppData\Local\Temp\diag-level-work\RobWork\RobWork\src\rw\math\VelocityScrew6D.hpp(379,27): error C2143: 语法错误: 缺少“;”(在“<”的前面) [C:\Users\zgl18\AppData\Local\Temp\diag-level-work\build\RobWorkSim\src\rwsimlibs\plugins\RWSimulatorPlugin.vcxproj]
  (编译源文件“../../../../../RobWork/RobWorkSim/src/rwsimlibs/plugins/RWSimulatorPlugin.cpp”)
  
C:\Users\zgl18\AppData\Local\Temp\diag-level-work\RobWork\RobWork\src\rw\math\VelocityScrew6D.hpp(379,19): error C2086: “const int rw::rw::math::VelocityScrew6D<T>::Vector3D”: 重定义 [C:\Users\zgl18\AppData\Local\Temp\diag-level-work\build\RobWorkSim\src\rwsimlibs\plugins\RWSimulatorPlugin.vcxproj]
  (编译源文件“../../../../../RobWork/RobWorkSim/src/rwsimlibs/plugins/RWSimulatorPlugin.cpp”)
  
C:\Users\zgl18\AppData\Local\Temp\diag-level-work\RobWork\RobWork\src\rw\math\VelocityScrew6D.hpp(379,75): error C2238: 意外的标记位于“;”之前 [C:\Users\zgl18\AppData\Local\Temp\diag-level-work\build\RobWorkSim\src\rwsimlibs\plugins\RWSimulatorPlugin.vcxproj]
  (编译源文件“../../../../../RobWork/RobWorkSim/src/rwsimlibs/plugins/RWSimulatorPlugin.cpp”)
  
C:\Users\zgl18\AppData\Local\Temp\diag-level-work\RobWork\RobWork\src\rw\math\VelocityScrew6D.hpp(380,13): error C2059: 语法错误:“return” [C:\Users\zgl18\AppData\Local\Temp\diag-level-work\build\RobWorkSim\src\rwsimlibs\plugins\RWSimulatorPlugin.vcxproj]
  (编译源文件“../../../../../RobWork/RobWorkSim/src/rwsimlibs/plugins/RWSimulatorPlugin.cpp”)
  
C:\Users\zgl18\AppData\Local\Temp\diag-level-work\RobWork\RobWork\src\rw\math\VelocityScrew6D.hpp(380,49): error C2238: 意外的标记位于“;”之前 [C:\Users\zgl18\AppData\Local\Temp\diag-level-work\build\RobWorkSim\src\rwsimlibs\plugins\RWSimulatorPlugin.vcxproj]
  (编译源文件“../../../../../RobWork/RobWorkSim/src/rwsimlibs/plugins/RWSimulatorPlugin.cpp”)
  
C:\Users\zgl18\AppData\Local\Temp\diag-level-work\RobWork\RobWork\src\rw\math\VelocityScrew6D.hpp(87,17): error C3878: 语法错误:“expression”后出现意外标记“RW__message” [C:\Users\zgl18\AppData\Local\Temp\diag-level-work\build\RobWorkSim\src\rwsimlibs\plugins\RWSimulatorPlugin.vcxproj]
  (编译源文件“../../../../../RobWork/RobWorkSim/src/rwsimlibs/plugins/RWSimulatorPlugin.cpp”)
      C:\Users\zgl18\AppData\Local\Temp\diag-level-work\RobWork\RobWork\src\rw\math\VelocityScrew6D.hpp(84,29):
      此诊断出现在编译器生成的函数“rw::rw::math::VelocityScrew6D<T>::VelocityScrew6D(const Eigen::MatrixBase<OtherDerived> &)”中
  
C:\Users\zgl18\AppData\Local\Temp\diag-level-work\RobWork\RobWork\src\rw\math\VelocityScrew6D.hpp(87,17): message : 已跳过错误恢复:“标识符 ( 字符串” [C:\Users\zgl18\AppData\Local\Temp\diag-level-work\build\RobWorkSim\src\rwsimlibs\plugins\RWSimulatorPlugin.vcxproj]
  (编译源文件“../../../../../RobWork/RobWorkSim/src/rwsimlibs/plugins/RWSimulatorPlugin.cpp”)
      C:\Users\zgl18\AppData\Local\Temp\diag-level-work\RobWork\RobWork\src\rw\math\VelocityScrew6D.hpp(84,29):
      此诊断出现在编译器生成的函数“rw::rw::math::VelocityScrew6D<T>::VelocityScrew6D(const Eigen::MatrixBase<OtherDerived> &)”中
  
C:\Users\zgl18\AppData\Local\Temp\diag-level-work\RobWork\RobWork\src\rw\math\VelocityScrew6D.hpp(87,17): error C2760: 语法错误: 此处出现意外的“,”；应为“;” [C:\Users\zgl18\AppData\Local\Temp\diag-level-work\build\RobWorkSim\src\rwsimlibs\plugins\RWSimulatorPlugin.vcxproj]
  (编译源文件“../../../../../RobWork/RobWorkSim/src/rwsimlibs/plugins/RWSimulatorPlugin.cpp”)
      C:\Users\zgl18\AppData\Local\Temp\diag-level-work\RobWork\RobWork\src\rw\math\VelocityScrew6D.hpp(84,29):
      此诊断出现在编译器生成的函数“rw::rw::math::VelocityScrew6D<T>::VelocityScrew6D(const Eigen::MatrixBase<OtherDerived> &)”中
  
C:\Users\zgl18\AppData\Local\Temp\diag-level-work\RobWork\RobWork\src\rw\math\VelocityScrew6D.hpp(87,17): error C3878: 语法错误:“expression-statement”后出现意外标记“,” [C:\Users\zgl18\AppData\Local\Temp\diag-level-work\build\RobWorkSim\src\rwsimlibs\plugins\RWSimulatorPlugin.vcxproj]
  (编译源文件“../../../../../RobWork/RobWorkSim/src/rwsimlibs/plugins/RWSimulatorPlugin.cpp”)
      C:\Users\zgl18\AppData\Local\Temp\diag-level-work\RobWork\RobWork\src\rw\math\VelocityScrew6D.hpp(84,29):
      此诊断出现在编译器生成的函数“rw::rw::math::VelocityScrew6D<T>::VelocityScrew6D(const Eigen::MatrixBase<OtherDerived> &)”中
  
C:\Users\zgl18\AppData\Local\Temp\diag-level-work\RobWork\RobWork\src\rw\math\VelocityScrew6D.hpp(87,17): message : 已跳过错误恢复:“,” [C:\Users\zgl18\AppData\Local\Temp\diag-level-work\build\RobWorkSim\src\rwsimlibs\plugins\RWSimulatorPlugin.vcxproj]
  (编译源文件“../../../../../RobWork/RobWorkSim/src/rwsimlibs/plugins/RWSimulatorPlugin.cpp”)
      C:\Users\zgl18\AppData\Local\Temp\diag-level-work\RobWork\RobWork\src\rw\math\VelocityScrew6D.hpp(84,29):
      此诊断出现在编译器生成的函数“rw::rw::math::VelocityScrew6D<T>::VelocityScrew6D(const Eigen::MatrixBase<OtherDerived> &)”中
  
C:\Users\zgl18\AppData\Local\Temp\diag-level-work\RobWork\RobWork\src\rw\math\VelocityScrew6D.hpp(87,17): error C7510: “Message”: 类型 从属名称的使用必须以“typename”为前缀 [C:\Users\zgl18\AppData\Local\Temp\diag-level-work\build\RobWorkSim\src\rwsimlibs\plugins\RWSimulatorPlugin.vcxproj]
  (编译源文件“../../../../../RobWork/RobWorkSim/src/rwsimlibs/plugins/RWSimulatorPlugin.cpp”)
      C:\Users\zgl18\AppData\Local\Temp\diag-level-work\RobWork\RobWork\src\rw\math\VelocityScrew6D.hpp(84,29):
      此诊断出现在编译器生成的函数“rw::rw::math::VelocityScrew6D<T>::VelocityScrew6D(const Eigen::MatrixBase<OtherDerived> &)”中
  
C:\Users\zgl18\AppData\Local\Temp\diag-level-work\RobWork\RobWork\src\rw\math\VelocityScrew6D.hpp(431,9): error C2255: “friend”: 不允许位于类定义之外 [C:\Users\zgl18\AppData\Local\Temp\diag-level-work\build\RobWorkSim\src\rwsimlibs\plugins\RWSimulatorPlugin.vcxproj]
  (编译源文件“../../../../../RobWork/RobWorkSim/src/rwsimlibs/plugins/RWSimulatorPlugin.cpp”)
  
C:\Users\zgl18\AppData\Local\Temp\diag-level-work\RobWork\RobWork\src\rw\math\VelocityScrew6D.hpp(431,9): error C2143: 语法错误: 缺少“;”(在“<cv-qualifier>”的前面) [C:\Users\zgl18\AppData\Local\Temp\diag-level-work\build\RobWorkSim\src\rwsimlibs\plugins\RWSimulatorPlugin.vcxproj]
  (编译源文件“../../../../../RobWork/RobWorkSim/src/rwsimlibs/plugins/RWSimulatorPlugin.cpp”)
  
C:\Users\zgl18\AppData\Local\Temp\diag-level-work\RobWork\RobWork\src\rw\math\VelocityScrew6D.hpp(138,9): error C2535: “rw::rw::math::VelocityScrew6D<double>::VelocityScrew6D(const int)”: 已经定义或声明成员函数 [C:\Users\zgl18\AppData\Local\Temp\diag-level-work\build\RobWorkSim\src\rwsimlibs\plugins\RWSimulatorPlugin.vcxproj]
  (编译源文件“../../../../../RobWork/RobWorkSim/src/rwsimlibs/plugins/RWSimulatorPlugin.cpp”)
      C:\Users\zgl18\AppData\Local\Temp\diag-level-work\RobWork\RobWork\src\rw\math\VelocityScrew6D.hpp(130,9):
      参见“rw::rw::math::VelocityScrew6D<double>::VelocityScrew6D”的声明
  
C:\Users\zgl18\AppData\Local\Temp\diag-level-work\RobWork\RobWork\src\rw\math\VelocityScrew6D.hpp(376,19): error C2327: “rw::rw::math::VelocityScrew6D<double>::Vector3D”: 不是类型名称、静态或枚举数 [C:\Users\zgl18\AppData\Local\Temp\diag-level-work\build\RobWorkSim\src\rwsimlibs\plugins\RWSimulatorPlugin.vcxproj]
  (编译源文件“../../../../../RobWork/RobWorkSim/src/rwsimlibs/plugins/RWSimulatorPlugin.cpp”)
      C:\Users\zgl18\AppData\Local\Temp\diag-level-work\RobWork\RobWork\src\rw\math\VelocityScrew6D.hpp(376,19):
      参见“rw::rw::math::VelocityScrew6D<double>::Vector3D”的声明
  
C:\Users\zgl18\AppData\Local\Temp\diag-level-work\RobWork\RobWork\src\rw\math\VelocityScrew6D.hpp(376,19): error C2086: “const int rw::rw::math::VelocityScrew6D<double>::Vector3D”: 重定义 [C:\Users\zgl18\AppData\Local\Temp\diag-level-work\build\RobWorkSim\src\rwsimlibs\plugins\RWSimulatorPlugin.vcxproj]
  (编译源文件“../../../../../RobWork/RobWorkSim/src/rwsimlibs/plugins/RWSimulatorPlugin.cpp”)
  
C:\Users\zgl18\AppData\Local\Temp\diag-level-work\RobWork\RobWork\src\rw\math\VelocityScrew6D.hpp(377,19): error C2327: “rw::rw::math::VelocityScrew6D<double>::EAA”: 不是类型名称、静态或枚举数 [C:\Users\zgl18\AppData\Local\Temp\diag-level-work\build\RobWorkSim\src\rwsimlibs\plugins\RWSimulatorPlugin.vcxproj]
  (编译源文件“../../../../../RobWork/RobWorkSim/src/rwsimlibs/plugins/RWSimulatorPlugin.cpp”)
      C:\Users\zgl18\AppData\Local\Temp\diag-level-work\RobWork\RobWork\src\rw\math\VelocityScrew6D.hpp(377,19):
      参见“rw::rw::math::VelocityScrew6D<double>::EAA”的声明
  
C:\Users\zgl18\AppData\Local\Temp\diag-level-work\RobWork\RobWork\src\rw\math\VelocityScrew6D.hpp(377,19): error C2086: “const int rw::rw::math::VelocityScrew6D<double>::EAA”: 重定义 [C:\Users\zgl18\AppData\Local\Temp\diag-level-work\build\RobWorkSim\src\rwsimlibs\plugins\RWSimulatorPlugin.vcxproj]
  (编译源文件“../../../../../RobWork/RobWorkSim/src/rwsimlibs/plugins/RWSimulatorPlugin.cpp”)
  
C:\Users\zgl18\AppData\Local\Temp\diag-level-work\RobWork\RobWork\src\rw\math\VelocityScrew6D.hpp(378,19): error C2327: “rw::rw::math::VelocityScrew6D<double>::EAA”: 不是类型名称、静态或枚举数 [C:\Users\zgl18\AppData\Local\Temp\diag-level-work\build\RobWorkSim\src\rwsimlibs\plugins\RWSimulatorPlugin.vcxproj]
  (编译源文件“../../../../../RobWork/RobWorkSim/src/rwsimlibs/plugins/RWSimulatorPlugin.cpp”)
      C:\Users\zgl18\AppData\Local\Temp\diag-level-work\RobWork\RobWork\src\rw\math\VelocityScrew6D.hpp(378,19):
      参见“rw::rw::math::VelocityScrew6D<double>::EAA”的声明
  
C:\Users\zgl18\AppData\Local\Temp\diag-level-work\RobWork\RobWork\src\rw\math\VelocityScrew6D.hpp(378,19): error C2086: “const int rw::rw::math::VelocityScrew6D<double>::EAA”: 重定义 [C:\Users\zgl18\AppData\Local\Temp\diag-level-work\build\RobWorkSim\src\rwsimlibs\plugins\RWSimulatorPlugin.vcxproj]
  (编译源文件“../../../../../RobWork/RobWorkSim/src/rwsimlibs/plugins/RWSimulatorPlugin.cpp”)
  
C:\Users\zgl18\AppData\Local\Temp\diag-level-work\RobWork\RobWork\src\rw\math\VelocityScrew6D.hpp(379,19): error C2327: “rw::rw::math::VelocityScrew6D<double>::Vector3D”: 不是类型名称、静态或枚举数 [C:\Users\zgl18\AppData\Local\Temp\diag-level-work\build\RobWorkSim\src\rwsimlibs\plugins\RWSimulatorPlugin.vcxproj]
  (编译源文件“../../../../../RobWork/RobWorkSim/src/rwsimlibs/plugins/RWSimulatorPlugin.cpp”)
      C:\Users\zgl18\AppData\Local\Temp\diag-level-work\RobWork\RobWork\src\rw\math\VelocityScrew6D.hpp(379,19):
      参见“rw::rw::math::VelocityScrew6D<double>::Vector3D”的声明
  
C:\Users\zgl18\AppData\Local\Temp\diag-level-work\RobWork\RobWork\src\rw\math\VelocityScrew6D.hpp(379,19): error C2086: “const int rw::rw::math::VelocityScrew6D<double>::Vector3D”: 重定义 [C:\Users\zgl18\AppData\Local\Temp\diag-level-work\build\RobWorkSim\src\rwsimlibs\plugins\RWSimulatorPlugin.vcxproj]
  (编译源文件“../../../../../RobWork/RobWorkSim/src/rwsimlibs/plugins/RWSimulatorPlugin.cpp”)
  
C:\Users\zgl18\AppData\Local\Temp\diag-level-work\RobWork\RobWork\src\rw\math\VelocityScrew6D.hpp(138,9): error C2535: “rw::rw::math::VelocityScrew6D<float>::VelocityScrew6D(const int)”: 已经定义或声明成员函数 [C:\Users\zgl18\AppData\Local\Temp\diag-level-work\build\RobWorkSim\src\rwsimlibs\plugins\RWSimulatorPlugin.vcxproj]
  (编译源文件“../../../../../RobWork/RobWorkSim/src/rwsimlibs/plugins/RWSimulatorPlugin.cpp”)
      C:\Users\zgl18\AppData\Local\Temp\diag-level-work\RobWork\RobWork\src\rw\math\VelocityScrew6D.hpp(130,9):
      参见“rw::rw::math::VelocityScrew6D<float>::VelocityScrew6D”的声明
  
C:\Users\zgl18\AppData\Local\Temp\diag-level-work\RobWork\RobWork\src\rw\math\VelocityScrew6D.hpp(373,43): error C2556: “const rw::rw::math::VelocityScrew6D<float> rw::rw::math::operator *(const int)”: 重载函数与“const rw::rw::math::VelocityScrew6D<double> rw::rw::math::operator *(const int)”只是在返回类型上不同 [C:\Users\zgl18\AppData\Local\Temp\diag-level-work\build\RobWorkSim\src\rwsimlibs\plugins\RWSimulatorPlugin.vcxproj]
  (编译源文件“../../../../../RobWork/RobWorkSim/src/rwsimlibs/plugins/RWSimulatorPlugin.cpp”)
      C:\Users\zgl18\AppData\Local\Temp\diag-level-work\RobWork\RobWork\src\rw\math\VelocityScrew6D.hpp(373,43):
      参见“rw::rw::math::operator *”的声明
  
C:\Users\zgl18\AppData\Local\Temp\diag-level-work\RobWork\RobWork\src\rw\math\VelocityScrew6D.hpp(376,19): error C2327: “rw::rw::math::VelocityScrew6D<float>::Vector3D”: 不是类型名称、静态或枚举数 [C:\Users\zgl18\AppData\Local\Temp\diag-level-work\build\RobWorkSim\src\rwsimlibs\plugins\RWSimulatorPlugin.vcxproj]
  (编译源文件“../../../../../RobWork/RobWorkSim/src/rwsimlibs/plugins/RWSimulatorPlugin.cpp”)
      C:\Users\zgl18\AppData\Local\Temp\diag-level-work\RobWork\RobWork\src\rw\math\VelocityScrew6D.hpp(376,19):
      参见“rw::rw::math::VelocityScrew6D<float>::Vector3D”的声明
  
C:\Users\zgl18\AppData\Local\Temp\diag-level-work\RobWork\RobWork\src\rw\math\VelocityScrew6D.hpp(376,19): error C2086: “const int rw::rw::math::VelocityScrew6D<float>::Vector3D”: 重定义 [C:\Users\zgl18\AppData\Local\Temp\diag-level-work\build\RobWorkSim\src\rwsimlibs\plugins\RWSimulatorPlugin.vcxproj]
  (编译源文件“../../../../../RobWork/RobWorkSim/src/rwsimlibs/plugins/RWSimulatorPlugin.cpp”)
  
C:\Users\zgl18\AppData\Local\Temp\diag-level-work\RobWork\RobWork\src\rw\math\VelocityScrew6D.hpp(377,19): error C2327: “rw::rw::math::VelocityScrew6D<float>::EAA”: 不是类型名称、静态或枚举数 [C:\Users\zgl18\AppData\Local\Temp\diag-level-work\build\RobWorkSim\src\rwsimlibs\plugins\RWSimulatorPlugin.vcxproj]
  (编译源文件“../../../../../RobWork/RobWorkSim/src/rwsimlibs/plugins/RWSimulatorPlugin.cpp”)
      C:\Users\zgl18\AppData\Local\Temp\diag-level-work\RobWork\RobWork\src\rw\math\VelocityScrew6D.hpp(377,19):
      参见“rw::rw::math::VelocityScrew6D<float>::EAA”的声明
  
C:\Users\zgl18\AppData\Local\Temp\diag-level-work\RobWork\RobWork\src\rw\math\VelocityScrew6D.hpp(377,19): error C2086: “const int rw::rw::math::VelocityScrew6D<float>::EAA”: 重定义 [C:\Users\zgl18\AppData\Local\Temp\diag-level-work\build\RobWorkSim\src\rwsimlibs\plugins\RWSimulatorPlugin.vcxproj]
  (编译源文件“../../../../../RobWork/RobWorkSim/src/rwsimlibs/plugins/RWSimulatorPlugin.cpp”)
  
C:\Users\zgl18\AppData\Local\Temp\diag-level-work\RobWork\RobWork\src\rw\math\VelocityScrew6D.hpp(378,19): error C2327: “rw::rw::math::VelocityScrew6D<float>::EAA”: 不是类型名称、静态或枚举数 [C:\Users\zgl18\AppData\Local\Temp\diag-level-work\build\RobWorkSim\src\rwsimlibs\plugins\RWSimulatorPlugin.vcxproj]
  (编译源文件“../../../../../RobWork/RobWorkSim/src/rwsimlibs/plugins/RWSimulatorPlugin.cpp”)
      C:\Users\zgl18\AppData\Local\Temp\diag-level-work\RobWork\RobWork\src\rw\math\VelocityScrew6D.hpp(378,19):
      参见“rw::rw::math::VelocityScrew6D<float>::EAA”的声明
  
C:\Users\zgl18\AppData\Local\Temp\diag-level-work\RobWork\RobWork\src\rw\math\VelocityScrew6D.hpp(378,19): error C2086: “const int rw::rw::math::VelocityScrew6D<float>::EAA”: 重定义 [C:\Users\zgl18\AppData\Local\Temp\diag-level-work\build\RobWorkSim\src\rwsimlibs\plugins\RWSimulatorPlugin.vcxproj]
  (编译源文件“../../../../../RobWork/RobWorkSim/src/rwsimlibs/plugins/RWSimulatorPlugin.cpp”)
  
C:\Users\zgl18\AppData\Local\Temp\diag-level-work\RobWork\RobWork\src\rw\math\VelocityScrew6D.hpp(379,19): error C2327: “rw::rw::math::VelocityScrew6D<float>::Vector3D”: 不是类型名称、静态或枚举数 [C:\Users\zgl18\AppData\Local\Temp\diag-level-work\build\RobWorkSim\src\rwsimlibs\plugins\RWSimulatorPlugin.vcxproj]
  (编译源文件“../../../../../RobWork/RobWorkSim/src/rwsimlibs/plugins/RWSimulatorPlugin.cpp”)
      C:\Users\zgl18\AppData\Local\Temp\diag-level-work\RobWork\RobWork\src\rw\math\VelocityScrew6D.hpp(379,19):
      参见“rw::rw::math::VelocityScrew6D<float>::Vector3D”的声明
  
C:\Users\zgl18\AppData\Local\Temp\diag-level-work\RobWork\RobWork\src\rw\math\VelocityScrew6D.hpp(379,19): error C1003: 错误计数超过 100；正在停止编译 [C:\Users\zgl18\AppData\Local\Temp\diag-level-work\build\RobWorkSim\src\rwsimlibs\plugins\RWSimulatorPlugin.vcxproj]
  (编译源文件“../../../../../RobWork/RobWorkSim/src/rwsimlibs/plugins/RWSimulatorPlugin.cpp”)
  
D:\software\Microsoft Visual Studio\2022\Community\MSBuild\Microsoft\VC\v170\Microsoft.CppBuild.targets(541,5): warning MSB8029: 中间目录或输出目录无法驻留在临时目录下，因为这可能会导致增量生成出现问题。 [C:\Users\zgl18\AppData\Local\Temp\diag-level-work\build\RobWorkSim\src\rwsimlibs\bullet\sdurwsim_bullet.vcxproj]
  Automatic MOC and UIC for target sdurwsim_bullet
  Building Custom Rule C:/Users/zgl18/AppData/Local/Temp/diag-level-work/RobWork/RobWorkSim/src/rwsimlibs/bullet/CMakeLists.txt
  BtUtil.cpp
  BtBody.cpp
  BtDevice.cpp
  BtPositionDevice.cpp
  BtVelocityDevice.cpp
  BtSimulator.cpp
  BtDebugRender.cpp
  BtConstraint.cpp
  BtTactileSensor.cpp
  BtMaterial.cpp
  BtContactStrategy.cpp
  BtRWCollisionAlgorithm.cpp
  BtRWCollisionConfiguration.cpp
  mocs_compilation_Release.cpp
C:\Users\zgl18\AppData\Local\Temp\diag-level-work\RobWork\RobWorkSim\src\rwsimlibs\bullet\BtUtil.cpp(33,45): warning C4244: “参数”: 从“const T”转换到“const btScalar”，可能丢失数据 [C:\Users\zgl18\AppData\Local\Temp\diag-level-work\build\RobWorkSim\src\rwsimlibs\bullet\sdurwsim_bullet.vcxproj]
C:\Users\zgl18\AppData\Local\Temp\diag-level-work\RobWork\RobWorkSim\src\rwsimlibs\bullet\BtUtil.cpp(33,45): warning C4244:         with [C:\Users\zgl18\AppData\Local\Temp\diag-level-work\build\RobWorkSim\src\rwsimlibs\bullet\sdurwsim_bullet.vcxproj]
C:\Users\zgl18\AppData\Local\Temp\diag-level-work\RobWork\RobWorkSim\src\rwsimlibs\bullet\BtUtil.cpp(33,45): warning C4244:         [ [C:\Users\zgl18\AppData\Local\Temp\diag-level-work\build\RobWorkSim\src\rwsimlibs\bullet\sdurwsim_bullet.vcxproj]
C:\Users\zgl18\AppData\Local\Temp\diag-level-work\RobWork\RobWorkSim\src\rwsimlibs\bullet\BtUtil.cpp(33,45): warning C4244:             T=double [C:\Users\zgl18\AppData\Local\Temp\diag-level-work\build\RobWorkSim\src\rwsimlibs\bullet\sdurwsim_bullet.vcxproj]
C:\Users\zgl18\AppData\Local\Temp\diag-level-work\RobWork\RobWorkSim\src\rwsimlibs\bullet\BtUtil.cpp(33,45): warning C4244:         ] [C:\Users\zgl18\AppData\Local\Temp\diag-level-work\build\RobWorkSim\src\rwsimlibs\bullet\sdurwsim_bullet.vcxproj]
C:\Users\zgl18\AppData\Local\Temp\diag-level-work\RobWork\RobWorkSim\src\rwsimlibs\bullet\BtUtil.cpp(33,36): warning C4244: “参数”: 从“const T”转换到“const btScalar”，可能丢失数据 [C:\Users\zgl18\AppData\Local\Temp\diag-level-work\build\RobWorkSim\src\rwsimlibs\bullet\sdurwsim_bullet.vcxproj]
C:\Users\zgl18\AppData\Local\Temp\diag-level-work\RobWork\RobWorkSim\src\rwsimlibs\bullet\BtUtil.cpp(33,36): warning C4244:         with [C:\Users\zgl18\AppData\Local\Temp\diag-level-work\build\RobWorkSim\src\rwsimlibs\bullet\sdurwsim_bullet.vcxproj]
C:\Users\zgl18\AppData\Local\Temp\diag-level-work\RobWork\RobWorkSim\src\rwsimlibs\bullet\BtUtil.cpp(33,36): warning C4244:         [ [C:\Users\zgl18\AppData\Local\Temp\diag-level-work\build\RobWorkSim\src\rwsimlibs\bullet\sdurwsim_bullet.vcxproj]
C:\Users\zgl18\AppData\Local\Temp\diag-level-work\RobWork\RobWorkSim\src\rwsimlibs\bullet\BtUtil.cpp(33,36): warning C4244:             T=double [C:\Users\zgl18\AppData\Local\Temp\diag-level-work\build\RobWorkSim\src\rwsimlibs\bullet\sdurwsim_bullet.vcxproj]
C:\Users\zgl18\AppData\Local\Temp\diag-level-work\RobWork\RobWorkSim\src\rwsimlibs\bullet\BtUtil.cpp(33,36): warning C4244:         ] [C:\Users\zgl18\AppData\Local\Temp\diag-level-work\build\RobWorkSim\src\rwsimlibs\bullet\sdurwsim_bullet.vcxproj]
C:\Users\zgl18\AppData\Local\Temp\diag-level-work\RobWork\RobWorkSim\src\rwsimlibs\bullet\BtUtil.cpp(33,27): warning C4244: “参数”: 从“const T”转换到“const btScalar”，可能丢失数据 [C:\Users\zgl18\AppData\Local\Temp\diag-level-work\build\RobWorkSim\src\rwsimlibs\bullet\sdurwsim_bullet.vcxproj]
C:\Users\zgl18\AppData\Local\Temp\diag-level-work\RobWork\RobWorkSim\src\rwsimlibs\bullet\BtUtil.cpp(33,27): warning C4244:         with [C:\Users\zgl18\AppData\Local\Temp\diag-level-work\build\RobWorkSim\src\rwsimlibs\bullet\sdurwsim_bullet.vcxproj]
C:\Users\zgl18\AppData\Local\Temp\diag-level-work\RobWork\RobWorkSim\src\rwsimlibs\bullet\BtUtil.cpp(33,27): warning C4244:         [ [C:\Users\zgl18\AppData\Local\Temp\diag-level-work\build\RobWorkSim\src\rwsimlibs\bullet\sdurwsim_bullet.vcxproj]
C:\Users\zgl18\AppData\Local\Temp\diag-level-work\RobWork\RobWorkSim\src\rwsimlibs\bullet\BtUtil.cpp(33,27): warning C4244:             T=double [C:\Users\zgl18\AppData\Local\Temp\diag-level-work\build\RobWorkSim\src\rwsimlibs\bullet\sdurwsim_bullet.vcxproj]
C:\Users\zgl18\AppData\Local\Temp\diag-level-work\RobWork\RobWorkSim\src\rwsimlibs\bullet\BtUtil.cpp(33,27): warning C4244:         ] [C:\Users\zgl18\AppData\Local\Temp\diag-level-work\build\RobWorkSim\src\rwsimlibs\bullet\sdurwsim_bullet.vcxproj]
C:\Users\zgl18\AppData\Local\Temp\diag-level-work\RobWork\RobWorkSim\src\rwsimlibs\bullet\BtUtil.cpp(46,64): warning C4244: “参数”: 从“const T”转换到“const btScalar”，可能丢失数据 [C:\Users\zgl18\AppData\Local\Temp\diag-level-work\build\RobWorkSim\src\rwsimlibs\bullet\sdurwsim_bullet.vcxproj]
C:\Users\zgl18\AppData\Local\Temp\diag-level-work\RobWork\RobWorkSim\src\rwsimlibs\bullet\BtUtil.cpp(46,64): warning C4244:         with [C:\Users\zgl18\AppData\Local\Temp\diag-level-work\build\RobWorkSim\src\rwsimlibs\bullet\sdurwsim_bullet.vcxproj]
C:\Users\zgl18\AppData\Local\Temp\diag-level-work\RobWork\RobWorkSim\src\rwsimlibs\bullet\BtUtil.cpp(46,64): warning C4244:         [ [C:\Users\zgl18\AppData\Local\Temp\diag-level-work\build\RobWorkSim\src\rwsimlibs\bullet\sdurwsim_bullet.vcxproj]
C:\Users\zgl18\AppData\Local\Temp\diag-level-work\RobWork\RobWorkSim\src\rwsimlibs\bullet\BtUtil.cpp(46,64): warning C4244:             T=double [C:\Users\zgl18\AppData\Local\Temp\diag-level-work\build\RobWorkSim\src\rwsimlibs\bullet\sdurwsim_bullet.vcxproj]
C:\Users\zgl18\AppData\Local\Temp\diag-level-work\RobWork\RobWorkSim\src\rwsimlibs\bullet\BtUtil.cpp(46,64): warning C4244:         ] [C:\Users\zgl18\AppData\Local\Temp\diag-level-work\build\RobWorkSim\src\rwsimlibs\bullet\sdurwsim_bullet.vcxproj]
C:\Users\zgl18\AppData\Local\Temp\diag-level-work\RobWork\RobWorkSim\src\rwsimlibs\bullet\BtUtil.cpp(46,51): warning C4244: “参数”: 从“const T”转换到“const btScalar”，可能丢失数据 [C:\Users\zgl18\AppData\Local\Temp\diag-level-work\build\RobWorkSim\src\rwsimlibs\bullet\sdurwsim_bullet.vcxproj]
C:\Users\zgl18\AppData\Local\Temp\diag-level-work\RobWork\RobWorkSim\src\rwsimlibs\bullet\BtUtil.cpp(46,51): warning C4244:         with [C:\Users\zgl18\AppData\Local\Temp\diag-level-work\build\RobWorkSim\src\rwsimlibs\bullet\sdurwsim_bullet.vcxproj]
C:\Users\zgl18\AppData\Local\Temp\diag-level-work\RobWork\RobWorkSim\src\rwsimlibs\bullet\BtUtil.cpp(46,51): warning C4244:         [ [C:\Users\zgl18\AppData\Local\Temp\diag-level-work\build\RobWorkSim\src\rwsimlibs\bullet\sdurwsim_bullet.vcxproj]
C:\Users\zgl18\AppData\Local\Temp\diag-level-work\RobWork\RobWorkSim\src\rwsimlibs\bullet\BtUtil.cpp(46,51): warning C4244:             T=double [C:\Users\zgl18\AppData\Local\Temp\diag-level-work\build\RobWorkSim\src\rwsimlibs\bullet\sdurwsim_bullet.vcxproj]
C:\Users\zgl18\AppData\Local\Temp\diag-level-work\RobWork\RobWorkSim\src\rwsimlibs\bullet\BtUtil.cpp(46,51): warning C4244:         ] [C:\Users\zgl18\AppData\Local\Temp\diag-level-work\build\RobWorkSim\src\rwsimlibs\bullet\sdurwsim_bullet.vcxproj]
C:\Users\zgl18\AppData\Local\Temp\diag-level-work\RobWork\RobWorkSim\src\rwsimlibs\bullet\BtUtil.cpp(46,38): warning C4244: “参数”: 从“const T”转换到“const btScalar”，可能丢失数据 [C:\Users\zgl18\AppData\Local\Temp\diag-level-work\build\RobWorkSim\src\rwsimlibs\bullet\sdurwsim_bullet.vcxproj]
C:\Users\zgl18\AppData\Local\Temp\diag-level-work\RobWork\RobWorkSim\src\rwsimlibs\bullet\BtUtil.cpp(46,38): warning C4244:         with [C:\Users\zgl18\AppData\Local\Temp\diag-level-work\build\RobWorkSim\src\rwsimlibs\bullet\sdurwsim_bullet.vcxproj]
C:\Users\zgl18\AppData\Local\Temp\diag-level-work\RobWork\RobWorkSim\src\rwsimlibs\bullet\BtUtil.cpp(46,38): warning C4244:         [ [C:\Users\zgl18\AppData\Local\Temp\diag-level-work\build\RobWorkSim\src\rwsimlibs\bullet\sdurwsim_bullet.vcxproj]
C:\Users\zgl18\AppData\Local\Temp\diag-level-work\RobWork\RobWorkSim\src\rwsimlibs\bullet\BtUtil.cpp(46,38): warning C4244:             T=double [C:\Users\zgl18\AppData\Local\Temp\diag-level-work\build\RobWorkSim\src\rwsimlibs\bullet\sdurwsim_bullet.vcxproj]
C:\Users\zgl18\AppData\Local\Temp\diag-level-work\RobWork\RobWorkSim\src\rwsimlibs\bullet\BtUtil.cpp(46,38): warning C4244:         ] [C:\Users\zgl18\AppData\Local\Temp\diag-level-work\build\RobWorkSim\src\rwsimlibs\bullet\sdurwsim_bullet.vcxproj]
C:\Users\zgl18\AppData\Local\Temp\diag-level-work\RobWork\RobWorkSim\src\rwsimlibs\bullet\BtUtil.cpp(47,87): warning C4244: “参数”: 从“T”转换到“const btScalar”，可能丢失数据 [C:\Users\zgl18\AppData\Local\Temp\diag-level-work\build\RobWorkSim\src\rwsimlibs\bullet\sdurwsim_bullet.vcxproj]
C:\Users\zgl18\AppData\Local\Temp\diag-level-work\RobWork\RobWorkSim\src\rwsimlibs\bullet\BtUtil.cpp(47,87): warning C4244:         with [C:\Users\zgl18\AppData\Local\Temp\diag-level-work\build\RobWorkSim\src\rwsimlibs\bullet\sdurwsim_bullet.vcxproj]
C:\Users\zgl18\AppData\Local\Temp\diag-level-work\RobWork\RobWorkSim\src\rwsimlibs\bullet\BtUtil.cpp(47,87): warning C4244:         [ [C:\Users\zgl18\AppData\Local\Temp\diag-level-work\build\RobWorkSim\src\rwsimlibs\bullet\sdurwsim_bullet.vcxproj]
C:\Users\zgl18\AppData\Local\Temp\diag-level-work\RobWork\RobWorkSim\src\rwsimlibs\bullet\BtUtil.cpp(47,87): warning C4244:             T=double [C:\Users\zgl18\AppData\Local\Temp\diag-level-work\build\RobWorkSim\src\rwsimlibs\bullet\sdurwsim_bullet.vcxproj]
C:\Users\zgl18\AppData\Local\Temp\diag-level-work\RobWork\RobWorkSim\src\rwsimlibs\bullet\BtUtil.cpp(47,87): warning C4244:         ] [C:\Users\zgl18\AppData\Local\Temp\diag-level-work\build\RobWorkSim\src\rwsimlibs\bullet\sdurwsim_bullet.vcxproj]
C:\Users\zgl18\AppData\Local\Temp\diag-level-work\RobWork\RobWorkSim\src\rwsimlibs\bullet\BtUtil.cpp(47,72): warning C4244: “参数”: 从“T”转换到“const btScalar”，可能丢失数据 [C:\Users\zgl18\AppData\Local\Temp\diag-level-work\build\RobWorkSim\src\rwsimlibs\bullet\sdurwsim_bullet.vcxproj]
C:\Users\zgl18\AppData\Local\Temp\diag-level-work\RobWork\RobWorkSim\src\rwsimlibs\bullet\BtUtil.cpp(47,72): warning C4244:         with [C:\Users\zgl18\AppData\Local\Temp\diag-level-work\build\RobWorkSim\src\rwsimlibs\bullet\sdurwsim_bullet.vcxproj]
C:\Users\zgl18\AppData\Local\Temp\diag-level-work\RobWork\RobWorkSim\src\rwsimlibs\bullet\BtUtil.cpp(47,72): warning C4244:         [ [C:\Users\zgl18\AppData\Local\Temp\diag-level-work\build\RobWorkSim\src\rwsimlibs\bullet\sdurwsim_bullet.vcxproj]
C:\Users\zgl18\AppData\Local\Temp\diag-level-work\RobWork\RobWorkSim\src\rwsimlibs\bullet\BtUtil.cpp(47,72): warning C4244:             T=double [C:\Users\zgl18\AppData\Local\Temp\diag-level-work\build\RobWorkSim\src\rwsimlibs\bullet\sdurwsim_bullet.vcxproj]
C:\Users\zgl18\AppData\Local\Temp\diag-level-work\RobWork\RobWorkSim\src\rwsimlibs\bullet\BtUtil.cpp(47,72): warning C4244:         ] [C:\Users\zgl18\AppData\Local\Temp\diag-level-work\build\RobWorkSim\src\rwsimlibs\bullet\sdurwsim_bullet.vcxproj]
C:\Users\zgl18\AppData\Local\Temp\diag-level-work\RobWork\RobWorkSim\src\rwsimlibs\bullet\BtUtil.cpp(47,57): warning C4244: “参数”: 从“T”转换到“const btScalar”，可能丢失数据 [C:\Users\zgl18\AppData\Local\Temp\diag-level-work\build\RobWorkSim\src\rwsimlibs\bullet\sdurwsim_bullet.vcxproj]
C:\Users\zgl18\AppData\Local\Temp\diag-level-work\RobWork\RobWorkSim\src\rwsimlibs\bullet\BtUtil.cpp(47,57): warning C4244:         with [C:\Users\zgl18\AppData\Local\Temp\diag-level-work\build\RobWorkSim\src\rwsimlibs\bullet\sdurwsim_bullet.vcxproj]
C:\Users\zgl18\AppData\Local\Temp\diag-level-work\RobWork\RobWorkSim\src\rwsimlibs\bullet\BtUtil.cpp(47,57): warning C4244:         [ [C:\Users\zgl18\AppData\Local\Temp\diag-level-work\build\RobWorkSim\src\rwsimlibs\bullet\sdurwsim_bullet.vcxproj]
C:\Users\zgl18\AppData\Local\Temp\diag-level-work\RobWork\RobWorkSim\src\rwsimlibs\bullet\BtUtil.cpp(47,57): warning C4244:             T=double [C:\Users\zgl18\AppData\Local\Temp\diag-level-work\build\RobWorkSim\src\rwsimlibs\bullet\sdurwsim_bullet.vcxproj]
C:\Users\zgl18\AppData\Local\Temp\diag-level-work\RobWork\RobWorkSim\src\rwsimlibs\bullet\BtUtil.cpp(47,57): warning C4244:         ] [C:\Users\zgl18\AppData\Local\Temp\diag-level-work\build\RobWorkSim\src\rwsimlibs\bullet\sdurwsim_bullet.vcxproj]
C:\Users\zgl18\AppData\Local\Temp\diag-level-work\RobWork\RobWorkSim\src\rwsimlibs\bullet\BtUtil.cpp(47,42): warning C4244: “参数”: 从“T”转换到“const btScalar”，可能丢失数据 [C:\Users\zgl18\AppData\Local\Temp\diag-level-work\build\RobWorkSim\src\rwsimlibs\bullet\sdurwsim_bullet.vcxproj]
C:\Users\zgl18\AppData\Local\Temp\diag-level-work\RobWork\RobWorkSim\src\rwsimlibs\bullet\BtUtil.cpp(47,42): warning C4244:         with [C:\Users\zgl18\AppData\Local\Temp\diag-level-work\build\RobWorkSim\src\rwsimlibs\bullet\sdurwsim_bullet.vcxproj]
C:\Users\zgl18\AppData\Local\Temp\diag-level-work\RobWork\RobWorkSim\src\rwsimlibs\bullet\BtUtil.cpp(47,42): warning C4244:         [ [C:\Users\zgl18\AppData\Local\Temp\diag-level-work\build\RobWorkSim\src\rwsimlibs\bullet\sdurwsim_bullet.vcxproj]
C:\Users\zgl18\AppData\Local\Temp\diag-level-work\RobWork\RobWorkSim\src\rwsimlibs\bullet\BtUtil.cpp(47,42): warning C4244:             T=double [C:\Users\zgl18\AppData\Local\Temp\diag-level-work\build\RobWorkSim\src\rwsimlibs\bullet\sdurwsim_bullet.vcxproj]
C:\Users\zgl18\AppData\Local\Temp\diag-level-work\RobWork\RobWorkSim\src\rwsimlibs\bullet\BtUtil.cpp(47,42): warning C4244:         ] [C:\Users\zgl18\AppData\Local\Temp\diag-level-work\build\RobWorkSim\src\rwsimlibs\bullet\sdurwsim_bullet.vcxproj]
C:\Users\zgl18\AppData\Local\Temp\diag-level-work\RobWork\RobWorkSim\src\rwsimlibs\bullet\BtContactStrategy.cpp(222,73): warning C4244: “参数”: 从“double”转换到“btScalar”，可能丢失数据 [C:\Users\zgl18\AppData\Local\Temp\diag-level-work\build\RobWorkSim\src\rwsimlibs\bullet\sdurwsim_bullet.vcxproj]
C:\Users\zgl18\AppData\Local\Temp\diag-level-work\RobWork\RobWorkSim\src\rwsimlibs\bullet\BtContactStrategy.cpp(303,78): warning C4244: “参数”: 从“double”转换到“const btScalar”，可能丢失数据 [C:\Users\zgl18\AppData\Local\Temp\diag-level-work\build\RobWorkSim\src\rwsimlibs\bullet\sdurwsim_bullet.vcxproj]
C:\Users\zgl18\AppData\Local\Temp\diag-level-work\RobWork\RobWorkSim\src\rwsimlibs\bullet\BtContactStrategy.cpp(303,53): warning C4244: “参数”: 从“double”转换到“const btScalar”，可能丢失数据 [C:\Users\zgl18\AppData\Local\Temp\diag-level-work\build\RobWorkSim\src\rwsimlibs\bullet\sdurwsim_bullet.vcxproj]
C:\Users\zgl18\AppData\Local\Temp\diag-level-work\RobWork\RobWorkSim\src\rwsimlibs\bullet\BtContactStrategy.cpp(308,65): warning C4244: “参数”: 从“double”转换到“btScalar”，可能丢失数据 [C:\Users\zgl18\AppData\Local\Temp\diag-level-work\build\RobWorkSim\src\rwsimlibs\bullet\sdurwsim_bullet.vcxproj]
C:\Users\zgl18\AppData\Local\Temp\diag-level-work\RobWork\RobWorkSim\src\rwsimlibs\bullet\BtContactStrategy.cpp(314,63): warning C4244: “参数”: 从“double”转换到“const btScalar”，可能丢失数据 [C:\Users\zgl18\AppData\Local\Temp\diag-level-work\build\RobWorkSim\src\rwsimlibs\bullet\sdurwsim_bullet.vcxproj]
C:\Users\zgl18\AppData\Local\Temp\diag-level-work\RobWork\RobWorkSim\src\rwsimlibs\bullet\BtContactStrategy.cpp(313,63): warning C4244: “参数”: 从“double”转换到“const btScalar”，可能丢失数据 [C:\Users\zgl18\AppData\Local\Temp\diag-level-work\build\RobWorkSim\src\rwsimlibs\bullet\sdurwsim_bullet.vcxproj]
C:\Users\zgl18\AppData\Local\Temp\diag-level-work\RobWork\RobWorkSim\src\rwsimlibs\bullet\BtContactStrategy.cpp(312,63): warning C4244: “参数”: 从“double”转换到“const btScalar”，可能丢失数据 [C:\Users\zgl18\AppData\Local\Temp\diag-level-work\build\RobWorkSim\src\rwsimlibs\bullet\sdurwsim_bullet.vcxproj]
C:\Users\zgl18\AppData\Local\Temp\diag-level-work\RobWork\RobWorkSim\src\rwsimlibs\bullet\BtContactStrategy.cpp(320,65): warning C4244: “参数”: 从“double”转换到“btScalar”，可能丢失数据 [C:\Users\zgl18\AppData\Local\Temp\diag-level-work\build\RobWorkSim\src\rwsimlibs\bullet\sdurwsim_bullet.vcxproj]
C:\Users\zgl18\AppData\Local\Temp\diag-level-work\RobWork\RobWorkSim\src\rwsimlibs\bullet\BtContactStrategy.cpp(329,57): warning C4244: “参数”: 从“const T”转换到“const btScalar”，可能丢失数据 [C:\Users\zgl18\AppData\Local\Temp\diag-level-work\build\RobWorkSim\src\rwsimlibs\bullet\sdurwsim_bullet.vcxproj]
C:\Users\zgl18\AppData\Local\Temp\diag-level-work\RobWork\RobWorkSim\src\rwsimlibs\bullet\BtContactStrategy.cpp(329,57): warning C4244:         with [C:\Users\zgl18\AppData\Local\Temp\diag-level-work\build\RobWorkSim\src\rwsimlibs\bullet\sdurwsim_bullet.vcxproj]
C:\Users\zgl18\AppData\Local\Temp\diag-level-work\RobWork\RobWorkSim\src\rwsimlibs\bullet\BtContactStrategy.cpp(329,57): warning C4244:         [ [C:\Users\zgl18\AppData\Local\Temp\diag-level-work\build\RobWorkSim\src\rwsimlibs\bullet\sdurwsim_bullet.vcxproj]
C:\Users\zgl18\AppData\Local\Temp\diag-level-work\RobWork\RobWorkSim\src\rwsimlibs\bullet\BtContactStrategy.cpp(329,57): warning C4244:             T=double [C:\Users\zgl18\AppData\Local\Temp\diag-level-work\build\RobWorkSim\src\rwsimlibs\bullet\sdurwsim_bullet.vcxproj]
C:\Users\zgl18\AppData\Local\Temp\diag-level-work\RobWork\RobWorkSim\src\rwsimlibs\bullet\BtContactStrategy.cpp(329,57): warning C4244:         ] [C:\Users\zgl18\AppData\Local\Temp\diag-level-work\build\RobWorkSim\src\rwsimlibs\bullet\sdurwsim_bullet.vcxproj]
C:\Users\zgl18\AppData\Local\Temp\diag-level-work\RobWork\RobWorkSim\src\rwsimlibs\bullet\BtContactStrategy.cpp(329,46): warning C4244: “参数”: 从“const T”转换到“const btScalar”，可能丢失数据 [C:\Users\zgl18\AppData\Local\Temp\diag-level-work\build\RobWorkSim\src\rwsimlibs\bullet\sdurwsim_bullet.vcxproj]
C:\Users\zgl18\AppData\Local\Temp\diag-level-work\RobWork\RobWorkSim\src\rwsimlibs\bullet\BtContactStrategy.cpp(329,46): warning C4244:         with [C:\Users\zgl18\AppData\Local\Temp\diag-level-work\build\RobWorkSim\src\rwsimlibs\bullet\sdurwsim_bullet.vcxproj]
C:\Users\zgl18\AppData\Local\Temp\diag-level-work\RobWork\RobWorkSim\src\rwsimlibs\bullet\BtContactStrategy.cpp(329,46): warning C4244:         [ [C:\Users\zgl18\AppData\Local\Temp\diag-level-work\build\RobWorkSim\src\rwsimlibs\bullet\sdurwsim_bullet.vcxproj]
C:\Users\zgl18\AppData\Local\Temp\diag-level-work\RobWork\RobWorkSim\src\rwsimlibs\bullet\BtContactStrategy.cpp(329,46): warning C4244:             T=double [C:\Users\zgl18\AppData\Local\Temp\diag-level-work\build\RobWorkSim\src\rwsimlibs\bullet\sdurwsim_bullet.vcxproj]
C:\Users\zgl18\AppData\Local\Temp\diag-level-work\RobWork\RobWorkSim\src\rwsimlibs\bullet\BtContactStrategy.cpp(329,46): warning C4244:         ] [C:\Users\zgl18\AppData\Local\Temp\diag-level-work\build\RobWorkSim\src\rwsimlibs\bullet\sdurwsim_bullet.vcxproj]
C:\Users\zgl18\AppData\Local\Temp\diag-level-work\RobWork\RobWorkSim\src\rwsimlibs\bullet\BtContactStrategy.cpp(329,35): warning C4244: “参数”: 从“const T”转换到“const btScalar”，可能丢失数据 [C:\Users\zgl18\AppData\Local\Temp\diag-level-work\build\RobWorkSim\src\rwsimlibs\bullet\sdurwsim_bullet.vcxproj]
C:\Users\zgl18\AppData\Local\Temp\diag-level-work\RobWork\RobWorkSim\src\rwsimlibs\bullet\BtContactStrategy.cpp(329,35): warning C4244:         with [C:\Users\zgl18\AppData\Local\Temp\diag-level-work\build\RobWorkSim\src\rwsimlibs\bullet\sdurwsim_bullet.vcxproj]
C:\Users\zgl18\AppData\Local\Temp\diag-level-work\RobWork\RobWorkSim\src\rwsimlibs\bullet\BtContactStrategy.cpp(329,35): warning C4244:         [ [C:\Users\zgl18\AppData\Local\Temp\diag-level-work\build\RobWorkSim\src\rwsimlibs\bullet\sdurwsim_bullet.vcxproj]
C:\Users\zgl18\AppData\Local\Temp\diag-level-work\RobWork\RobWorkSim\src\rwsimlibs\bullet\BtContactStrategy.cpp(329,35): warning C4244:             T=double [C:\Users\zgl18\AppData\Local\Temp\diag-level-work\build\RobWorkSim\src\rwsimlibs\bullet\sdurwsim_bullet.vcxproj]
C:\Users\zgl18\AppData\Local\Temp\diag-level-work\RobWork\RobWorkSim\src\rwsimlibs\bullet\BtContactStrategy.cpp(329,35): warning C4244:         ] [C:\Users\zgl18\AppData\Local\Temp\diag-level-work\build\RobWorkSim\src\rwsimlibs\bullet\sdurwsim_bullet.vcxproj]
C:\Users\zgl18\AppData\Local\Temp\diag-level-work\RobWork\RobWorkSim\src\rwsimlibs\bullet\BtContactStrategy.cpp(330,57): warning C4244: “参数”: 从“const T”转换到“const btScalar”，可能丢失数据 [C:\Users\zgl18\AppData\Local\Temp\diag-level-work\build\RobWorkSim\src\rwsimlibs\bullet\sdurwsim_bullet.vcxproj]
C:\Users\zgl18\AppData\Local\Temp\diag-level-work\RobWork\RobWorkSim\src\rwsimlibs\bullet\BtContactStrategy.cpp(330,57): warning C4244:         with [C:\Users\zgl18\AppData\Local\Temp\diag-level-work\build\RobWorkSim\src\rwsimlibs\bullet\sdurwsim_bullet.vcxproj]
C:\Users\zgl18\AppData\Local\Temp\diag-level-work\RobWork\RobWorkSim\src\rwsimlibs\bullet\BtContactStrategy.cpp(330,57): warning C4244:         [ [C:\Users\zgl18\AppData\Local\Temp\diag-level-work\build\RobWorkSim\src\rwsimlibs\bullet\sdurwsim_bullet.vcxproj]
C:\Users\zgl18\AppData\Local\Temp\diag-level-work\RobWork\RobWorkSim\src\rwsimlibs\bullet\BtContactStrategy.cpp(330,57): warning C4244:             T=double [C:\Users\zgl18\AppData\Local\Temp\diag-level-work\build\RobWorkSim\src\rwsimlibs\bullet\sdurwsim_bullet.vcxproj]
C:\Users\zgl18\AppData\Local\Temp\diag-level-work\RobWork\RobWorkSim\src\rwsimlibs\bullet\BtContactStrategy.cpp(330,57): warning C4244:         ] [C:\Users\zgl18\AppData\Local\Temp\diag-level-work\build\RobWorkSim\src\rwsimlibs\bullet\sdurwsim_bullet.vcxproj]
C:\Users\zgl18\AppData\Local\Temp\diag-level-work\RobWork\RobWorkSim\src\rwsimlibs\bullet\BtContactStrategy.cpp(330,46): warning C4244: “参数”: 从“const T”转换到“const btScalar”，可能丢失数据 [C:\Users\zgl18\AppData\Local\Temp\diag-level-work\build\RobWorkSim\src\rwsimlibs\bullet\sdurwsim_bullet.vcxproj]
C:\Users\zgl18\AppData\Local\Temp\diag-level-work\RobWork\RobWorkSim\src\rwsimlibs\bullet\BtContactStrategy.cpp(330,46): warning C4244:         with [C:\Users\zgl18\AppData\Local\Temp\diag-level-work\build\RobWorkSim\src\rwsimlibs\bullet\sdurwsim_bullet.vcxproj]
C:\Users\zgl18\AppData\Local\Temp\diag-level-work\RobWork\RobWorkSim\src\rwsimlibs\bullet\BtContactStrategy.cpp(330,46): warning C4244:         [ [C:\Users\zgl18\AppData\Local\Temp\diag-level-work\build\RobWorkSim\src\rwsimlibs\bullet\sdurwsim_bullet.vcxproj]
C:\Users\zgl18\AppData\Local\Temp\diag-level-work\RobWork\RobWorkSim\src\rwsimlibs\bullet\BtContactStrategy.cpp(330,46): warning C4244:             T=double [C:\Users\zgl18\AppData\Local\Temp\diag-level-work\build\RobWorkSim\src\rwsimlibs\bullet\sdurwsim_bullet.vcxproj]
C:\Users\zgl18\AppData\Local\Temp\diag-level-work\RobWork\RobWorkSim\src\rwsimlibs\bullet\BtContactStrategy.cpp(330,46): warning C4244:         ] [C:\Users\zgl18\AppData\Local\Temp\diag-level-work\build\RobWorkSim\src\rwsimlibs\bullet\sdurwsim_bullet.vcxproj]
C:\Users\zgl18\AppData\Local\Temp\diag-level-work\RobWork\RobWorkSim\src\rwsimlibs\bullet\BtContactStrategy.cpp(330,35): warning C4244: “参数”: 从“const T”转换到“const btScalar”，可能丢失数据 [C:\Users\zgl18\AppData\Local\Temp\diag-level-work\build\RobWorkSim\src\rwsimlibs\bullet\sdurwsim_bullet.vcxproj]
C:\Users\zgl18\AppData\Local\Temp\diag-level-work\RobWork\RobWorkSim\src\rwsimlibs\bullet\BtContactStrategy.cpp(330,35): warning C4244:         with [C:\Users\zgl18\AppData\Local\Temp\diag-level-work\build\RobWorkSim\src\rwsimlibs\bullet\sdurwsim_bullet.vcxproj]
C:\Users\zgl18\AppData\Local\Temp\diag-level-work\RobWork\RobWorkSim\src\rwsimlibs\bullet\BtContactStrategy.cpp(330,35): warning C4244:         [ [C:\Users\zgl18\AppData\Local\Temp\diag-level-work\build\RobWorkSim\src\rwsimlibs\bullet\sdurwsim_bullet.vcxproj]
C:\Users\zgl18\AppData\Local\Temp\diag-level-work\RobWork\RobWorkSim\src\rwsimlibs\bullet\BtContactStrategy.cpp(330,35): warning C4244:             T=double [C:\Users\zgl18\AppData\Local\Temp\diag-level-work\build\RobWorkSim\src\rwsimlibs\bullet\sdurwsim_bullet.vcxproj]
C:\Users\zgl18\AppData\Local\Temp\diag-level-work\RobWork\RobWorkSim\src\rwsimlibs\bullet\BtContactStrategy.cpp(330,35): warning C4244:         ] [C:\Users\zgl18\AppData\Local\Temp\diag-level-work\build\RobWorkSim\src\rwsimlibs\bullet\sdurwsim_bullet.vcxproj]
C:\Users\zgl18\AppData\Local\Temp\diag-level-work\RobWork\RobWorkSim\src\rwsimlibs\bullet\BtContactStrategy.cpp(331,57): warning C4244: “参数”: 从“const T”转换到“const btScalar”，可能丢失数据 [C:\Users\zgl18\AppData\Local\Temp\diag-level-work\build\RobWorkSim\src\rwsimlibs\bullet\sdurwsim_bullet.vcxproj]
C:\Users\zgl18\AppData\Local\Temp\diag-level-work\RobWork\RobWorkSim\src\rwsimlibs\bullet\BtContactStrategy.cpp(331,57): warning C4244:         with [C:\Users\zgl18\AppData\Local\Temp\diag-level-work\build\RobWorkSim\src\rwsimlibs\bullet\sdurwsim_bullet.vcxproj]
C:\Users\zgl18\AppData\Local\Temp\diag-level-work\RobWork\RobWorkSim\src\rwsimlibs\bullet\BtContactStrategy.cpp(331,57): warning C4244:         [ [C:\Users\zgl18\AppData\Local\Temp\diag-level-work\build\RobWorkSim\src\rwsimlibs\bullet\sdurwsim_bullet.vcxproj]
C:\Users\zgl18\AppData\Local\Temp\diag-level-work\RobWork\RobWorkSim\src\rwsimlibs\bullet\BtContactStrategy.cpp(331,57): warning C4244:             T=double [C:\Users\zgl18\AppData\Local\Temp\diag-level-work\build\RobWorkSim\src\rwsimlibs\bullet\sdurwsim_bullet.vcxproj]
C:\Users\zgl18\AppData\Local\Temp\diag-level-work\RobWork\RobWorkSim\src\rwsimlibs\bullet\BtContactStrategy.cpp(331,57): warning C4244:         ] [C:\Users\zgl18\AppData\Local\Temp\diag-level-work\build\RobWorkSim\src\rwsimlibs\bullet\sdurwsim_bullet.vcxproj]
C:\Users\zgl18\AppData\Local\Temp\diag-level-work\RobWork\RobWorkSim\src\rwsimlibs\bullet\BtContactStrategy.cpp(331,46): warning C4244: “参数”: 从“const T”转换到“const btScalar”，可能丢失数据 [C:\Users\zgl18\AppData\Local\Temp\diag-level-work\build\RobWorkSim\src\rwsimlibs\bullet\sdurwsim_bullet.vcxproj]
C:\Users\zgl18\AppData\Local\Temp\diag-level-work\RobWork\RobWorkSim\src\rwsimlibs\bullet\BtContactStrategy.cpp(331,46): warning C4244:         with [C:\Users\zgl18\AppData\Local\Temp\diag-level-work\build\RobWorkSim\src\rwsimlibs\bullet\sdurwsim_bullet.vcxproj]
C:\Users\zgl18\AppData\Local\Temp\diag-level-work\RobWork\RobWorkSim\src\rwsimlibs\bullet\BtContactStrategy.cpp(331,46): warning C4244:         [ [C:\Users\zgl18\AppData\Local\Temp\diag-level-work\build\RobWorkSim\src\rwsimlibs\bullet\sdurwsim_bullet.vcxproj]
C:\Users\zgl18\AppData\Local\Temp\diag-level-work\RobWork\RobWorkSim\src\rwsimlibs\bullet\BtContactStrategy.cpp(331,46): warning C4244:             T=double [C:\Users\zgl18\AppData\Local\Temp\diag-level-work\build\RobWorkSim\src\rwsimlibs\bullet\sdurwsim_bullet.vcxproj]
C:\Users\zgl18\AppData\Local\Temp\diag-level-work\RobWork\RobWorkSim\src\rwsimlibs\bullet\BtContactStrategy.cpp(331,46): warning C4244:         ] [C:\Users\zgl18\AppData\Local\Temp\diag-level-work\build\RobWorkSim\src\rwsimlibs\bullet\sdurwsim_bullet.vcxproj]
C:\Users\zgl18\AppData\Local\Temp\diag-level-work\RobWork\RobWorkSim\src\rwsimlibs\bullet\BtContactStrategy.cpp(331,35): warning C4244: “参数”: 从“const T”转换到“const btScalar”，可能丢失数据 [C:\Users\zgl18\AppData\Local\Temp\diag-level-work\build\RobWorkSim\src\rwsimlibs\bullet\sdurwsim_bullet.vcxproj]
C:\Users\zgl18\AppData\Local\Temp\diag-level-work\RobWork\RobWorkSim\src\rwsimlibs\bullet\BtContactStrategy.cpp(331,35): warning C4244:         with [C:\Users\zgl18\AppData\Local\Temp\diag-level-work\build\RobWorkSim\src\rwsimlibs\bullet\sdurwsim_bullet.vcxproj]
C:\Users\zgl18\AppData\Local\Temp\diag-level-work\RobWork\RobWorkSim\src\rwsimlibs\bullet\BtContactStrategy.cpp(331,35): warning C4244:         [ [C:\Users\zgl18\AppData\Local\Temp\diag-level-work\build\RobWorkSim\src\rwsimlibs\bullet\sdurwsim_bullet.vcxproj]
C:\Users\zgl18\AppData\Local\Temp\diag-level-work\RobWork\RobWorkSim\src\rwsimlibs\bullet\BtContactStrategy.cpp(331,35): warning C4244:             T=double [C:\Users\zgl18\AppData\Local\Temp\diag-level-work\build\RobWorkSim\src\rwsimlibs\bullet\sdurwsim_bullet.vcxproj]
C:\Users\zgl18\AppData\Local\Temp\diag-level-work\RobWork\RobWorkSim\src\rwsimlibs\bullet\BtContactStrategy.cpp(331,35): warning C4244:         ] [C:\Users\zgl18\AppData\Local\Temp\diag-level-work\build\RobWorkSim\src\rwsimlibs\bullet\sdurwsim_bullet.vcxproj]
C:\Users\zgl18\AppData\Local\Temp\diag-level-work\RobWork\RobWorkSim\src\rwsimlibs\bullet\BtVelocityDevice.cpp(46,46): warning C4244: “参数”: 从“const double”转换到“btScalar”，可能丢失数据 [C:\Users\zgl18\AppData\Local\Temp\diag-level-work\build\RobWorkSim\src\rwsimlibs\bullet\sdurwsim_bullet.vcxproj]
C:\Users\zgl18\AppData\Local\Temp\diag-level-work\RobWork\RobWorkSim\src\rwsimlibs\bullet\BtVelocityDevice.cpp(51,48): warning C4244: “参数”: 从“const double”转换到“btScalar”，可能丢失数据 [C:\Users\zgl18\AppData\Local\Temp\diag-level-work\build\RobWorkSim\src\rwsimlibs\bullet\sdurwsim_bullet.vcxproj]
C:\Users\zgl18\AppData\Local\Temp\diag-level-work\RobWork\RobWorkSim\src\rwsimlibs\bullet\BtRWCollisionAlgorithm.cpp(117,31): warning C4244: “初始化”: 从“double”转换到“btScalar”，可能丢失数据 [C:\Users\zgl18\AppData\Local\Temp\diag-level-work\build\RobWorkSim\src\rwsimlibs\bullet\sdurwsim_bullet.vcxproj]
C:\Users\zgl18\AppData\Local\Temp\diag-level-work\RobWork\RobWorkSim\src\rwsimlibs\bullet\BtRWCollisionAlgorithm.cpp(117,29): warning C4244: “初始化”: 从“double”转换到“const btScalar”，可能丢失数据 [C:\Users\zgl18\AppData\Local\Temp\diag-level-work\build\RobWorkSim\src\rwsimlibs\bullet\sdurwsim_bullet.vcxproj]
C:\Users\zgl18\AppData\Local\Temp\diag-level-work\RobWork\RobWorkSim\src\rwsimlibs\bullet\BtBody.cpp(183,9): warning C4244: “参数”: 从“double”转换到“btScalar”，可能丢失数据 [C:\Users\zgl18\AppData\Local\Temp\diag-level-work\build\RobWorkSim\src\rwsimlibs\bullet\sdurwsim_bullet.vcxproj]
C:\Users\zgl18\AppData\Local\Temp\diag-level-work\RobWork\RobWorkSim\src\rwsimlibs\bullet\BtBody.cpp(238,78): warning C4244: “参数”: 从“double”转换到“const btScalar”，可能丢失数据 [C:\Users\zgl18\AppData\Local\Temp\diag-level-work\build\RobWorkSim\src\rwsimlibs\bullet\sdurwsim_bullet.vcxproj]
C:\Users\zgl18\AppData\Local\Temp\diag-level-work\RobWork\RobWorkSim\src\rwsimlibs\bullet\BtBody.cpp(238,53): warning C4244: “参数”: 从“double”转换到“const btScalar”，可能丢失数据 [C:\Users\zgl18\AppData\Local\Temp\diag-level-work\build\RobWorkSim\src\rwsimlibs\bullet\sdurwsim_bullet.vcxproj]
C:\Users\zgl18\AppData\Local\Temp\diag-level-work\RobWork\RobWorkSim\src\rwsimlibs\bullet\BtBody.cpp(242,54): warning C4244: “参数”: 从“double”转换到“btScalar”，可能丢失数据 [C:\Users\zgl18\AppData\Local\Temp\diag-level-work\build\RobWorkSim\src\rwsimlibs\bullet\sdurwsim_bullet.vcxproj]
C:\Users\zgl18\AppData\Local\Temp\diag-level-work\RobWork\RobWorkSim\src\rwsimlibs\bullet\BtBody.cpp(246,65): warning C4244: “参数”: 从“double”转换到“btScalar”，可能丢失数据 [C:\Users\zgl18\AppData\Local\Temp\diag-level-work\build\RobWorkSim\src\rwsimlibs\bullet\sdurwsim_bullet.vcxproj]
C:\Users\zgl18\AppData\Local\Temp\diag-level-work\RobWork\RobWorkSim\src\rwsimlibs\bullet\BtBody.cpp(254,57): warning C4244: “参数”: 从“const T”转换到“const btScalar”，可能丢失数据 [C:\Users\zgl18\AppData\Local\Temp\diag-level-work\build\RobWorkSim\src\rwsimlibs\bullet\sdurwsim_bullet.vcxproj]
C:\Users\zgl18\AppData\Local\Temp\diag-level-work\RobWork\RobWorkSim\src\rwsimlibs\bullet\BtBody.cpp(254,57): warning C4244:         with [C:\Users\zgl18\AppData\Local\Temp\diag-level-work\build\RobWorkSim\src\rwsimlibs\bullet\sdurwsim_bullet.vcxproj]
C:\Users\zgl18\AppData\Local\Temp\diag-level-work\RobWork\RobWorkSim\src\rwsimlibs\bullet\BtBody.cpp(254,57): warning C4244:         [ [C:\Users\zgl18\AppData\Local\Temp\diag-level-work\build\RobWorkSim\src\rwsimlibs\bullet\sdurwsim_bullet.vcxproj]
C:\Users\zgl18\AppData\Local\Temp\diag-level-work\RobWork\RobWorkSim\src\rwsimlibs\bullet\BtBody.cpp(254,57): warning C4244:             T=double [C:\Users\zgl18\AppData\Local\Temp\diag-level-work\build\RobWorkSim\src\rwsimlibs\bullet\sdurwsim_bullet.vcxproj]
C:\Users\zgl18\AppData\Local\Temp\diag-level-work\RobWork\RobWorkSim\src\rwsimlibs\bullet\BtBody.cpp(254,57): warning C4244:         ] [C:\Users\zgl18\AppData\Local\Temp\diag-level-work\build\RobWorkSim\src\rwsimlibs\bullet\sdurwsim_bullet.vcxproj]
C:\Users\zgl18\AppData\Local\Temp\diag-level-work\RobWork\RobWorkSim\src\rwsimlibs\bullet\BtBody.cpp(254,46): warning C4244: “参数”: 从“const T”转换到“const btScalar”，可能丢失数据 [C:\Users\zgl18\AppData\Local\Temp\diag-level-work\build\RobWorkSim\src\rwsimlibs\bullet\sdurwsim_bullet.vcxproj]
C:\Users\zgl18\AppData\Local\Temp\diag-level-work\RobWork\RobWorkSim\src\rwsimlibs\bullet\BtBody.cpp(254,46): warning C4244:         with [C:\Users\zgl18\AppData\Local\Temp\diag-level-work\build\RobWorkSim\src\rwsimlibs\bullet\sdurwsim_bullet.vcxproj]
C:\Users\zgl18\AppData\Local\Temp\diag-level-work\RobWork\RobWorkSim\src\rwsimlibs\bullet\BtBody.cpp(254,46): warning C4244:         [ [C:\Users\zgl18\AppData\Local\Temp\diag-level-work\build\RobWorkSim\src\rwsimlibs\bullet\sdurwsim_bullet.vcxproj]
C:\Users\zgl18\AppData\Local\Temp\diag-level-work\RobWork\RobWorkSim\src\rwsimlibs\bullet\BtBody.cpp(254,46): warning C4244:             T=double [C:\Users\zgl18\AppData\Local\Temp\diag-level-work\build\RobWorkSim\src\rwsimlibs\bullet\sdurwsim_bullet.vcxproj]
C:\Users\zgl18\AppData\Local\Temp\diag-level-work\RobWork\RobWorkSim\src\rwsimlibs\bullet\BtBody.cpp(254,46): warning C4244:         ] [C:\Users\zgl18\AppData\Local\Temp\diag-level-work\build\RobWorkSim\src\rwsimlibs\bullet\sdurwsim_bullet.vcxproj]
C:\Users\zgl18\AppData\Local\Temp\diag-level-work\RobWork\RobWorkSim\src\rwsimlibs\bullet\BtBody.cpp(254,35): warning C4244: “参数”: 从“const T”转换到“const btScalar”，可能丢失数据 [C:\Users\zgl18\AppData\Local\Temp\diag-level-work\build\RobWorkSim\src\rwsimlibs\bullet\sdurwsim_bullet.vcxproj]
C:\Users\zgl18\AppData\Local\Temp\diag-level-work\RobWork\RobWorkSim\src\rwsimlibs\bullet\BtBody.cpp(254,35): warning C4244:         with [C:\Users\zgl18\AppData\Local\Temp\diag-level-work\build\RobWorkSim\src\rwsimlibs\bullet\sdurwsim_bullet.vcxproj]
C:\Users\zgl18\AppData\Local\Temp\diag-level-work\RobWork\RobWorkSim\src\rwsimlibs\bullet\BtBody.cpp(254,35): warning C4244:         [ [C:\Users\zgl18\AppData\Local\Temp\diag-level-work\build\RobWorkSim\src\rwsimlibs\bullet\sdurwsim_bullet.vcxproj]
C:\Users\zgl18\AppData\Local\Temp\diag-level-work\RobWork\RobWorkSim\src\rwsimlibs\bullet\BtBody.cpp(254,35): warning C4244:             T=double [C:\Users\zgl18\AppData\Local\Temp\diag-level-work\build\RobWorkSim\src\rwsimlibs\bullet\sdurwsim_bullet.vcxproj]
C:\Users\zgl18\AppData\Local\Temp\diag-level-work\RobWork\RobWorkSim\src\rwsimlibs\bullet\BtBody.cpp(254,35): warning C4244:         ] [C:\Users\zgl18\AppData\Local\Temp\diag-level-work\build\RobWorkSim\src\rwsimlibs\bullet\sdurwsim_bullet.vcxproj]
C:\Users\zgl18\AppData\Local\Temp\diag-level-work\RobWork\RobWorkSim\src\rwsimlibs\bullet\BtBody.cpp(255,57): warning C4244: “参数”: 从“const T”转换到“const btScalar”，可能丢失数据 [C:\Users\zgl18\AppData\Local\Temp\diag-level-work\build\RobWorkSim\src\rwsimlibs\bullet\sdurwsim_bullet.vcxproj]
C:\Users\zgl18\AppData\Local\Temp\diag-level-work\RobWork\RobWorkSim\src\rwsimlibs\bullet\BtBody.cpp(255,57): warning C4244:         with [C:\Users\zgl18\AppData\Local\Temp\diag-level-work\build\RobWorkSim\src\rwsimlibs\bullet\sdurwsim_bullet.vcxproj]
C:\Users\zgl18\AppData\Local\Temp\diag-level-work\RobWork\RobWorkSim\src\rwsimlibs\bullet\BtBody.cpp(255,57): warning C4244:         [ [C:\Users\zgl18\AppData\Local\Temp\diag-level-work\build\RobWorkSim\src\rwsimlibs\bullet\sdurwsim_bullet.vcxproj]
C:\Users\zgl18\AppData\Local\Temp\diag-level-work\RobWork\RobWorkSim\src\rwsimlibs\bullet\BtBody.cpp(255,57): warning C4244:             T=double [C:\Users\zgl18\AppData\Local\Temp\diag-level-work\build\RobWorkSim\src\rwsimlibs\bullet\sdurwsim_bullet.vcxproj]
C:\Users\zgl18\AppData\Local\Temp\diag-level-work\RobWork\RobWorkSim\src\rwsimlibs\bullet\BtBody.cpp(255,57): warning C4244:         ] [C:\Users\zgl18\AppData\Local\Temp\diag-level-work\build\RobWorkSim\src\rwsimlibs\bullet\sdurwsim_bullet.vcxproj]
C:\Users\zgl18\AppData\Local\Temp\diag-level-work\RobWork\RobWorkSim\src\rwsimlibs\bullet\BtBody.cpp(255,46): warning C4244: “参数”: 从“const T”转换到“const btScalar”，可能丢失数据 [C:\Users\zgl18\AppData\Local\Temp\diag-level-work\build\RobWorkSim\src\rwsimlibs\bullet\sdurwsim_bullet.vcxproj]
C:\Users\zgl18\AppData\Local\Temp\diag-level-work\RobWork\RobWorkSim\src\rwsimlibs\bullet\BtBody.cpp(255,46): warning C4244:         with [C:\Users\zgl18\AppData\Local\Temp\diag-level-work\build\RobWorkSim\src\rwsimlibs\bullet\sdurwsim_bullet.vcxproj]
C:\Users\zgl18\AppData\Local\Temp\diag-level-work\RobWork\RobWorkSim\src\rwsimlibs\bullet\BtBody.cpp(255,46): warning C4244:         [ [C:\Users\zgl18\AppData\Local\Temp\diag-level-work\build\RobWorkSim\src\rwsimlibs\bullet\sdurwsim_bullet.vcxproj]
C:\Users\zgl18\AppData\Local\Temp\diag-level-work\RobWork\RobWorkSim\src\rwsimlibs\bullet\BtBody.cpp(255,46): warning C4244:             T=double [C:\Users\zgl18\AppData\Local\Temp\diag-level-work\build\RobWorkSim\src\rwsimlibs\bullet\sdurwsim_bullet.vcxproj]
C:\Users\zgl18\AppData\Local\Temp\diag-level-work\RobWork\RobWorkSim\src\rwsimlibs\bullet\BtBody.cpp(255,46): warning C4244:         ] [C:\Users\zgl18\AppData\Local\Temp\diag-level-work\build\RobWorkSim\src\rwsimlibs\bullet\sdurwsim_bullet.vcxproj]
C:\Users\zgl18\AppData\Local\Temp\diag-level-work\RobWork\RobWorkSim\src\rwsimlibs\bullet\BtBody.cpp(255,35): warning C4244: “参数”: 从“const T”转换到“const btScalar”，可能丢失数据 [C:\Users\zgl18\AppData\Local\Temp\diag-level-work\build\RobWorkSim\src\rwsimlibs\bullet\sdurwsim_bullet.vcxproj]
C:\Users\zgl18\AppData\Local\Temp\diag-level-work\RobWork\RobWorkSim\src\rwsimlibs\bullet\BtBody.cpp(255,35): warning C4244:         with [C:\Users\zgl18\AppData\Local\Temp\diag-level-work\build\RobWorkSim\src\rwsimlibs\bullet\sdurwsim_bullet.vcxproj]
C:\Users\zgl18\AppData\Local\Temp\diag-level-work\RobWork\RobWorkSim\src\rwsimlibs\bullet\BtBody.cpp(255,35): warning C4244:         [ [C:\Users\zgl18\AppData\Local\Temp\diag-level-work\build\RobWorkSim\src\rwsimlibs\bullet\sdurwsim_bullet.vcxproj]
C:\Users\zgl18\AppData\Local\Temp\diag-level-work\RobWork\RobWorkSim\src\rwsimlibs\bullet\BtBody.cpp(255,35): warning C4244:             T=double [C:\Users\zgl18\AppData\Local\Temp\diag-level-work\build\RobWorkSim\src\rwsimlibs\bullet\sdurwsim_bullet.vcxproj]
C:\Users\zgl18\AppData\Local\Temp\diag-level-work\RobWork\RobWorkSim\src\rwsimlibs\bullet\BtBody.cpp(255,35): warning C4244:         ] [C:\Users\zgl18\AppData\Local\Temp\diag-level-work\build\RobWorkSim\src\rwsimlibs\bullet\sdurwsim_bullet.vcxproj]
C:\Users\zgl18\AppData\Local\Temp\diag-level-work\RobWork\RobWorkSim\src\rwsimlibs\bullet\BtBody.cpp(256,57): warning C4244: “参数”: 从“const T”转换到“const btScalar”，可能丢失数据 [C:\Users\zgl18\AppData\Local\Temp\diag-level-work\build\RobWorkSim\src\rwsimlibs\bullet\sdurwsim_bullet.vcxproj]
C:\Users\zgl18\AppData\Local\Temp\diag-level-work\RobWork\RobWorkSim\src\rwsimlibs\bullet\BtBody.cpp(256,57): warning C4244:         with [C:\Users\zgl18\AppData\Local\Temp\diag-level-work\build\RobWorkSim\src\rwsimlibs\bullet\sdurwsim_bullet.vcxproj]
C:\Users\zgl18\AppData\Local\Temp\diag-level-work\RobWork\RobWorkSim\src\rwsimlibs\bullet\BtBody.cpp(256,57): warning C4244:         [ [C:\Users\zgl18\AppData\Local\Temp\diag-level-work\build\RobWorkSim\src\rwsimlibs\bullet\sdurwsim_bullet.vcxproj]
C:\Users\zgl18\AppData\Local\Temp\diag-level-work\RobWork\RobWorkSim\src\rwsimlibs\bullet\BtBody.cpp(256,57): warning C4244:             T=double [C:\Users\zgl18\AppData\Local\Temp\diag-level-work\build\RobWorkSim\src\rwsimlibs\bullet\sdurwsim_bullet.vcxproj]
C:\Users\zgl18\AppData\Local\Temp\diag-level-work\RobWork\RobWorkSim\src\rwsimlibs\bullet\BtBody.cpp(256,57): warning C4244:         ] [C:\Users\zgl18\AppData\Local\Temp\diag-level-work\build\RobWorkSim\src\rwsimlibs\bullet\sdurwsim_bullet.vcxproj]
C:\Users\zgl18\AppData\Local\Temp\diag-level-work\RobWork\RobWorkSim\src\rwsimlibs\bullet\BtBody.cpp(256,46): warning C4244: “参数”: 从“const T”转换到“const btScalar”，可能丢失数据 [C:\Users\zgl18\AppData\Local\Temp\diag-level-work\build\RobWorkSim\src\rwsimlibs\bullet\sdurwsim_bullet.vcxproj]
C:\Users\zgl18\AppData\Local\Temp\diag-level-work\RobWork\RobWorkSim\src\rwsimlibs\bullet\BtBody.cpp(256,46): warning C4244:         with [C:\Users\zgl18\AppData\Local\Temp\diag-level-work\build\RobWorkSim\src\rwsimlibs\bullet\sdurwsim_bullet.vcxproj]
C:\Users\zgl18\AppData\Local\Temp\diag-level-work\RobWork\RobWorkSim\src\rwsimlibs\bullet\BtBody.cpp(256,46): warning C4244:         [ [C:\Users\zgl18\AppData\Local\Temp\diag-level-work\build\RobWorkSim\src\rwsimlibs\bullet\sdurwsim_bullet.vcxproj]
C:\Users\zgl18\AppData\Local\Temp\diag-level-work\RobWork\RobWorkSim\src\rwsimlibs\bullet\BtBody.cpp(256,46): warning C4244:             T=double [C:\Users\zgl18\AppData\Local\Temp\diag-level-work\build\RobWorkSim\src\rwsimlibs\bullet\sdurwsim_bullet.vcxproj]
C:\Users\zgl18\AppData\Local\Temp\diag-level-work\RobWork\RobWorkSim\src\rwsimlibs\bullet\BtBody.cpp(256,46): warning C4244:         ] [C:\Users\zgl18\AppData\Local\Temp\diag-level-work\build\RobWorkSim\src\rwsimlibs\bullet\sdurwsim_bullet.vcxproj]
C:\Users\zgl18\AppData\Local\Temp\diag-level-work\RobWork\RobWorkSim\src\rwsimlibs\bullet\BtBody.cpp(256,35): warning C4244: “参数”: 从“const T”转换到“const btScalar”，可能丢失数据 [C:\Users\zgl18\AppData\Local\Temp\diag-level-work\build\RobWorkSim\src\rwsimlibs\bullet\sdurwsim_bullet.vcxproj]
C:\Users\zgl18\AppData\Local\Temp\diag-level-work\RobWork\RobWorkSim\src\rwsimlibs\bullet\BtBody.cpp(256,35): warning C4244:         with [C:\Users\zgl18\AppData\Local\Temp\diag-level-work\build\RobWorkSim\src\rwsimlibs\bullet\sdurwsim_bullet.vcxproj]
C:\Users\zgl18\AppData\Local\Temp\diag-level-work\RobWork\RobWorkSim\src\rwsimlibs\bullet\BtBody.cpp(256,35): warning C4244:         [ [C:\Users\zgl18\AppData\Local\Temp\diag-level-work\build\RobWorkSim\src\rwsimlibs\bullet\sdurwsim_bullet.vcxproj]
C:\Users\zgl18\AppData\Local\Temp\diag-level-work\RobWork\RobWorkSim\src\rwsimlibs\bullet\BtBody.cpp(256,35): warning C4244:             T=double [C:\Users\zgl18\AppData\Local\Temp\diag-level-work\build\RobWorkSim\src\rwsimlibs\bullet\sdurwsim_bullet.vcxproj]
C:\Users\zgl18\AppData\Local\Temp\diag-level-work\RobWork\RobWorkSim\src\rwsimlibs\bullet\BtBody.cpp(256,35): warning C4244:         ] [C:\Users\zgl18\AppData\Local\Temp\diag-level-work\build\RobWorkSim\src\rwsimlibs\bullet\sdurwsim_bullet.vcxproj]
C:\Users\zgl18\AppData\Local\Temp\diag-level-work\RobWork\RobWorkSim\src\rwsimlibs\bullet\BtBody.cpp(265,30): warning C4305: “参数”: 从“double”到“btScalar”截断 [C:\Users\zgl18\AppData\Local\Temp\diag-level-work\build\RobWorkSim\src\rwsimlibs\bullet\sdurwsim_bullet.vcxproj]
C:\Users\zgl18\AppData\Local\Temp\diag-level-work\RobWork\RobWorkSim\src\rwsimlibs\bullet\BtTactileSensor.cpp(116,79): warning C4244: “初始化”: 从“double”转换到“btScalar”，可能丢失数据 [C:\Users\zgl18\AppData\Local\Temp\diag-level-work\build\RobWorkSim\src\rwsimlibs\bullet\sdurwsim_bullet.vcxproj]
C:\Users\zgl18\AppData\Local\Temp\diag-level-work\RobWork\RobWorkSim\src\rwsimlibs\bullet\BtTactileSensor.cpp(116,50): warning C4244: “初始化”: 从“double”转换到“const btScalar”，可能丢失数据 [C:\Users\zgl18\AppData\Local\Temp\diag-level-work\build\RobWorkSim\src\rwsimlibs\bullet\sdurwsim_bullet.vcxproj]
C:\Users\zgl18\AppData\Local\Temp\diag-level-work\RobWork\RobWorkSim\src\rwsimlibs\bullet\BtTactileSensor.cpp(126,79): warning C4244: “初始化”: 从“double”转换到“btScalar”，可能丢失数据 [C:\Users\zgl18\AppData\Local\Temp\diag-level-work\build\RobWorkSim\src\rwsimlibs\bullet\sdurwsim_bullet.vcxproj]
C:\Users\zgl18\AppData\Local\Temp\diag-level-work\RobWork\RobWorkSim\src\rwsimlibs\bullet\BtTactileSensor.cpp(126,50): warning C4244: “初始化”: 从“double”转换到“const btScalar”，可能丢失数据 [C:\Users\zgl18\AppData\Local\Temp\diag-level-work\build\RobWorkSim\src\rwsimlibs\bullet\sdurwsim_bullet.vcxproj]
C:\Users\zgl18\AppData\Local\Temp\diag-level-work\RobWork\RobWorkSim\src\rwsimlibs\bullet\BtTactileSensor.cpp(138,79): warning C4244: “初始化”: 从“double”转换到“btScalar”，可能丢失数据 [C:\Users\zgl18\AppData\Local\Temp\diag-level-work\build\RobWorkSim\src\rwsimlibs\bullet\sdurwsim_bullet.vcxproj]
C:\Users\zgl18\AppData\Local\Temp\diag-level-work\RobWork\RobWorkSim\src\rwsimlibs\bullet\BtTactileSensor.cpp(138,50): warning C4244: “初始化”: 从“double”转换到“const btScalar”，可能丢失数据 [C:\Users\zgl18\AppData\Local\Temp\diag-level-work\build\RobWorkSim\src\rwsimlibs\bullet\sdurwsim_bullet.vcxproj]
C:\Users\zgl18\AppData\Local\Temp\diag-level-work\RobWork\RobWorkSim\src\rwsimlibs\bullet\BtTactileSensor.cpp(147,79): warning C4244: “初始化”: 从“double”转换到“btScalar”，可能丢失数据 [C:\Users\zgl18\AppData\Local\Temp\diag-level-work\build\RobWorkSim\src\rwsimlibs\bullet\sdurwsim_bullet.vcxproj]
C:\Users\zgl18\AppData\Local\Temp\diag-level-work\RobWork\RobWorkSim\src\rwsimlibs\bullet\BtTactileSensor.cpp(147,50): warning C4244: “初始化”: 从“double”转换到“const btScalar”，可能丢失数据 [C:\Users\zgl18\AppData\Local\Temp\diag-level-work\build\RobWorkSim\src\rwsimlibs\bullet\sdurwsim_bullet.vcxproj]
C:\Users\zgl18\AppData\Local\Temp\diag-level-work\RobWork\RobWorkSim\src\rwsimlibs\bullet\BtConstraint.cpp(134,17): warning C4305: “参数”: 从“double”到“btScalar”截断 [C:\Users\zgl18\AppData\Local\Temp\diag-level-work\build\RobWorkSim\src\rwsimlibs\bullet\sdurwsim_bullet.vcxproj]
C:\Users\zgl18\AppData\Local\Temp\diag-level-work\RobWork\RobWorkSim\src\rwsimlibs\bullet\BtConstraint.cpp(165,47): warning C4244: “参数”: 从“double”转换到“btScalar”，可能丢失数据 [C:\Users\zgl18\AppData\Local\Temp\diag-level-work\build\RobWorkSim\src\rwsimlibs\bullet\sdurwsim_bullet.vcxproj]
C:\Users\zgl18\AppData\Local\Temp\diag-level-work\RobWork\RobWorkSim\src\rwsimlibs\bullet\BtConstraint.cpp(166,57): warning C4244: “参数”: 从“const double”转换到“btScalar”，可能丢失数据 [C:\Users\zgl18\AppData\Local\Temp\diag-level-work\build\RobWorkSim\src\rwsimlibs\bullet\sdurwsim_bullet.vcxproj]
C:\Users\zgl18\AppData\Local\Temp\diag-level-work\RobWork\RobWorkSim\src\rwsimlibs\bullet\BtConstraint.cpp(202,47): warning C4244: “参数”: 从“double”转换到“btScalar”，可能丢失数据 [C:\Users\zgl18\AppData\Local\Temp\diag-level-work\build\RobWorkSim\src\rwsimlibs\bullet\sdurwsim_bullet.vcxproj]
C:\Users\zgl18\AppData\Local\Temp\diag-level-work\RobWork\RobWorkSim\src\rwsimlibs\bullet\BtConstraint.cpp(203,57): warning C4244: “参数”: 从“const double”转换到“btScalar”，可能丢失数据 [C:\Users\zgl18\AppData\Local\Temp\diag-level-work\build\RobWorkSim\src\rwsimlibs\bullet\sdurwsim_bullet.vcxproj]
C:\Users\zgl18\AppData\Local\Temp\diag-level-work\RobWork\RobWorkSim\src\rwsimlibs\bullet\BtConstraint.cpp(235,59): warning C4244: “参数”: 从“double”转换到“btScalar”，可能丢失数据 [C:\Users\zgl18\AppData\Local\Temp\diag-level-work\build\RobWorkSim\src\rwsimlibs\bullet\sdurwsim_bullet.vcxproj]
C:\Users\zgl18\AppData\Local\Temp\diag-level-work\RobWork\RobWorkSim\src\rwsimlibs\bullet\BtConstraint.cpp(236,69): warning C4244: “参数”: 从“const double”转换到“btScalar”，可能丢失数据 [C:\Users\zgl18\AppData\Local\Temp\diag-level-work\build\RobWorkSim\src\rwsimlibs\bullet\sdurwsim_bullet.vcxproj]
C:\Users\zgl18\AppData\Local\Temp\diag-level-work\RobWork\RobWorkSim\src\rwsimlibs\bullet\BtConstraint.cpp(266,63): warning C4244: “参数”: 从“double”转换到“btScalar”，可能丢失数据 [C:\Users\zgl18\AppData\Local\Temp\diag-level-work\build\RobWorkSim\src\rwsimlibs\bullet\sdurwsim_bullet.vcxproj]
C:\Users\zgl18\AppData\Local\Temp\diag-level-work\RobWork\RobWorkSim\src\rwsimlibs\bullet\BtConstraint.cpp(267,73): warning C4244: “参数”: 从“const double”转换到“btScalar”，可能丢失数据 [C:\Users\zgl18\AppData\Local\Temp\diag-level-work\build\RobWorkSim\src\rwsimlibs\bullet\sdurwsim_bullet.vcxproj]
C:\Users\zgl18\AppData\Local\Temp\diag-level-work\RobWork\RobWorkSim\src\rwsimlibs\bullet\BtConstraint.cpp(296,63): warning C4244: “参数”: 从“double”转换到“btScalar”，可能丢失数据 [C:\Users\zgl18\AppData\Local\Temp\diag-level-work\build\RobWorkSim\src\rwsimlibs\bullet\sdurwsim_bullet.vcxproj]
C:\Users\zgl18\AppData\Local\Temp\diag-level-work\RobWork\RobWorkSim\src\rwsimlibs\bullet\BtConstraint.cpp(297,73): warning C4244: “参数”: 从“const double”转换到“btScalar”，可能丢失数据 [C:\Users\zgl18\AppData\Local\Temp\diag-level-work\build\RobWorkSim\src\rwsimlibs\bullet\sdurwsim_bullet.vcxproj]
C:\Users\zgl18\AppData\Local\Temp\diag-level-work\RobWork\RobWorkSim\src\rwsimlibs\bullet\BtConstraint.cpp(341,59): warning C4244: “参数”: 从“double”转换到“btScalar”，可能丢失数据 [C:\Users\zgl18\AppData\Local\Temp\diag-level-work\build\RobWorkSim\src\rwsimlibs\bullet\sdurwsim_bullet.vcxproj]
C:\Users\zgl18\AppData\Local\Temp\diag-level-work\RobWork\RobWorkSim\src\rwsimlibs\bullet\BtConstraint.cpp(342,69): warning C4244: “参数”: 从“const double”转换到“btScalar”，可能丢失数据 [C:\Users\zgl18\AppData\Local\Temp\diag-level-work\build\RobWorkSim\src\rwsimlibs\bullet\sdurwsim_bullet.vcxproj]
C:\Users\zgl18\AppData\Local\Temp\diag-level-work\RobWork\RobWorkSim\src\rwsimlibs\bullet\BtConstraint.cpp(374,59): warning C4244: “参数”: 从“double”转换到“btScalar”，可能丢失数据 [C:\Users\zgl18\AppData\Local\Temp\diag-level-work\build\RobWorkSim\src\rwsimlibs\bullet\sdurwsim_bullet.vcxproj]
C:\Users\zgl18\AppData\Local\Temp\diag-level-work\RobWork\RobWorkSim\src\rwsimlibs\bullet\BtConstraint.cpp(375,69): warning C4244: “参数”: 从“const double”转换到“btScalar”，可能丢失数据 [C:\Users\zgl18\AppData\Local\Temp\diag-level-work\build\RobWorkSim\src\rwsimlibs\bullet\sdurwsim_bullet.vcxproj]
C:\Users\zgl18\AppData\Local\Temp\diag-level-work\RobWork\RobWorkSim\src\rwsimlibs\bullet\BtConstraint.cpp(405,57): warning C4244: “参数”: 从“double”转换到“btScalar”，可能丢失数据 [C:\Users\zgl18\AppData\Local\Temp\diag-level-work\build\RobWorkSim\src\rwsimlibs\bullet\sdurwsim_bullet.vcxproj]
C:\Users\zgl18\AppData\Local\Temp\diag-level-work\RobWork\RobWorkSim\src\rwsimlibs\bullet\BtConstraint.cpp(417,57): warning C4244: “参数”: 从“T”转换到“btScalar”，可能丢失数据 [C:\Users\zgl18\AppData\Local\Temp\diag-level-work\build\RobWorkSim\src\rwsimlibs\bullet\sdurwsim_bullet.vcxproj]
C:\Users\zgl18\AppData\Local\Temp\diag-level-work\RobWork\RobWorkSim\src\rwsimlibs\bullet\BtConstraint.cpp(417,57): warning C4244:         with [C:\Users\zgl18\AppData\Local\Temp\diag-level-work\build\RobWorkSim\src\rwsimlibs\bullet\sdurwsim_bullet.vcxproj]
C:\Users\zgl18\AppData\Local\Temp\diag-level-work\RobWork\RobWorkSim\src\rwsimlibs\bullet\BtConstraint.cpp(417,57): warning C4244:         [ [C:\Users\zgl18\AppData\Local\Temp\diag-level-work\build\RobWorkSim\src\rwsimlibs\bullet\sdurwsim_bullet.vcxproj]
C:\Users\zgl18\AppData\Local\Temp\diag-level-work\RobWork\RobWorkSim\src\rwsimlibs\bullet\BtConstraint.cpp(417,57): warning C4244:             T=double [C:\Users\zgl18\AppData\Local\Temp\diag-level-work\build\RobWorkSim\src\rwsimlibs\bullet\sdurwsim_bullet.vcxproj]
C:\Users\zgl18\AppData\Local\Temp\diag-level-work\RobWork\RobWorkSim\src\rwsimlibs\bullet\BtConstraint.cpp(417,57): warning C4244:         ] [C:\Users\zgl18\AppData\Local\Temp\diag-level-work\build\RobWorkSim\src\rwsimlibs\bullet\sdurwsim_bullet.vcxproj]
C:\Users\zgl18\AppData\Local\Temp\diag-level-work\RobWork\RobWorkSim\src\rwsimlibs\bullet\BtSimulator.cpp(135,49): warning C4244: “参数”: 从“double”转换到“btScalar”，可能丢失数据 [C:\Users\zgl18\AppData\Local\Temp\diag-level-work\build\RobWorkSim\src\rwsimlibs\bullet\sdurwsim_bullet.vcxproj]
C:\Users\zgl18\AppData\Local\Temp\diag-level-work\RobWork\RobWorkSim\src\rwsimlibs\bullet\BtSimulator.cpp(135,42): warning C4244: “参数”: 从“double”转换到“btScalar”，可能丢失数据 [C:\Users\zgl18\AppData\Local\Temp\diag-level-work\build\RobWorkSim\src\rwsimlibs\bullet\sdurwsim_bullet.vcxproj]
C:\Users\zgl18\AppData\Local\Temp\diag-level-work\RobWork\RobWorkSim\src\rwsimlibs\bullet\BtSimulator.cpp(280,56): warning C4244: “=”: 从“double”转换到“btScalar”，可能丢失数据 [C:\Users\zgl18\AppData\Local\Temp\diag-level-work\build\RobWorkSim\src\rwsimlibs\bullet\sdurwsim_bullet.vcxproj]
C:\Users\zgl18\AppData\Local\Temp\diag-level-work\RobWork\RobWorkSim\src\rwsimlibs\bullet\BtSimulator.cpp(281,59): warning C4244: “=”: 从“double”转换到“btScalar”，可能丢失数据 [C:\Users\zgl18\AppData\Local\Temp\diag-level-work\build\RobWorkSim\src\rwsimlibs\bullet\sdurwsim_bullet.vcxproj]
C:\Users\zgl18\AppData\Local\Temp\diag-level-work\RobWork\RobWorkSim\src\rwsimlibs\bullet\BtSimulator.cpp(326,82): warning C4244: “=”: 从“const T”转换到“btScalar”，可能丢失数据 [C:\Users\zgl18\AppData\Local\Temp\diag-level-work\build\RobWorkSim\src\rwsimlibs\bullet\sdurwsim_bullet.vcxproj]
C:\Users\zgl18\AppData\Local\Temp\diag-level-work\RobWork\RobWorkSim\src\rwsimlibs\bullet\BtSimulator.cpp(326,82): warning C4244:         with [C:\Users\zgl18\AppData\Local\Temp\diag-level-work\build\RobWorkSim\src\rwsimlibs\bullet\sdurwsim_bullet.vcxproj]
C:\Users\zgl18\AppData\Local\Temp\diag-level-work\RobWork\RobWorkSim\src\rwsimlibs\bullet\BtSimulator.cpp(326,82): warning C4244:         [ [C:\Users\zgl18\AppData\Local\Temp\diag-level-work\build\RobWorkSim\src\rwsimlibs\bullet\sdurwsim_bullet.vcxproj]
C:\Users\zgl18\AppData\Local\Temp\diag-level-work\RobWork\RobWorkSim\src\rwsimlibs\bullet\BtSimulator.cpp(326,82): warning C4244:             T=double [C:\Users\zgl18\AppData\Local\Temp\diag-level-work\build\RobWorkSim\src\rwsimlibs\bullet\sdurwsim_bullet.vcxproj]
C:\Users\zgl18\AppData\Local\Temp\diag-level-work\RobWork\RobWorkSim\src\rwsimlibs\bullet\BtSimulator.cpp(326,82): warning C4244:         ] [C:\Users\zgl18\AppData\Local\Temp\diag-level-work\build\RobWorkSim\src\rwsimlibs\bullet\sdurwsim_bullet.vcxproj]
C:\Users\zgl18\AppData\Local\Temp\diag-level-work\RobWork\RobWorkSim\src\rwsimlibs\bullet\BtSimulator.cpp(328,74): warning C4244: “=”: 从“const T”转换到“btScalar”，可能丢失数据 [C:\Users\zgl18\AppData\Local\Temp\diag-level-work\build\RobWorkSim\src\rwsimlibs\bullet\sdurwsim_bullet.vcxproj]
C:\Users\zgl18\AppData\Local\Temp\diag-level-work\RobWork\RobWorkSim\src\rwsimlibs\bullet\BtSimulator.cpp(328,74): warning C4244:         with [C:\Users\zgl18\AppData\Local\Temp\diag-level-work\build\RobWorkSim\src\rwsimlibs\bullet\sdurwsim_bullet.vcxproj]
C:\Users\zgl18\AppData\Local\Temp\diag-level-work\RobWork\RobWorkSim\src\rwsimlibs\bullet\BtSimulator.cpp(328,74): warning C4244:         [ [C:\Users\zgl18\AppData\Local\Temp\diag-level-work\build\RobWorkSim\src\rwsimlibs\bullet\sdurwsim_bullet.vcxproj]
C:\Users\zgl18\AppData\Local\Temp\diag-level-work\RobWork\RobWorkSim\src\rwsimlibs\bullet\BtSimulator.cpp(328,74): warning C4244:             T=double [C:\Users\zgl18\AppData\Local\Temp\diag-level-work\build\RobWorkSim\src\rwsimlibs\bullet\sdurwsim_bullet.vcxproj]
C:\Users\zgl18\AppData\Local\Temp\diag-level-work\RobWork\RobWorkSim\src\rwsimlibs\bullet\BtSimulator.cpp(328,74): warning C4244:         ] [C:\Users\zgl18\AppData\Local\Temp\diag-level-work\build\RobWorkSim\src\rwsimlibs\bullet\sdurwsim_bullet.vcxproj]
C:\Users\zgl18\AppData\Local\Temp\diag-level-work\RobWork\RobWorkSim\src\rwsimlibs\bullet\BtSimulator.cpp(331,35): warning C4244: “=”: 从“const T”转换到“btScalar”，可能丢失数据 [C:\Users\zgl18\AppData\Local\Temp\diag-level-work\build\RobWorkSim\src\rwsimlibs\bullet\sdurwsim_bullet.vcxproj]
C:\Users\zgl18\AppData\Local\Temp\diag-level-work\RobWork\RobWorkSim\src\rwsimlibs\bullet\BtSimulator.cpp(331,35): warning C4244:         with [C:\Users\zgl18\AppData\Local\Temp\diag-level-work\build\RobWorkSim\src\rwsimlibs\bullet\sdurwsim_bullet.vcxproj]
C:\Users\zgl18\AppData\Local\Temp\diag-level-work\RobWork\RobWorkSim\src\rwsimlibs\bullet\BtSimulator.cpp(331,35): warning C4244:         [ [C:\Users\zgl18\AppData\Local\Temp\diag-level-work\build\RobWorkSim\src\rwsimlibs\bullet\sdurwsim_bullet.vcxproj]
C:\Users\zgl18\AppData\Local\Temp\diag-level-work\RobWork\RobWorkSim\src\rwsimlibs\bullet\BtSimulator.cpp(331,35): warning C4244:             T=double [C:\Users\zgl18\AppData\Local\Temp\diag-level-work\build\RobWorkSim\src\rwsimlibs\bullet\sdurwsim_bullet.vcxproj]
C:\Users\zgl18\AppData\Local\Temp\diag-level-work\RobWork\RobWorkSim\src\rwsimlibs\bullet\BtSimulator.cpp(331,35): warning C4244:         ] [C:\Users\zgl18\AppData\Local\Temp\diag-level-work\build\RobWorkSim\src\rwsimlibs\bullet\sdurwsim_bullet.vcxproj]
  Auto build dll exports
    正在创建库 C:/Users/zgl18/AppData/Local/Temp/diag-level-work/build/RobWorkSim/libs/Release/sdurwsim_bullet.lib 和对象 C:/Users/zgl18/AppData/Local/Temp/diag-level-work/build/RobWorkSim/libs/Release/sdurwsim_bullet.exp
  sdurwsim_bullet.vcxproj -> C:\Users\zgl18\AppData\Local\Temp\diag-level-work\build\RobWorkSim\bin\Release\sdurwsim_bullet.dll
D:\software\Microsoft Visual Studio\2022\Community\MSBuild\Microsoft\VC\v170\Microsoft.CppBuild.targets(541,5): warning MSB8029: 中间目录或输出目录无法驻留在临时目录下，因为这可能会导致增量生成出现问题。 [C:\Users\zgl18\AppData\Local\Temp\diag-level-work\build\RobWorkSim\src\rwsimlibs\bullet\bt_plugin.rwplugin.vcxproj]
  Automatic MOC and UIC for target bt_plugin.rwplugin
  Building Custom Rule C:/Users/zgl18/AppData/Local/Temp/diag-level-work/RobWork/RobWorkSim/src/rwsimlibs/bullet/CMakeLists.txt
  BtPlugin.cpp
  mocs_compilation_Release.cpp
D:\10_Source_Repos\21_robot\RobWork\vcpkg\installed\x64-windows\include\eigen3\Eigen\src\Core\products\Parallelizer.h(144,50): error C2589: “(”:“::”右边的非法标记 [C:\Users\zgl18\AppData\Local\Temp\diag-level-work\build\RobWorkSim\src\rwsimlibs\bullet\bt_plugin.rwplugin.vcxproj]
  (编译源文件“../../../../../RobWork/RobWorkSim/src/rwsimlibs/bullet/BtPlugin.cpp”)
  
D:\10_Source_Repos\21_robot\RobWork\vcpkg\installed\x64-windows\include\eigen3\Eigen\src\Core\products\Parallelizer.h(144,70): error C2059: 语法错误:“)” [C:\Users\zgl18\AppData\Local\Temp\diag-level-work\build\RobWorkSim\src\rwsimlibs\bullet\bt_plugin.rwplugin.vcxproj]
  (编译源文件“../../../../../RobWork/RobWorkSim/src/rwsimlibs/bullet/BtPlugin.cpp”)
  
D:\software\Microsoft Visual Studio\2022\Community\MSBuild\Microsoft\VC\v170\Microsoft.CppBuild.targets(541,5): warning MSB8029: 中间目录或输出目录无法驻留在临时目录下，因为这可能会导致增量生成出现问题。 [C:\Users\zgl18\AppData\Local\Temp\diag-level-work\build\RobWork\src\rwlibs\geometry\analytic_geometry\sdurw_analytic_geometry.vcxproj]
  Building Custom Rule C:/Users/zgl18/AppData/Local/Temp/diag-level-work/RobWork/RobWork/src/rwlibs/geometry/analytic_geometry/CMakeLists.txt
  QuadraticTestObjects.cpp
  Auto build dll exports
    正在创建库 C:/Users/zgl18/AppData/Local/Temp/diag-level-work/build/RobWork/libs/Release/sdurw_analytic_geometry.lib 和对象 C:/Users/zgl18/AppData/Local/Temp/diag-level-work/build/RobWork/libs/Release/sdurw_analytic_geometry.exp
  sdurw_analytic_geometry.vcxproj -> C:\Users\zgl18\AppData\Local\Temp\diag-level-work\build\RobWork\bin\Release\sdurw_analytic_geometry.dll
D:\software\Microsoft Visual Studio\2022\Community\MSBuild\Microsoft\VC\v170\Microsoft.CppBuild.targets(541,5): warning MSB8029: 中间目录或输出目录无法驻留在临时目录下，因为这可能会导致增量生成出现问题。 [C:\Users\zgl18\AppData\Local\Temp\diag-level-work\build\RobWork\src\rwlibs\geometry\analytic_geometry\sdurw_analytic_geometry.rwplugin.vcxproj]
  Building Custom Rule C:/Users/zgl18/AppData/Local/Temp/diag-level-work/RobWork/RobWork/src/rwlibs/geometry/analytic_geometry/CMakeLists.txt
  AnalyticGeometryPlugin.cpp
    正在创建库 C:/Users/zgl18/AppData/Local/Temp/diag-level-work/build/RobWork/bin/Release/sdurw_analytic_geometry.rwplugin.lib 和对象 C:/Users/zgl18/AppData/Local/Temp/diag-level-work/build/RobWork/bin/Release/sdurw_analytic_geometry.rwplugin.exp
  sdurw_analytic_geometry.rwplugin.vcxproj -> C:\Users\zgl18\AppData\Local\Temp\diag-level-work\build\RobWork\bin\Release\sdurw_analytic_geometry.rwplugin.dll
D:\software\Microsoft Visual Studio\2022\Community\MSBuild\Microsoft\VC\v170\Microsoft.CppBuild.targets(541,5): warning MSB8029: 中间目录或输出目录无法驻留在临时目录下，因为这可能会导致增量生成出现问题。 [C:\Users\zgl18\AppData\Local\Temp\diag-level-work\build\RobWork\src\rwlibs\proximitystrategies\sdurw_proximitystrategies.rwplugin.vcxproj]
  Building Custom Rule C:/Users/zgl18/AppData/Local/Temp/diag-level-work/RobWork/RobWork/src/rwlibs/proximitystrategies/CMakeLists.txt
  ProximityStrategyPlugin.cpp
    正在创建库 C:/Users/zgl18/AppData/Local/Temp/diag-level-work/build/RobWork/bin/Release/sdurw_proximitystrategies.rwplugin.lib 和对象 C:/Users/zgl18/AppData/Local/Temp/diag-level-work/build/RobWork/bin/Release/sdurw_proximitystrategies.rwplugin.exp
  sdurw_proximitystrategies.rwplugin.vcxproj -> C:\Users\zgl18\AppData\Local\Temp\diag-level-work\build\RobWork\bin\Release\sdurw_proximitystrategies.rwplugin.dll
D:\software\Microsoft Visual Studio\2022\Community\MSBuild\Microsoft\VC\v170\Microsoft.CppBuild.targets(541,5): warning MSB8029: 中间目录或输出目录无法驻留在临时目录下，因为这可能会导致增量生成出现问题。 [C:\Users\zgl18\AppData\Local\Temp\diag-level-work\build\RobWork\ext\csgjs\src\sdurw_csgjs.vcxproj]
  Building Custom Rule C:/Users/zgl18/AppData/Local/Temp/diag-level-work/RobWork/RobWork/ext/csgjs/src/CMakeLists.txt
  csgjs.cpp
  sdurw_csgjs.vcxproj -> C:\Users\zgl18\AppData\Local\Temp\diag-level-work\build\RobWork\libs\Release\sdurw_csgjs.lib
D:\software\Microsoft Visual Studio\2022\Community\MSBuild\Microsoft\VC\v170\Microsoft.CppBuild.targets(541,5): warning MSB8029: 中间目录或输出目录无法驻留在临时目录下，因为这可能会导致增量生成出现问题。 [C:\Users\zgl18\AppData\Local\Temp\diag-level-work\build\RobWork\src\rwlibs\csg\sdurw_csg.vcxproj]
  Building Custom Rule C:/Users/zgl18/AppData/Local/Temp/diag-level-work/RobWork/RobWork/src/rwlibs/csg/CMakeLists.txt
  CSGModel.cpp
  CSGModelFactory.cpp
  CSGConvert.cpp
  CSGUtil.cpp
  Auto build dll exports
    正在创建库 C:/Users/zgl18/AppData/Local/Temp/diag-level-work/build/RobWork/libs/Release/sdurw_csg.lib 和对象 C:/Users/zgl18/AppData/Local/Temp/diag-level-work/build/RobWork/libs/Release/sdurw_csg.exp
  sdurw_csg.vcxproj -> C:\Users\zgl18\AppData\Local\Temp\diag-level-work\build\RobWork\bin\Release\sdurw_csg.dll
D:\software\Microsoft Visual Studio\2022\Community\MSBuild\Microsoft\VC\v170\Microsoft.CppBuild.targets(541,5): warning MSB8029: 中间目录或输出目录无法驻留在临时目录下，因为这可能会导致增量生成出现问题。 [C:\Users\zgl18\AppData\Local\Temp\diag-level-work\build\RobWork\src\rwlibs\geometry\simplefinger\sdurw_simplefinger.vcxproj]
  Building Custom Rule C:/Users/zgl18/AppData/Local/Temp/diag-level-work/RobWork/RobWork/src/rwlibs/geometry/simplefinger/CMakeLists.txt
  SimpleFinger.cpp
  Auto build dll exports
    正在创建库 C:/Users/zgl18/AppData/Local/Temp/diag-level-work/build/RobWork/libs/Release/sdurw_simplefinger.lib 和对象 C:/Users/zgl18/AppData/Local/Temp/diag-level-work/build/RobWork/libs/Release/sdurw_simplefinger.exp
  sdurw_simplefinger.vcxproj -> C:\Users\zgl18\AppData\Local\Temp\diag-level-work\build\RobWork\bin\Release\sdurw_simplefinger.dll
D:\software\Microsoft Visual Studio\2022\Community\MSBuild\Microsoft\VC\v170\Microsoft.CppBuild.targets(541,5): warning MSB8029: 中间目录或输出目录无法驻留在临时目录下，因为这可能会导致增量生成出现问题。 [C:\Users\zgl18\AppData\Local\Temp\diag-level-work\build\RobWork\src\rwlibs\geometry\simplefinger\sdurw_simplefinger.rwplugin.vcxproj]
  Building Custom Rule C:/Users/zgl18/AppData/Local/Temp/diag-level-work/RobWork/RobWork/src/rwlibs/geometry/simplefinger/CMakeLists.txt
  SimpleFingerPlugin.cpp
    正在创建库 C:/Users/zgl18/AppData/Local/Temp/diag-level-work/build/RobWork/bin/Release/sdurw_simplefinger.rwplugin.lib 和对象 C:/Users/zgl18/AppData/Local/Temp/diag-level-work/build/RobWork/bin/Release/sdurw_simplefinger.rwplugin.exp
  sdurw_simplefinger.rwplugin.vcxproj -> C:\Users\zgl18\AppData\Local\Temp\diag-level-work\build\RobWork\bin\Release\sdurw_simplefinger.rwplugin.dll
D:\software\Microsoft Visual Studio\2022\Community\MSBuild\Microsoft\VC\v170\Microsoft.CppBuild.targets(541,5): warning MSB8029: 中间目录或输出目录无法驻留在临时目录下，因为这可能会导致增量生成出现问题。 [C:\Users\zgl18\AppData\Local\Temp\diag-level-work\build\RobWorkStudio\src\rwslibs\atask\sdurws_atask.vcxproj]
  Automatic MOC for target sdurws_atask
  Generating ui_ATaskVisPlugin.h
  Generating ui_StrategyLibraryDialog.h
  Generating ui_TaskSetupDialog.h
  Generating qrc_atask_resources.cpp
  Building Custom Rule C:/Users/zgl18/AppData/Local/Temp/diag-level-work/RobWork/RobWorkStudio/src/rwslibs/atask/CMakeLists.txt
  ATaskVisPlugin.cpp
  StrategyLibraryDialog.cpp
  TaskSetupDialog.cpp
  qrc_atask_resources.cpp
  mocs_compilation_Release.cpp
    正在创建库 C:/Users/zgl18/AppData/Local/Temp/diag-level-work/build/RobWorkStudio/libs/Release/sdurws_atask.lib 和对象 C:/Users/zgl18/AppData/Local/Temp/diag-level-work/build/RobWorkStudio/libs/Release/sdurws_atask.exp
  sdurws_atask.vcxproj -> C:\Users\zgl18\AppData\Local\Temp\diag-level-work\build\RobWorkStudio\libs\plugins\Release\sdurws_atask.dll
  D:\10_Source_Repos\21_robot\RobWork\vcpkg\installed\x64-windows\bin\boost_filesystem-vc143-mt-x64-1_92.dll -> C:\Users\zgl18\AppData\Local\Temp\diag-level-work\build\RobWorkStudio\libs\plugins\Release\boost_filesystem-vc143-mt-x64-1_92.dll done
D:\software\Microsoft Visual Studio\2022\Community\MSBuild\Microsoft\VC\v170\Microsoft.CppBuild.targets(541,5): warning MSB8029: 中间目录或输出目录无法驻留在临时目录下，因为这可能会导致增量生成出现问题。 [C:\Users\zgl18\AppData\Local\Temp\diag-level-work\build\RobWorkStudio\src\rwslibs\gtask\sdurws_gtask.vcxproj]
  Automatic MOC for target sdurws_gtask
  Generating ui_GTaskVisPlugin.h
  Generating qrc_gtask_resources.cpp
  Building Custom Rule C:/Users/zgl18/AppData/Local/Temp/diag-level-work/RobWork/RobWorkStudio/src/rwslibs/gtask/CMakeLists.txt
  GTaskVisPlugin.cpp
  qrc_gtask_resources.cpp
  mocs_compilation_Release.cpp
    正在创建库 C:/Users/zgl18/AppData/Local/Temp/diag-level-work/build/RobWorkStudio/libs/Release/sdurws_gtask.lib 和对象 C:/Users/zgl18/AppData/Local/Temp/diag-level-work/build/RobWorkStudio/libs/Release/sdurws_gtask.exp
  sdurws_gtask.vcxproj -> C:\Users\zgl18\AppData\Local\Temp\diag-level-work\build\RobWorkStudio\libs\plugins\Release\sdurws_gtask.dll
D:\software\Microsoft Visual Studio\2022\Community\MSBuild\Microsoft\VC\v170\Microsoft.CppBuild.targets(541,5): warning MSB8029: 中间目录或输出目录无法驻留在临时目录下，因为这可能会导致增量生成出现问题。 [C:\Users\zgl18\AppData\Local\Temp\diag-level-work\build\RobWorkStudio\src\rwslibs\industrialrobot\core\sdurws_ird_core.vcxproj]
  Automatic MOC for target sdurws_ird_core
  sdurws_ird_core.vcxproj -> C:\Users\zgl18\AppData\Local\Temp\diag-level-work\build\RobWorkStudio\libs\Release\sdurws_ird_core.lib
D:\software\Microsoft Visual Studio\2022\Community\MSBuild\Microsoft\VC\v170\Microsoft.CppBuild.targets(541,5): warning MSB8029: 中间目录或输出目录无法驻留在临时目录下，因为这可能会导致增量生成出现问题。 [C:\Users\zgl18\AppData\Local\Temp\diag-level-work\build\RobWorkStudio\src\rwslibs\industrialrobot\diagnostics\sdurws_ird_diagnostics.vcxproj]
  Automatic MOC for target sdurws_ird_diagnostics
  sdurws_ird_diagnostics.vcxproj -> C:\Users\zgl18\AppData\Local\Temp\diag-level-work\build\RobWorkStudio\libs\Release\sdurws_ird_diagnostics.lib
D:\software\Microsoft Visual Studio\2022\Community\MSBuild\Microsoft\VC\v170\Microsoft.CppBuild.targets(541,5): warning MSB8029: 中间目录或输出目录无法驻留在临时目录下，因为这可能会导致增量生成出现问题。 [C:\Users\zgl18\AppData\Local\Temp\diag-level-work\build\RobWorkStudio\src\rwslibs\industrialrobot\evidence\sdurws_ird_evidence.vcxproj]
  Automatic MOC for target sdurws_ird_evidence
  Building Custom Rule C:/Users/zgl18/AppData/Local/Temp/diag-level-work/RobWork/RobWorkStudio/src/rwslibs/industrialrobot/evidence/CMakeLists.txt
  Evidence.cpp
  Errors.cpp
  Snapshot.cpp
  Slice.cpp
  Verdict.cpp
  Envelope.cpp
  Currentness.cpp
  Compatibility.cpp
  Evaluator.cpp
  mocs_compilation_Release.cpp
  sdurws_ird_evidence.vcxproj -> C:\Users\zgl18\AppData\Local\Temp\diag-level-work\build\RobWorkStudio\libs\Release\sdurws_ird_evidence.lib
D:\software\Microsoft Visual Studio\2022\Community\MSBuild\Microsoft\VC\v170\Microsoft.CppBuild.targets(541,5): warning MSB8029: 中间目录或输出目录无法驻留在临时目录下，因为这可能会导致增量生成出现问题。 [C:\Users\zgl18\AppData\Local\Temp\diag-level-work\build\RobWorkStudio\src\rwslibs\industrialrobot\project\sdurws_ird_project.vcxproj]
  Automatic MOC for target sdurws_ird_project
  Building Custom Rule C:/Users/zgl18/AppData/Local/Temp/diag-level-work/RobWork/RobWorkStudio/src/rwslibs/industrialrobot/project/CMakeLists.txt
  Project.cpp
  Codec.cpp
  ObjectStore.cpp
  RevisionIndex.cpp
  TxEngine.cpp
  ProjectStoreImpl.cpp
  QueryPortImpl.cpp
  CommandServiceImpl.cpp
  ConfirmationFlow.cpp
  DraftServiceImpl.cpp
  UndoRedoServiceImpl.cpp
  ArchiveServiceImpl.cpp
  AtomicFile.cpp
  StoreLock.cpp
  PathCanonical.cpp
  mocs_compilation_Release.cpp
C:\Users\zgl18\AppData\Local\Temp\diag-level-work\RobWork\RobWorkStudio\src\rwslibs\industrialrobot\project\src\ProjectStoreImpl.cpp(794,5): warning C4297: “sdurws::ird::project::ProjectStore::handlerRegistry”: 假定函数不引发异常，但确实发生了 [C:\Users\zgl18\AppData\Local\Temp\diag-level-work\build\RobWorkStudio\src\rwslibs\industrialrobot\project\sdurws_ird_project.vcxproj]
      C:\Users\zgl18\AppData\Local\Temp\diag-level-work\RobWork\RobWorkStudio\src\rwslibs\industrialrobot\project\src\ProjectStoreImpl.cpp(794,5):
      在函数上指定了 __declspec(nothrow)、throw()、noexcept(true)或 noexcept
  
  sdurws_ird_project.vcxproj -> C:\Users\zgl18\AppData\Local\Temp\diag-level-work\build\RobWorkStudio\libs\Release\sdurws_ird_project.lib
D:\software\Microsoft Visual Studio\2022\Community\MSBuild\Microsoft\VC\v170\Microsoft.CppBuild.targets(541,5): warning MSB8029: 中间目录或输出目录无法驻留在临时目录下，因为这可能会导致增量生成出现问题。 [C:\Users\zgl18\AppData\Local\Temp\diag-level-work\build\RobWorkStudio\src\rwslibs\industrialrobot\execution\sdurws_ird_execution.vcxproj]
  Automatic MOC for target sdurws_ird_execution
  Building Custom Rule C:/Users/zgl18/AppData/Local/Temp/diag-level-work/RobWork/RobWorkStudio/src/rwslibs/industrialrobot/execution/CMakeLists.txt
  Execution.cpp
  Errors.cpp
  TaskTypes.cpp
  StateMachine.cpp
  Controller.cpp
  Scheduler.cpp
  RunRegistry.cpp
  Admission.cpp
  EventBus.cpp
  ChannelProtocol.cpp
  WorkerSupervisor.cpp
  Checkpoint.cpp
  CacheCoordinator.cpp
  ChannelPair.cpp
  JobScope.cpp
  MemProbe.cpp
  ProcessLauncher.cpp
  mocs_compilation_Release.cpp
D:\software\Microsoft Visual Studio\2022\Community\VC\Tools\MSVC\14.42.34433\include\xutility(4709,18): warning C4244: “=”: 从“const wchar_t”转换到“char”，可能丢失数据 [C:\Users\zgl18\AppData\Local\Temp\diag-level-work\build\RobWorkStudio\src\rwslibs\industrialrobot\execution\sdurws_ird_execution.vcxproj]
  (编译源文件“../../../../../../RobWork/RobWorkStudio/src/rwslibs/industrialrobot/execution/src/WorkerSupervisor.cpp”)
      D:\software\Microsoft Visual Studio\2022\Community\VC\Tools\MSVC\14.42.34433\include\xutility(4709,18):
      模板实例化上下文(最早的实例化上下文)为
          C:\Users\zgl18\AppData\Local\Temp\diag-level-work\RobWork\RobWorkStudio\src\rwslibs\industrialrobot\execution\src\WorkerSupervisor.cpp(301,43):
          查看对正在编译的函数 模板 实例化“std::basic_string<char,std::char_traits<char>,std::allocator<char>>::basic_string<std::_String_const_iterator<std::_String_val<std::_Simple_types<_Elem>>>,0>(_Iter,_Iter,const _Alloc &)”的引用
          with
          [
              _Elem=wchar_t,
              _Iter=std::_String_const_iterator<std::_String_val<std::_Simple_types<wchar_t>>>,
              _Alloc=std::allocator<char>
          ]
              C:\Users\zgl18\AppData\Local\Temp\diag-level-work\RobWork\RobWorkStudio\src\rwslibs\industrialrobot\execution\src\WorkerSupervisor.cpp(299,38):
              请参阅 "sdurws::ird::execution::WorkerSupervisor::spawnNewWorker" 中对 "std::basic_string<char,std::char_traits<char>,std::allocator<char>>::basic_string" 的第一个引用
          D:\software\Microsoft Visual Studio\2022\Community\VC\Tools\MSVC\14.42.34433\include\xstring(793,17):
          查看对正在编译的函数 模板 实例化“void std::basic_string<char,std::char_traits<char>,std::allocator<char>>::_Construct_from_iter<const wchar_t*,const wchar_t*,_Size_type>(_Iter,const _Sent,_Size)”的引用
          with
          [
              _Size_type=unsigned __int64,
              _Iter=const wchar_t *,
              _Sent=const wchar_t *,
              _Size=unsigned __int64
          ]
          D:\software\Microsoft Visual Studio\2022\Community\VC\Tools\MSVC\14.42.34433\include\xstring(949,18):
          查看对正在编译的函数 模板 实例化“_OutIt *std::_Copy_n_unchecked4<const wchar_t*,_Size,char*>(_InIt,_SizeTy,_OutIt)”的引用
          with
          [
              _OutIt=char *,
              _Size=unsigned __int64,
              _InIt=const wchar_t *,
              _SizeTy=unsigned __int64
          ]
  
  sdurws_ird_execution.vcxproj -> C:\Users\zgl18\AppData\Local\Temp\diag-level-work\build\RobWorkStudio\libs\Release\sdurws_ird_execution.lib
D:\software\Microsoft Visual Studio\2022\Community\MSBuild\Microsoft\VC\v170\Microsoft.CppBuild.targets(541,5): warning MSB8029: 中间目录或输出目录无法驻留在临时目录下，因为这可能会导致增量生成出现问题。 [C:\Users\zgl18\AppData\Local\Temp\diag-level-work\build\RobWorkStudio\src\rwslibs\industrialrobot\io\sdurws_ird_io.vcxproj]
  Automatic MOC for target sdurws_ird_io
  Building Custom Rule C:/Users/zgl18/AppData/Local/Temp/diag-level-work/RobWork/RobWorkStudio/src/rwslibs/industrialrobot/io/CMakeLists.txt
  Io.cpp
  SafePath.cpp
  Budget.cpp
  IoDiagnostics.cpp
  Csv.cpp
  Json.cpp
  ZipChannel.cpp
  ResourceIo.cpp
  TempArea.cpp
  AtomicFile.cpp
  Package.cpp
  mocs_compilation_Release.cpp
  sdurws_ird_io.vcxproj -> C:\Users\zgl18\AppData\Local\Temp\diag-level-work\build\RobWorkStudio\libs\Release\sdurws_ird_io.lib
D:\software\Microsoft Visual Studio\2022\Community\MSBuild\Microsoft\VC\v170\Microsoft.CppBuild.targets(541,5): warning MSB8029: 中间目录或输出目录无法驻留在临时目录下，因为这可能会导致增量生成出现问题。 [C:\Users\zgl18\AppData\Local\Temp\diag-level-work\build\RobWorkStudio\src\rwslibs\industrialrobot\policy\sdurws_ird_policy.vcxproj]
  Automatic MOC for target sdurws_ird_policy
  Building Custom Rule C:/Users/zgl18/AppData/Local/Temp/diag-level-work/RobWork/RobWorkStudio/src/rwslibs/industrialrobot/policy/CMakeLists.txt
  Policy.cpp
  Errors.cpp
  Diagnostics.cpp
  PolicyInput.cpp
  PolicyParsing.cpp
  PolicyPort.cpp
  SystemDefaultPolicy.cpp
  CollisionEvaluator.cpp
  CollisionQuery.cpp
  RobWorkCollisionEvaluator.cpp
  JointLimits.cpp
  Compatibility.cpp
  mocs_compilation_Release.cpp
  #include <rw/common/Exception.hpp> is deprecated use #include <rw/core/Exception.hpp> instead
  sdurws_ird_policy.vcxproj -> C:\Users\zgl18\AppData\Local\Temp\diag-level-work\build\RobWorkStudio\libs\Release\sdurws_ird_policy.lib
D:\software\Microsoft Visual Studio\2022\Community\MSBuild\Microsoft\VC\v170\Microsoft.CppBuild.targets(541,5): warning MSB8029: 中间目录或输出目录无法驻留在临时目录下，因为这可能会导致增量生成出现问题。 [C:\Users\zgl18\AppData\Local\Temp\diag-level-work\build\RobWorkStudio\src\rwslibs\industrialrobot\runtime\sdurws_ird_runtime.vcxproj]
  Automatic MOC for target sdurws_ird_runtime
  sdurws_ird_runtime.vcxproj -> C:\Users\zgl18\AppData\Local\Temp\diag-level-work\build\RobWorkStudio\libs\Release\sdurws_ird_runtime.lib
D:\software\Microsoft Visual Studio\2022\Community\MSBuild\Microsoft\VC\v170\Microsoft.CppBuild.targets(541,5): warning MSB8029: 中间目录或输出目录无法驻留在临时目录下，因为这可能会导致增量生成出现问题。 [C:\Users\zgl18\AppData\Local\Temp\diag-level-work\build\RobWorkStudio\src\rwslibs\industrialrobot\kinematics\sdurws_ird_kinematics.vcxproj]
  Automatic MOC for target sdurws_ird_kinematics
  Building Custom Rule C:/Users/zgl18/AppData/Local/Temp/diag-level-work/RobWork/RobWorkStudio/src/rwslibs/industrialrobot/kinematics/CMakeLists.txt
  Errors.cpp
  DiagCodes.cpp
  Fk.cpp
  Evaluators.cpp
  Evidence.cpp
  KinTypes.cpp
  Bounds.cpp
  Ik.cpp
  SolutionSet.cpp
  Sampling.cpp
  Collision.cpp
  Commands.cpp
  Export.cpp
  Recompute.cpp
  AnalysisConfig.cpp
  Render.cpp
  mocs_compilation_Release.cpp
  sdurws_ird_kinematics.vcxproj -> C:\Users\zgl18\AppData\Local\Temp\diag-level-work\build\RobWorkStudio\libs\Release\sdurws_ird_kinematics.lib
D:\software\Microsoft Visual Studio\2022\Community\MSBuild\Microsoft\VC\v170\Microsoft.CppBuild.targets(541,5): warning MSB8029: 中间目录或输出目录无法驻留在临时目录下，因为这可能会导致增量生成出现问题。 [C:\Users\zgl18\AppData\Local\Temp\diag-level-work\build\RobWorkStudio\src\rwslibs\industrialrobot\ui\sdurws_ird_ui.vcxproj]
  Automatic MOC for target sdurws_ird_ui
  Building Custom Rule C:/Users/zgl18/AppData/Local/Temp/diag-level-work/RobWork/RobWorkStudio/src/rwslibs/industrialrobot/ui/CMakeLists.txt
  Ui.cpp
  WorkbenchShell.cpp
  WorkbenchContent.cpp
  ShellSupport.cpp
  StatusProjection.cpp
  View3DPlaceholder.cpp
  CommandRegistry.cpp
  GlobalShortcutRegistry.cpp
  CommandPalette.cpp
  PolicySummaryCard.cpp
  DomainReadinessSummaryCard.cpp
  FormEditCommon.cpp
  ParamTablePanel.cpp
  UiText.cpp
  StageNavigationModel.cpp
  AboutDialog.cpp
  UiSessionController.cpp
  DraftController.cpp
  DiagnosticPresentation.cpp
  CommandInteractionBridge.cpp
  TaskPresentation.cpp
  PluginUiRegistrar.cpp
  HostController.cpp
  RuntimePublishBridge.cpp
  SelectionService.cpp
  IndustrialProjectTree.cpp
  PropertyInspector.cpp
  FlowLayout.cpp
  UiTheme.cpp
  mocs_compilation_Release.cpp
  sdurws_ird_ui.vcxproj -> C:\Users\zgl18\AppData\Local\Temp\diag-level-work\build\RobWorkStudio\libs\Release\sdurws_ird_ui.lib
D:\software\Microsoft Visual Studio\2022\Community\MSBuild\Microsoft\VC\v170\Microsoft.CppBuild.targets(541,5): warning MSB8029: 中间目录或输出目录无法驻留在临时目录下，因为这可能会导致增量生成出现问题。 [C:\Users\zgl18\AppData\Local\Temp\diag-level-work\build\RobWorkStudio\src\rwslibs\industrialrobot\kinematics\sdurws_ird_kinematics_plugin.vcxproj]
  Automatic MOC for target sdurws_ird_kinematics_plugin
  Building Custom Rule C:/Users/zgl18/AppData/Local/Temp/diag-level-work/RobWork/RobWorkStudio/src/rwslibs/industrialrobot/kinematics/CMakeLists.txt
  KinPanelUnits.cpp
  KinPanelCommandCatalog.cpp
  KinPanelModel.cpp
  KinPanelFlows.cpp
  KinematicsPanelWidget.cpp
  KinematicsUiModule.cpp
  KinHostMigrationProviders.cpp
  KinematicsPluginAssembly.cpp
  mocs_compilation_Release.cpp
C:\Users\zgl18\AppData\Local\Temp\diag-level-work\RobWork\RobWorkStudio\src\rwslibs\industrialrobot\kinematics\plugin\KinPanelTypes.hpp(329,8): warning C4099: “sdurws::ird::kinematics::KinModuleSessionState”: 类型名称以前使用“class”现在使用的是“struct” [C:\Users\zgl18\AppData\Local\Temp\diag-level-work\build\RobWorkStudio\src\rwslibs\industrialrobot\kinematics\sdurws_ird_kinematics_plugin.vcxproj]
  (编译源文件“../../../../../../RobWork/RobWorkStudio/src/rwslibs/industrialrobot/kinematics/plugin/KinematicsPluginAssembly.cpp”)
      C:\Users\zgl18\AppData\Local\Temp\diag-level-work\RobWork\RobWorkStudio\src\rwslibs\industrialrobot\kinematics\plugin\KinPanelTypes.hpp(329,8):
      参见“sdurws::ird::kinematics::KinModuleSessionState”的声明
  
  sdurws_ird_kinematics_plugin.vcxproj -> C:\Users\zgl18\AppData\Local\Temp\diag-level-work\build\RobWorkStudio\libs\Release\sdurws_ird_kinematics_plugin.lib
D:\software\Microsoft Visual Studio\2022\Community\MSBuild\Microsoft\VC\v170\Microsoft.CppBuild.targets(541,5): warning MSB8029: 中间目录或输出目录无法驻留在临时目录下，因为这可能会导致增量生成出现问题。 [C:\Users\zgl18\AppData\Local\Temp\diag-level-work\build\RobWorkStudio\src\rwslibs\industrialrobot\modeling\sdurws_ird_modeling.vcxproj]
  Automatic MOC for target sdurws_ird_modeling
  Building Custom Rule C:/Users/zgl18/AppData/Local/Temp/diag-level-work/RobWork/RobWorkStudio/src/rwslibs/industrialrobot/modeling/CMakeLists.txt
  ObjectTypes.cpp
  Errors.cpp
  DiagCodes.cpp
  RobotDesign.cpp
  Parts.cpp
  Codec.cpp
  PropertyEstimation.cpp
  Import.cpp
  XacroExpand.cpp
  Template.cpp
  StructureEdit.cpp
  GeometryLinkEdit.cpp
  Readiness.cpp
  CommandHandlers.cpp
  DhConvert.cpp
  CanonicalBridge.cpp
  Package.cpp
  ModelDiff.cpp
  PackageWorkCell.cpp
  mocs_compilation_Release.cpp
  sdurws_ird_modeling.vcxproj -> C:\Users\zgl18\AppData\Local\Temp\diag-level-work\build\RobWorkStudio\libs\Release\sdurws_ird_modeling.lib
D:\software\Microsoft Visual Studio\2022\Community\MSBuild\Microsoft\VC\v170\Microsoft.CppBuild.targets(541,5): warning MSB8029: 中间目录或输出目录无法驻留在临时目录下，因为这可能会导致增量生成出现问题。 [C:\Users\zgl18\AppData\Local\Temp\diag-level-work\build\RobWorkStudio\src\rwslibs\industrialrobot\modeling\sdurws_ird_modeling_plugin.vcxproj]
  Automatic MOC for target sdurws_ird_modeling_plugin
  Building Custom Rule C:/Users/zgl18/AppData/Local/Temp/diag-level-work/RobWork/RobWorkStudio/src/rwslibs/industrialrobot/modeling/CMakeLists.txt
  PanelModel.cpp
  PanelEditFlow.cpp
  GeometryResourceFlow.cpp
  PanelCommandCatalog.cpp
  HostMigrationProviders.cpp
  ModelingPanelWidget.cpp
  ModelingUiModule.cpp
  ModelingCommandFlows.cpp
  ModelingAuthorityFlows.cpp
  ModelingXacroBridge.cpp
  ModelingPluginAssembly.cpp
  mocs_compilation_Release.cpp
C:\Users\zgl18\AppData\Local\Temp\diag-level-work\RobWork\RobWorkStudio\src\rwslibs\industrialrobot\modeling\plugin\ModelingCommandFlows.hpp(41,7): warning C4099: “sdurws::ird::core::ObjectId”: 类型名称以前使用“struct”现在使用的是“class” [C:\Users\zgl18\AppData\Local\Temp\diag-level-work\build\RobWorkStudio\src\rwslibs\industrialrobot\modeling\sdurws_ird_modeling_plugin.vcxproj]
  (编译源文件“../../../../../../RobWork/RobWorkStudio/src/rwslibs/industrialrobot/modeling/plugin/ModelingCommandFlows.cpp”)
      C:\Users\zgl18\AppData\Local\Temp\diag-level-work\RobWork\RobWorkStudio\src\rwslibs\industrialrobot\core\include\sdurws\ird\core\Identity.hpp(104,1):
      参见“sdurws::ird::core::ObjectId”的声明
  
C:\Users\zgl18\AppData\Local\Temp\diag-level-work\RobWork\RobWorkStudio\src\rwslibs\industrialrobot\modeling\plugin\ModelingCommandFlows.hpp(41,7): warning C4099: “sdurws::ird::core::ObjectId”: 类型名称以前使用“struct”现在使用的是“class” [C:\Users\zgl18\AppData\Local\Temp\diag-level-work\build\RobWorkStudio\src\rwslibs\industrialrobot\modeling\sdurws_ird_modeling_plugin.vcxproj]
  (编译源文件“../../../../../../RobWork/RobWorkStudio/src/rwslibs/industrialrobot/modeling/plugin/ModelingUiModule.cpp”)
      C:\Users\zgl18\AppData\Local\Temp\diag-level-work\RobWork\RobWorkStudio\src\rwslibs\industrialrobot\core\include\sdurws\ird\core\Identity.hpp(104,1):
      参见“sdurws::ird::core::ObjectId”的声明
  
C:\Users\zgl18\AppData\Local\Temp\diag-level-work\RobWork\RobWorkStudio\src\rwslibs\industrialrobot\modeling\plugin\ModelingCommandFlows.hpp(41,7): warning C4099: “sdurws::ird::core::ObjectId”: 类型名称以前使用“struct”现在使用的是“class” [C:\Users\zgl18\AppData\Local\Temp\diag-level-work\build\RobWorkStudio\src\rwslibs\industrialrobot\modeling\sdurws_ird_modeling_plugin.vcxproj]
  (编译源文件“../../../../../../RobWork/RobWorkStudio/src/rwslibs/industrialrobot/modeling/plugin/ModelingAuthorityFlows.cpp”)
      C:\Users\zgl18\AppData\Local\Temp\diag-level-work\RobWork\RobWorkStudio\src\rwslibs\industrialrobot\core\include\sdurws\ird\core\Identity.hpp(104,1):
      参见“sdurws::ird::core::ObjectId”的声明
  
C:\Users\zgl18\AppData\Local\Temp\diag-level-work\RobWork\RobWorkStudio\src\rwslibs\industrialrobot\modeling\plugin\ModelingCommandFlows.cpp(588,37): warning C4003: 类函数宏的调用“QStringLiteral”参数不足 [C:\Users\zgl18\AppData\Local\Temp\diag-level-work\build\RobWorkStudio\src\rwslibs\industrialrobot\modeling\sdurws_ird_modeling_plugin.vcxproj]
C:\Users\zgl18\AppData\Local\Temp\diag-level-work\RobWork\RobWorkStudio\src\rwslibs\industrialrobot\modeling\plugin\ModelingCommandFlows.cpp(588,37): warning C4003: 类函数宏的调用“QT_UNICODE_LITERAL”参数不足 [C:\Users\zgl18\AppData\Local\Temp\diag-level-work\build\RobWorkStudio\src\rwslibs\industrialrobot\modeling\sdurws_ird_modeling_plugin.vcxproj]
  sdurws_ird_modeling_plugin.vcxproj -> C:\Users\zgl18\AppData\Local\Temp\diag-level-work\build\RobWorkStudio\libs\Release\sdurws_ird_modeling_plugin.lib
D:\software\Microsoft Visual Studio\2022\Community\MSBuild\Microsoft\VC\v170\Microsoft.CppBuild.targets(541,5): warning MSB8029: 中间目录或输出目录无法驻留在临时目录下，因为这可能会导致增量生成出现问题。 [C:\Users\zgl18\AppData\Local\Temp\diag-level-work\build\RobWorkStudio\src\rwslibs\industrialrobot\requirements\sdurws_ird_requirements.vcxproj]
  Automatic MOC for target sdurws_ird_requirements
  Building Custom Rule C:/Users/zgl18/AppData/Local/Temp/diag-level-work/RobWork/RobWorkStudio/src/rwslibs/industrialrobot/requirements/CMakeLists.txt
  ObjectTypes.cpp
  Errors.cpp
  DiagCodes.cpp
  RequirementTypes.cpp
  Codec.cpp
  Editor.cpp
  Services.cpp
  Sampling.cpp
  Import.cpp
  Readiness.cpp
  CommandHandlers.cpp
  OrientationResolution.cpp
  Capture.cpp
  TemplateArray.cpp
  mocs_compilation_Release.cpp
  sdurws_ird_requirements.vcxproj -> C:\Users\zgl18\AppData\Local\Temp\diag-level-work\build\RobWorkStudio\libs\Release\sdurws_ird_requirements.lib
D:\software\Microsoft Visual Studio\2022\Community\MSBuild\Microsoft\VC\v170\Microsoft.CppBuild.targets(541,5): warning MSB8029: 中间目录或输出目录无法驻留在临时目录下，因为这可能会导致增量生成出现问题。 [C:\Users\zgl18\AppData\Local\Temp\diag-level-work\build\RobWorkStudio\src\rwslibs\industrialrobot\requirements\sdurws_ird_requirements_plugin.vcxproj]
  Automatic MOC for target sdurws_ird_requirements_plugin
  Building Custom Rule C:/Users/zgl18/AppData/Local/Temp/diag-level-work/RobWork/RobWorkStudio/src/rwslibs/industrialrobot/requirements/CMakeLists.txt
  PanelTreeModel.cpp
  PanelStationModel.cpp
  PanelRegionModel.cpp
  PanelConditionModel.cpp
  PanelValidationModel.cpp
  PanelCommandCatalog.cpp
  PanelEditFlow.cpp
  ImportWizardFlow.cpp
  RequirementsCommandFlows.cpp
  HostMigrationProviders.cpp
  RequirementsPanelWidget.cpp
  RequirementsUiModule.cpp
  RequirementsPluginAssembly.cpp
  mocs_compilation_Release.cpp
C:\Users\zgl18\AppData\Local\Temp\diag-level-work\RobWork\RobWorkStudio\src\rwslibs\industrialrobot\requirements\plugin\PanelEditFlow.hpp(70,7): warning C4099: “sdurws::ird::requirements::IRequirementEditSink”: 类型名称以前使用“struct”现在使用的是“class” [C:\Users\zgl18\AppData\Local\Temp\diag-level-work\build\RobWorkStudio\src\rwslibs\industrialrobot\requirements\sdurws_ird_requirements_plugin.vcxproj]
  (编译源文件“../../../../../../RobWork/RobWorkStudio/src/rwslibs/industrialrobot/requirements/plugin/RequirementsCommandFlows.cpp”)
      C:\Users\zgl18\AppData\Local\Temp\diag-level-work\RobWork\RobWorkStudio\src\rwslibs\industrialrobot\requirements\plugin\PanelEditFlow.hpp(70,7):
      参见“sdurws::ird::requirements::IRequirementEditSink”的声明
  
C:\Users\zgl18\AppData\Local\Temp\diag-level-work\RobWork\RobWorkStudio\src\rwslibs\industrialrobot\requirements\plugin\RequirementsCommandFlows.hpp(34,8): warning C4099: “sdurws::ird::requirements::IRequirementEditSink”: 类型名称以前使用“class”现在使用的是“struct” [C:\Users\zgl18\AppData\Local\Temp\diag-level-work\build\RobWorkStudio\src\rwslibs\industrialrobot\requirements\sdurws_ird_requirements_plugin.vcxproj]
  (编译源文件“../../../../../../RobWork/RobWorkStudio/src/rwslibs/industrialrobot/requirements/plugin/RequirementsPanelWidget.cpp”)
      C:\Users\zgl18\AppData\Local\Temp\diag-level-work\RobWork\RobWorkStudio\src\rwslibs\industrialrobot\requirements\plugin\PanelEditFlow.hpp(70,7):
      参见“sdurws::ird::requirements::IRequirementEditSink”的声明
  
  sdurws_ird_requirements_plugin.vcxproj -> C:\Users\zgl18\AppData\Local\Temp\diag-level-work\build\RobWorkStudio\libs\Release\sdurws_ird_requirements_plugin.lib
D:\software\Microsoft Visual Studio\2022\Community\MSBuild\Microsoft\VC\v170\Microsoft.CppBuild.targets(541,5): warning MSB8029: 中间目录或输出目录无法驻留在临时目录下，因为这可能会导致增量生成出现问题。 [C:\Users\zgl18\AppData\Local\Temp\diag-level-work\build\RobWorkStudio\src\rwslibs\industrialrobot\ui\sdurws_ird_ui_plugin.vcxproj]
  Automatic MOC for target sdurws_ird_ui_plugin
  Building Custom Rule C:/Users/zgl18/AppData/Local/Temp/diag-level-work/RobWork/RobWorkStudio/src/rwslibs/industrialrobot/ui/CMakeLists.txt
  UiPlugin.cpp
  DomainAssembly.cpp
  DomainModuleRunner.cpp
  HostView3DGateway.cpp
  HostView3DPreviewBackend.cpp
  HostCompilePort.cpp
  HostPresentationAdapters.cpp
  KinEvaluationChannel.cpp
  PortAdapters.cpp
  DiagnosticsAssembly.cpp
  mocs_compilation_Release.cpp
C:\Users\zgl18\AppData\Local\Temp\diag-level-work\RobWork\RobWorkStudio\src\rwslibs\industrialrobot\ui\plugin\UiPlugin.hpp(97,7): warning C4099: “sdurws::ird::core::ProjectId”: 类型名称以前使用“struct”现在使用的是“class” [C:\Users\zgl18\AppData\Local\Temp\diag-level-work\build\RobWorkStudio\src\rwslibs\industrialrobot\ui\sdurws_ird_ui_plugin.vcxproj]
  (编译源文件“../../../../../../RobWork/RobWorkStudio/src/rwslibs/industrialrobot/ui/plugin/UiPlugin.cpp”)
      C:\Users\zgl18\AppData\Local\Temp\diag-level-work\RobWork\RobWorkStudio\src\rwslibs\industrialrobot\core\include\sdurws\ird\core\Identity.hpp(108,1):
      参见“sdurws::ird::core::ProjectId”的声明
  
C:\Users\zgl18\AppData\Local\Temp\diag-level-work\RobWork\RobWorkStudio\src\rwslibs\industrialrobot\ui\plugin\UiPlugin.hpp(97,7): warning C4099: “sdurws::ird::core::ProjectId”: 类型名称以前使用“struct”现在使用的是“class” [C:\Users\zgl18\AppData\Local\Temp\diag-level-work\build\RobWorkStudio\src\rwslibs\industrialrobot\ui\sdurws_ird_ui_plugin.vcxproj]
  (编译源文件“sdurws_ird_ui_plugin_autogen/mocs_compilation_Release.cpp”)
      C:\Users\zgl18\AppData\Local\Temp\diag-level-work\RobWork\RobWorkStudio\src\rwslibs\industrialrobot\core\include\sdurws\ird\core\Identity.hpp(108,1):
      参见“sdurws::ird::core::ProjectId”的声明
  
    正在创建库 C:/Users/zgl18/AppData/Local/Temp/diag-level-work/build/RobWorkStudio/libs/Release/sdurws_ird_ui_plugin.lib 和对象 C:/Users/zgl18/AppData/Local/Temp/diag-level-work/build/RobWorkStudio/libs/Release/sdurws_ird_ui_plugin.exp
  sdurws_ird_ui_plugin.vcxproj -> C:\Users\zgl18\AppData\Local\Temp\diag-level-work\build\RobWorkStudio\libs\Release\sdurws_ird_ui_plugin.dll
  D:\10_Source_Repos\21_robot\RobWork\vcpkg\installed\x64-windows\bin\pugixml.dll -> C:\Users\zgl18\AppData\Local\Temp\diag-level-work\build\RobWorkStudio\libs\Release\pugixml.dll done
  D:\10_Source_Repos\21_robot\RobWork\vcpkg\installed\x64-windows\bin\zip.dll -> C:\Users\zgl18\AppData\Local\Temp\diag-level-work\build\RobWorkStudio\libs\Release\zip.dll done
  D:\10_Source_Repos\21_robot\RobWork\vcpkg\installed\x64-windows\bin\bz2.dll -> C:\Users\zgl18\AppData\Local\Temp\diag-level-work\build\RobWorkStudio\libs\Release\bz2.dll done
  D:\10_Source_Repos\21_robot\RobWork\vcpkg\installed\x64-windows\bin\z.dll -> C:\Users\zgl18\AppData\Local\Temp\diag-level-work\build\RobWorkStudio\libs\Release\z.dll done
  D:\10_Source_Repos\21_robot\RobWork\vcpkg\installed\x64-windows\bin\libexpat.dll -> C:\Users\zgl18\AppData\Local\Temp\diag-level-work\build\RobWorkStudio\libs\Release\libexpat.dll done
  D:\10_Source_Repos\21_robot\RobWork\vcpkg\installed\x64-windows\bin\boost_filesystem-vc143-mt-x64-1_92.dll -> C:\Users\zgl18\AppData\Local\Temp\diag-level-work\build\RobWorkStudio\libs\Release\boost_filesystem-vc143-mt-x64-1_92.dll done
D:\software\Microsoft Visual Studio\2022\Community\MSBuild\Microsoft\VC\v170\Microsoft.CppBuild.targets(541,5): warning MSB8029: 中间目录或输出目录无法驻留在临时目录下，因为这可能会导致增量生成出现问题。 [C:\Users\zgl18\AppData\Local\Temp\diag-level-work\build\RobWorkStudio\src\rws\sdurws_plugin.rwplugin.vcxproj]
  Automatic MOC for target sdurws_plugin.rwplugin
  Building Custom Rule C:/Users/zgl18/AppData/Local/Temp/diag-level-work/RobWork/RobWorkStudio/src/rws/CMakeLists.txt
  RWSImageLoaderPlugin.cpp
  mocs_compilation_Release.cpp
    正在创建库 C:/Users/zgl18/AppData/Local/Temp/diag-level-work/build/RobWorkStudio/bin/Release/sdurws_plugin.rwplugin.lib 和对象 C:/Users/zgl18/AppData/Local/Temp/diag-level-work/build/RobWorkStudio/bin/Release/sdurws_plugin.rwplugin.exp
  sdurws_plugin.rwplugin.vcxproj -> C:\Users\zgl18\AppData\Local\Temp\diag-level-work\build\RobWorkStudio\bin\Release\sdurws_plugin.rwplugin.dll
EXIT=1
